首先通过运动目标检测算法定位出目标运动热点区域;然后使用卷积神经网络识别热点区域中的车辆;最后使用卷积神经网络从定位的车辆图片中识别车牌\卷积神经网络\运动目标检测算法
然后采用快速边缘检测方法和二维高斯概率密度函数构建候选区域模板, 从待检测CT序列中获取候选区域并将其作为多输入卷积神经网络的输入数据\多输入卷积神经网络\二维高斯概率密度函数
对视频图像确立感兴趣区域, 进行预处理;通过改进Vi Be算法提取运动目标, 引入多尺度滑窗算法确定识别区域;结合连续多帧识别区域进行改进卷积神经网络算法的异常行为识别, 通过识别结果判断公交车内人群是否异常\卷积神经网络\多尺度滑窗算法
为解决这一难题, 提出一种结合高斯混合模型的HSV颜色空间阴影检测算法\高斯混合模型\HSV颜色空间阴影检测算法
算法首先采用Sobel算子边缘检测和边缘对称性分析获取车牌候选区域;然后将候选区域输入到主成分分析网络中进行车牌深度特征提取, 并利用支持向量机实现对车牌区域的判别;最后采用非极大值抑制算法标记最佳车牌检测区域\支持向量机\非极大值抑制算法
扩展搜索通过连续、非连续以及弯曲搜索检测初始位置的边界区间, 混合贝塞尔曲线模型用双贝塞尔曲线重建车道曲率变化较大的外边界\混合贝塞尔曲线模型\扩展搜索
首先, 根据车位只需用两种状态来表示其占空的特点, 对传统卷积神经网络结构进行改进, 提出迷你卷积神经网络 (MCNN) 的概念;然后, 通过减少网络参数来减少训练和识别时间, 并在网络中加入局部响应归一化层以加强对明度的校正, 以及使用小卷积核来获取更多图像细节;最后, 对视频帧图进行手动掩码设置, 通过边缘检测切割成单个车位图, 并使用训练好的MCNN进行车位识别\MCNN\归一化
通过改进ViolaJones方法进行人脸区域快速分割, 在不损失速度的情况下提高分割精度;同时应用了光流估计方法将卷积神经网络子网络在离散关键帧上的特征提取结果传播至非关键帧, 提高神经网络实际检测运行效率\卷积神经网络\光流估计方法
首先对背景帧深度数据和目标帧深度数据使用滤波方法进行预处理, 并采用高斯模型对运动目标进行检测;然后通过水平和垂直投影直方图将深度图转换为视差图以得到地面信息, 并用最小二乘法估计地面方程的参数;最后分析人体对象的动态信息, 针对室内独居老人摔倒检测, 假设室内只有一个运动个体, 对于目标帧深度图像, 计算人体重心与地面之间的距离\高斯模型\最小二乘法
该模型引入隐写检测模型 (Rich Models for Steganalysis, SRM) 中的多种残差类型来改进传统马尔科夫特征, 从R, G, B 3个通道分别提取10种不同类型的马尔科夫特征, 训练30个独立的SVM分类器, 最后通过决策判断进行分类预测\SVM分类器\马尔科夫特征
首先, 在视频前n帧序列的帧差法中, 引入大津 (OTSU) 算法求自适应阈值, 以分割出更为准确的前景区域;其次, 利用去除前景区域的前n帧图像合成一张尽量少的包含前景区域的样本图像;最后利用扩展的邻域范围在合成的样本图像中对模型初始化, 并把扩大的范围用在ViBe背景模型更新阶段\ViBe背景模型\OTSU
为此, 提出一种基于全卷积神经网络的目标检测算法\全卷积神经网络\目标检测算法
分别采用LBP (local binary pattern) 纹理处理和梯度处理对选择性注意层进行训练, 对比训练结果得到最优模型\选择性注意层\梯度处理
提出一种基于BP神经网络模型的网络时序型隐信道检测方法\BP神经网络模型\网络时序型隐信道检测
本文首先简要介绍了目前已有的几种时序型隐信道和时序型隐信道检测算法的相关情况;然后给出基于BP神经网络的时序型隐信道检测模型的体系结构设计, 详细介绍检测模型中BP神经网络部分的结构设计;最后, 设计实验评估检测模型的性能\BP神经网络\时序型隐信道
利用混合高斯模型, 提出了一种改进的背景差分法, 主要用来提取焊缝缺陷的特征区域\混合高斯模型\背景差分法
设计了一个基于Hu矩的支持向量机分类器对车型进行分类, 对分类为载货汽车的对象通过霍夫变换检测提取矩形车厢\支持向量机\霍夫变换
首先, 通过混合高斯模型建立背景图像, 利用背景差分法分离运动区域\混合高斯模型\背景差分法
针对城市道路复杂环境下的交通信号灯的检测和识别需求, 依据多帧视频图像序列的时空连续变化关系构建多帧视频图像的时空关系模型 (Time-Space Model, TSM) , 提出了一种新的基于多帧视频图像序列的交通信号灯的检测和识别算法\多帧视频图像的时空关系模型\基于多帧视频图像序列的交通信号灯的检测和识别算法
推广整数阶边缘检测模型, 将分数阶微分的维数扩至二维;对分数阶微分的阶次进行选择, 构建基于二维分数阶泰勒级数权矩阵;以分数阶权矩阵为基础, 对整数阶Sobel算子进行分数阶滤波, 设计分数阶权矩阵滤波器, 检测图像边缘\边缘检测模型\Sobel算子
采用Vibe算法提取前景目标区域, 得到二值掩膜图像, 降低背景区域引起的虚警现象和时间耗费;在前景区域提取方向梯度直方图特征, 采用支持向量机分类器检测行人目标, 得到行人目标矩形窗口集;基于二值掩膜图像和行人目标矩形窗口集, 计算各像素点属于行人目标的先验概率和似然, 基于贝叶斯理论估计后验概率, 生成概率图像;采用OTSU方法自适应分割概率图像, 得到每一帧图像最终的行人目标检测结果\支持向量机\OTSU
然后利用STC跟踪算法进行下一帧计算, 对计算得到的获选目标与前一帧目标进行空间上下文的相似性计算, 即保守相似度计算以及运动相似度计算, 进行跟踪结果的有效判断, 若判定有效, 则输出过程与TLD的一样;如果判定失效, 将此时的上下文时空模型加入到目标时空模型\目标时空模型\TLD
针对这一问题, 提出了基于芯片辐射的异常检测方案, 以物联网设备在工作时向外辐射的电磁波信号作为检测依据, 采用遗传算法和近似熵理论对原始信号进行特征提取和选择后, 利用一类支持向量机对正常行为产生的辐射信号进行训练\支持向量机\近似熵理论
针对工控网络异常行为与入侵行为的差异性, 为降低漏报率和误报率并且为提高异常检测的准确率, 提出基于单类支持向量机的双轮廓模型异常检测方法, 模拟工控系统通讯的正常模态和异常模态, 通过协同判别机制实现工控系统网络的异常检测\单类支持向量机\双轮廓模型异常检测方法
为了能够最大限度对全局、局部离群数据以及离群簇的全面检测, 基于iForest、LOF、DBSCAN分别对于全局离群点、局部离群点、离群簇的高度敏感度, 选定该三种特定基分类器, 并且改变其目标函数, 修正框架的错误率计算方式, 进行融合, 形成了新的离群数据检测模型ILD-BOOST\离群数据检测模型ILD-BOOST\DBSCAN
对此提出一种基于垂直区域回归网络的算法, 首先采用Hough算法对部分场景图像进行倾斜校正预处理;其次在训练阶段基于groundtruth框与候选框Anchor在垂直方向上IOU值 (交集与并集之比) 大于某个阈值的情况下选择正样本, 且在垂直方向上对正样本进行分类回归;最后由多个相邻Anchor合并形成文本区域\分类回归\Hough算法
针对在待检对象尺度变化较大的情况下, 基于对象检测的人数统计方法的准确率大幅下降的问题, 提出一种基于自适应叠合分割与深度神经网络的人数统计方法\深度神经网络\自适应叠合分割
首先对图像进行滤波平滑和超像素分割, 并从边界与内部超像素中挑选可靠的背景种子构建稀疏字典;然后基于该字典对整幅图像进行稀疏恢复, 根据稀疏恢复误差生成初始显著图;再运用改进的基于聚类的二次优化模型对初始显著图进行优化;最后经过多尺度融合得到最终显著图\二次优化模型\聚类
基于算法级联的方式, 利用新型线性修正单元 (PReLU) 激活函数对极限学习机算法进行优化, 采用设置距离阈值的方式, 实现K-means算法自动选择初始聚类中心与聚类簇数目的双重优化, 设计了一种混合式入侵检测方法\新型线性修正单元\入侵检测方法
对卷积神经网络, 提出一种复合的并行卷积神经网络, CNN使用二均值池化策略, 并综合批量归一化BN (batch normalization) 方法和多类型非线性单元提高算法检测性能, 通过双线并行的卷积神经网络对活体人脸进行检测\卷积神经网络\二均值池化
船舶识别中图像的背景因素极其复杂, 因此, 结合显著性检测算法, 从图像中分离出待识别的船舶, 通过卷积神经网络进行船舶识别\卷积神经网络\显著性检测算法
鉴于显著性检测很难在复杂图像中完整的分离背景和前景, 提出两种改进卷积神经网络的方法, 即“中心-扩散池化”卷积神经网络和“前景-扩散池化”卷积神经网络\卷积神经网络\前景-扩散池化
建立全景系统的成像参数模型, 根据全景视觉系统模型进行投影点解算, 得到待检目标“矮粗化”的柱面展开图, 修改YOLO的网络结构中纵向网格数量, 使其适应“矮粗化”的待检目标\全景视觉系统模型\YOLO
设计孪生卷积神经网络计算立体图像对的视差图;提出道路直线自适应阈值提取算法, 精确提取V视差图中道路直线;利用光栅扫描法逐点判断像素点是否为障碍点, 生成障碍检测图\孪生卷积神经网络\自适应阈值提取算法
最后, 将过滤后窗口聚类处理并择优选取作为AdaBoost分类器输入, 进行检测评判, 并对最终检测结果进行边框回归处理, 以提升检测精准度\AdaBoost分类器\回归
通过建立一种基于不确定性理论的节点信誉度混合评估模型, 对信息源节点的可信程度进行评估, 结合信息源节点的信誉度, 建立车辆节点行为可信决策机制, 该机制采用C-means算法进行信息可信评估, 辅助车辆节点根据收到信息的可信与否做出相应的行为决策\基于不确定性理论的节点信誉度混合评估模型\C-means算法
为了在各类资源约束的前提下最小化通信开销, 在建立并论证Storm资源约束模型、最优通信开销模型和任务迁移模型的基础上, 提出一种异构Storm环境下的任务迁移策略 (task migration strategy for heterogeneous Storm cluster, TMSH-Storm) , 包括源节点选择算法和任务迁移算法\任务迁移模型\任务迁移算法
人工构造数据和真实网络数据的对比实验结果表明, TCMSN算法能够生成可调节聚集系数和模块性的无标度网络模型, 且能够生成最接近真实网络社区结构特征的网络模型\网络模型\TCMSN算法
首先, 该文基于故障实时检测方法, 提出了一种节点邻32链路故障实时感知机制, 能感知当前节点周围32条链路的故障情况;其次, 引入并扩展了路由器延迟模型, 提出了一种高效的拥堵信息感知及计算方案;最后, 制定故障与拥堵处理优先级, 设计基于逻辑电路的故障处理模块以及高效的拥堵处理模块, 并提出死锁及活锁避免方法, 构建了一套完备的片上容错路由算法\路由器延迟模型\片上容错路由算法
首先, 根据节点在信息交互中的行为表现建立节点间的信任评估模型, 进而给出节点总体信任值的度量方法;然后, 对于总体信任值高于信任阈值的节点, 采用基于信任的自适应检测算法实时地检测这些节点总体信任值的变化情况;最终, 中继节点根据自适应检测的结果决定是否验证接收到的消息\信任评估模型\基于信任的自适应检测算法
基于线性预测模型和Heartbeat机制提出LRPH算法来抵制丢包带来的影响, 并且及时监测传感器是否故障\线性预测模型\LRPH算法
针对内容中心网缓存算法进行研究, 介绍了CCN网络模型, 并针对具体算法做出分析, 概括总结了其优缺点\CCN网络模型\内容中心网缓存算法
为此, 设计了一种新的拓扑保留图模型——基于多极值点选择的分布式拓扑图生成算法 (Multiple Extreme Node Search-Distributed Topology Preserving Maps, MENS-DTPM) , 其中包括一种基于极值点选择的参考节点选择方法以及一种基于TPMs的分布式拓扑坐标生成算法\拓扑保留图模型\基于TPMs的分布式拓扑坐标生成算法
针对无线传感网随规模的扩大其节点能量利用率较低的问题, 提出了一种适用于大规模无线传感网的基于泊松混合模型的成簇路由协议 (CRPMM) \泊松混合模型\无线传感网随规模的扩大其节点能量利用率较低的问题
其核心思想是:在基站利用K-means++算法通过聚类有效性指标估计簇的数目K值, 然后运用泊松混合模型将节点合理聚类, 以保证聚类效果最优;簇间采用中继簇首转发方式, 综合考虑簇首剩余能量、簇首之间的距离以及多跳路径与理想最优路径之间的角度\泊松混合模型\K-means++算法
首先, 鉴于用户终端的随机分布特性, 将网络中的用户节点建模为泊松簇过程, 基于节点设备能量、通信距离建立卸载模型, 设计自适应簇首选择权值公式;其次, 遍历节点的能量与距离加权和并采用贪婪算法局部最优原则选取簇首节点, 从而对用户节点通信距离进行优化, 确保用户能耗最低以延长其生存周期, 同时提高系统的卸载率\卸载模型\贪婪算法
为了识别重要节点, 构建出加权CPD网络模型, 提出基于平均路径以内邻居核数的节点重要性排序算法, 以解决排序过程中考虑因素的不全面性及算法过程的复杂性\加权CPD网络模型\节点重要性排序算法
首先, 建立网络攻防博弈模型, 证明了该模型混合策略纳什均衡的存在性;然后, 给出了基于该模型的网络攻防策略选取算法, 包括基于网络攻防策略图的攻防策略搜索算法、攻防双方不同策略下基于通用漏洞评分系统的效用函数量化计算方法和混合策略纳什均衡求解方法等;最后, 在一个典型的网络攻防实例场景下对模型的有效性进行了分析和验证\网络攻防博弈模型\基于网络攻防策略图的攻防策略搜索算法
本文对CODICIL算法进行改进, 通过提出可有效处理结点内容的高斯混合模型, 更好的融合了复杂网络上的内容信息, 进一步提升社团发现的精度和效率\高斯混合模型\CODICIL算法
文中在研究流星余迹网络拓扑结构的基础上, 基于OPNET仿真软件构建流星余迹组网模型, 结合适用于DTN (Delay Tolerant Network) 网络的ED (Earliest Delivery) 算法和EDLQ (Earliest Delivery with Local Queue) 算法的特点, 分析通信时延模型, 提出一种改进的OED (Optimistic Earliest Delivery) 算法\通信时延模型\改进的OED (Optimistic Earliest Delivery) 算法
对已有真实系统的失效数据及原因进行统计;基于已有算法特点和修复模型, 提出了具有更优的多节点选择B-WSJ (bandwidth based weak and strong judgement) 算法\修复模型\多节点选择B-WSJ (bandwidth based weak and strong judgement) 算法
为了评估B-WSJ算法性能, 使用Waxman算法产生网络拓扑, 依据FTA (failure trace archive) 网站所给的真实系统的节点失效模型进行多次实验, 仿真结果表明:B-WSJ算法使得节点修复性能得到了很大的提升\节点失效模型\B-WSJ算法
在此混合储能结构的基础上, 根据点对点的双工信道模型和能量传输损耗特性, 建立了面向能量捕获的网络吞吐量模型和节点能量分配解析模型, 并提出了相应的能量最优分配算法, 实现了节点吞吐量的最大化\网络吞吐量模型\能量最优分配算法
因此, 基于沙堆模型的坍塌机制及其改进, 提出了一种适用于无线Mesh网络的负载均衡算法, 重点设计了负载均衡的触发条件、候选节点集合计算和负载分配机制\沙堆模型\无线Mesh网络的负载均衡算法
首先, 建立能量捕获传感网的能量捕获模型和信息传输模型, 并将该节点接入问题建模为0-1整数规划问题;然后, 针对该问题提出一种复杂度较低的算法和一种复杂度略高的贪婪式算法\信息传输模型\贪婪式算法
基于搜索密度峰值的聚类思想, 设计了一种网络节点的中心性度量模型, 并提出了一种重叠社区发现算法\中心性度量模型\重叠社区发现算法
首先给出无线Ad Hoc网络的异构圆盘图模型HDG, 并分析HDG模型的不同形态;然后设计出一种新的节点双向链表结构, 在此基础上, 提出一种基于链表结构的异构连通支配集算法C-LDS\HDG模型\基于链表结构的异构连通支配集算法C-LDS
针对无线传感器网络能量严格受限和节点间能量不均衡的问题, 建立无线信息和功率同时传输的协作MIMO通信模型;针对如何获取系统的最佳能量效率的问题, 提出一种新的有效资源分配算法\MIMO通信模型\有效资源分配算法
为了确定多共享树的数目和根节点位置, 构造了DARP的多目标优化模型, 该模型在满足DIA的延时约束的前提下, 最小化DIA数据分发总延时和DIA数据分发总代价;同时, 针对DARP的多目标优化模型提出了求解DARP问题的禁忌遗传算法 (DARP＿TGA) , 并通过模拟仿真验证了该算法的有效性\多目标优化模型\禁忌遗传算法
首先在YCb Cr颜色空间利用Retinex算法构造彩色双边滤波器, 根据分量Cr和Cb的关系设计对比度调节函数调节像素点亮度, 以凸显原图像中火焰明亮、鲜艳的颜色特征, 细节信息也更清晰;再通过帧间差分法和建立的火焰颜色模型获取疑似火焰区域, 根据该区域所得中心坐标点设置CV模型的初始轮廓曲线, 进一步分割得到火焰目标\火焰颜色模型\帧间差分法
首先对待恢复图像进行紧框架分解, 得到包含原始图像多层结构信息的框架系数;其次在L1范数稀疏正则化的基础上, 引入框架系数模的图像先验信息作为权重函数, 建立重加权L1范数的正则化能量泛函;最后结合恢复过程中权重因子的更新, 采用多步交替优化算法求解模型\重加权L1范数的正则化能量泛函\多步交替优化算法
具体的算法流程如下:通过Harris角点提取微观图像中的特征点, 并在形成SURF描述子后利用最近近邻算法对这些特征点进行粗配准\SURF描述子\最近近邻算法
为了获得更多红外和可见光融合图像的互补信息, 提出一种非下采样双树复轮廓波变换 (Non-subsampled Dual-tree Complex Contourlet Transform, NSDTCT) 域的模糊逻辑和脉冲发放皮层模型 (Spiking Cortical M odel, SCM) 结合的图像融合新算法\SCM\Non-subsampled Dual-tree Complex Contourlet Transform, NSDTCT
因此提出了结合两种光谱-空间特征的分类方法:一种是使用保边松弛算法对图像进行保边去噪预处理, 然后使用卷积神经网络提取光谱维的特征;另一种是先对预处理后的图像的光谱维降维, 取像素的一定邻域大小形成的图像块, 并使用另外一个卷积神经网络提取图像块的空间特征;然后将这两个提取的特征串行拼接, 最后使用支持向量机进行分类\支持向量机\保边松弛算法
首先, 分析局部K均值聚类 (LCK) 模型和局部相似性系数 (RLSF) 模型中能量泛函对噪声点的降权机制的不足, 提出优化方案;其次, 将一种结合局部灰度差异的噪声点修复函数引入能量泛函, 降低了显著偏离局部均值的噪声点对分割结果的干扰;最后使用变分法推导出该模型的水平集迭代方程\RLSF\变分法
首先, 通过将尺度分解获得待重构图片样本的自身结构相似性, 结合外部数据库样本结合作为训练样本, 可以解决样本过于分散的问题;其次, 将样本输入卷积神经网络 (CNN) 进行训练学习, 得到单幅图像超分辨率的先验知识;然后, 利用非局部约束项自适应选择最优字典重建图像;最后, 利用迭代反投影算法对图像超分辨率效果进一步提升\CNN\迭代反投影算法
首先利用检测器得到的定位结果, 证实了在图像分类里使用一种主流的目标检测算法去将图像的目标和背景分离, 分别得到前景和背景的可行性, 然后使用粗目标对齐方式匹配, 为这两个区域分别构建基于空间金字塔匹配算法的空间特征直方图, 最后结合检测器提供的兴趣域检测评分与支持向量机提供的评分为分类结果重评分\支持向量机\基于空间金字塔匹配算法
首先介绍了以上3类方法对应的深度模型的结构特点, 并从技术的演化趋势角度对比分析了3类方法的技术特点和发展现状;然后重点对图像语句转换方法的发展现状、应用场景与性能要求的差异进行了论述, 同时对图像语句转换方法的步骤进行分解和论述, 从学术界和产业界两方面进行了详细的对比分析, 指出了二者的不同研究侧重点与对应的发展现状;最后对具有深度模型的图像语句转换方法进行了总结和展望, 指明了该方法当前存在的问题与发展趋势\深度模型\具有深度模型的图像语句转换方法
为了使建模曲面在实际应用中更加灵活、有效, 提出一种有理分形曲面的构造方法, 并基于该模型给出一种单幅图像超分辨率重建算法\有理分形曲面的构造方法\单幅图像超分辨率重建算法
首先利用肤色模型对采集的图像分割出手势区域;其次采用数学形态学和多边形拟合的方法提取手势的单连通轮廓, 利用改进Hu-GLCM算法提取手势的几何形状特征和纹理特征并建立模板数据库;最后通过扩展的Canberra距离对手势图像进行识别和分类\Canberra距离\改进Hu-GLCM算法
首先, 在场景深度方向采用Mc Cartney模型得到多层切片图像;其次, 对切片图像进行联合粉尘检测运算, 将切片图像中无粉尘的区域保留, 而将有粉尘的区域标记并将此区域作为下一张切片图像的检测区域;然后, 对每张切片图像中保留的无粉尘部分和最后一张切片的粉尘区域进行重构;最后, 对重构图像使用快速导向滤波, 实现了对单幅粉尘图像的恢复\Mc Cartney模型\快速导向滤波
首先论证了传统的去噪模型及其他各阶去噪模型的优缺点;然后为了更好地保护图像边缘细节, 将边缘指标的理论与四阶全变差模型相结合, 提出了一个带有边缘指标的新的自适应TV模型, 利用边缘指标设计分项控制权函数, 使得图像的边缘区域和平滑区域具有不同的去噪效果, 用松弛下降法对所建立模型进行求解\带有边缘指标的新的自适应TV模型\用松弛下降法
对此, 文中采用基于Curvelet变换的多尺度几何去噪方法, 提出对多尺度变换后的各个Curvelet子带自适应选取阈值, 并结合一种新型阈值函数, 克服了传统软硬阈值函数的缺陷\传统软硬阈值函数\基于Curvelet变换的多尺度几何去噪方法
在车牌预处理模块, 通过图像灰度化处理等一系列操作, 抑制了非车牌区域的噪声;在车牌定位模块, 提出使用基于深度学习的目标检测方法对车牌进行定位, 进行二值化、倾斜校正后使用垂直投影法分割出车牌字符, 最后通过改进的Hausdorff距离计算待识别图像与模板之间的相似程度, 利用模板匹配的方法识别出车牌字符\改进的Hausdorff距离\模板匹配的方法
根据图像梯度值与幅值, 定义一种自适应向量总变分 (vector total variation, VTV) 去噪模型, 降低噪声对边缘的影响;将图像变换为CIELAB空间, 计算其色差和方向;对于不同色差与方向, 采用不同的Sobel算子, 借助非最大抑制方法 (non-maximum suppression, NMS) 优化边缘, 搜索更多边缘点;利用自适应双阈值 (double threshold, DT) 提取彩色图像边缘\去噪模型\DT
首先, 分别以细粒度图像库中的目标整体和头部区域训练CNN得到两个网络模型, 用来提取目标的整体和头部CNN特征;然后, 对图像库中所有目标区域提取SIFT关键点并通过K均值 (K-means) 聚类生成码本, 再将每个目标区域的SIFT描述子通过局部特征聚合描述符 (VLAD) 参照码本编码为特征向量;最后, 组合多种特征作为最终的特征表示, 采用支持向量机 (SVM) 对细粒度图像进行分类\SIFT关键点\SVM
在此基础上, 提取各个噪声样本图像的原生图块, 并使用PCA变化得到原生图块协方差矩阵的最小特征值;最后, 利用多项式回归技术构建最小特征值与噪声水平值之间的非线性修正模型\非线性修正模型\PCA
该方法首先对数据库进行预处理, 获取表情图像的纯人脸区域, 再选取相同的人七张不同表情图像, 利用反向协同显著区域算法对选取图像提取表情之间的变化区域并作为显著区域, 然后利用纹理和形状特征对显著区域进行描述, 最后采用多分类器决策机制进行分类\多分类器决策机制\反向协同显著区域算法
以IHS融合模型为基础, 利用引导滤波作拟合处理, 再用shearlet变换分解亮度图像和全色图像, 得到图像的高低频子带系数\IHS融合模型\shearlet变换
针对以上问题, 文中利用形态学中的Bottom-hat操作对模糊图像频谱进行处理, 并对处理后的频谱采用霍夫变换得到模糊角度, 再利用模糊角度和中心零点距离得出模糊尺度\霍夫变换\Bottom-hat操作
将彩色图像表示成四元数矩阵, 并对其进行离散四元数傅里叶变换;根据人眼视觉系统特性对频域进行非均匀分块, 计算失真图像和参考图像之间的幅值相似度和相位相似度;采用熵值法综合考虑两者对图像质量的影响, 获得表示整体图像质量的指标\四元数矩阵\熵值法
以IHS融合模型为基础, 利用引导滤波作拟合处理, 再用shearlet变换分解亮度图像和全色图像, 得到图像的高低频子带系数\IHS融合模型\shearlet变换
首先利用SLIC对图像进行超像素分割处理, 把原图像分割为大小相似、形状规则的超像素, 以超像素中心点的五维特征值作为原始数据点通过自适应参数的DBSCAN算法聚类, 确定多主体数目和分割边界\聚类\DBSCAN算法
通过预处理航拍图像, 采用中值滤波和对比度增强方法提升检测有效性;使用改进的卷积网络模型中的克罗内克积对航拍图像上采样, 将原图像在保证清晰度的情况下, 长和宽放大4倍;提出分块区域提取算法, 对放大图像的每个图像块检测行人\改进的卷积网络模型\对比度增强方法
分别对k幅原始图像进行DNA编码;根据混沌映射产生的混沌序列, 将DNA序列在k幅图像间移动进行置乱;将置乱后的图像与DNA编码后的混沌图像进行加法运算完成扩散过程, DNA解码后得到加密图像\混沌映射\DNA编码
利用正交多项式变换OPT (orthogonal polynomials transform) 处理每个明文子块, 获取其对应的OPT系数, 计算子块的梯度值;基于零交叉边缘检测机制, 判断子块的重要性, 将其划分为感兴趣区域与不重要区域;设计方波空间填充机制, 置乱这些区域的子块;构建异扩散函数, 完成对不同区域置乱子块的加密\零交叉边缘检测机制\OPT
对二值水印图像进行Arnold置乱和Logistic映射双因子加密预处理, 增强水印信息安全性;将原始载体图像分成8×8不重叠子块分别对其进行Slant变换和块奇异值分解;然后将水印图像SVD后的左奇异矩阵和奇异值矩阵相乘作为水印主成分嵌入到每个子块的最大奇异值中\Arnold置乱\块奇异值分解
针对单敏感属性匿名化存在的局限性和关联攻击的危害问题, 提出了基于贪心算法的 (αij, k, m) -匿名模型\ (αij, k, m) -匿名模型\贪心算法
通过混合加密工具将原始信息经高级加密标准 (advanced encryption standard, AES) 进行加密, 并使用椭圆曲线密码算法 (elliptic curve cryptographic, ECC) 对AES密钥进行加密, 将加密后的密文和密钥经宋词文本信息隐藏技术进行隐藏, 通过随机选择词牌模板 (RTSA) 或者指定单一词牌模板 (STSA) 的方式生成多篇宋词\STSA\ECC
结合云安全外包计算中的隐私保护问题, 针对任意多元多项式函数的外包计算, 利用同态加密算法和多线性映射, 构造了基于双服务器模型的可公开验证外包计算方案\双服务器模型\同态加密算法
针对基于属性的访问控制模型 (Attribute-Based Access Control, ABAC) 存在的静态策略冲突及冗余问题, 提出了一种基于属性集有序化及二进制屏蔽码的静态策略冲突检测算法\Attribute-Based Access Control\静态策略冲突检测算法
针对现有决策树模型在分类过程中不能充分考虑决策精度、决策者的属性偏好以及决策风险因素的影响问题, 提出一种决策风险代价与属性偏好融合的适应性决策树算法\决策树模型\适应性决策树算法
针对文本密文存储与检索需求, 提出一个检索与共享功能分离的云存储模型, 在此基础上设计了一种同态加密算法, 并给出一种新型同态密文检索方案CRSHE\检索与共享功能分离的云存储模型\同态加密算法
针对现有云存储系统中数据去重采用的收敛加密算法容易遭到暴力破解以及猜测攻击等不足, 提出一种基于布隆过滤器的混合云存储安全去重方案BFHDedup, 改进现有混合云存储系统模型, 私有云部署密钥服务器Key Server支持布隆过滤器认证用户的权限身份, 实现了用户的细粒度访问控制\混合云存储系统模型\收敛加密算法
基于此, 提出了利用可分性指数并辅以顺序后退 (SBS) 算法进行特征选择与多层支持向量机 (SVM) 分类的方法\SVM\SBS
为了充分利用未标记样本来提高分类准确率, 使用半监督支持向量机TSVM对E-MIMLSVM+算法进行了改进\半监督支持向量机TSVM\E-MIMLSVM+算法
针对传统卷积神经网络 (CNN) 稀疏网络结构无法保留全连接网络密集计算的高效性和实验过程中激活函数的经验性选择造成结果不准确或计算量大的问题, 提出一种改进卷积神经网络方法对遥感图像进行分类\CNN\改进卷积神经网络方法
首先, 利用Inception模块的不同尺度卷积核提取图像多尺度特征, 然后利用Maxout模型学习隐藏层节点的激活函数, 最后通过Softmax方法对图像进行分类\Maxout模型\Softmax方法
相比于传统阈值法、极限学习机模型以及卷积神经网络, 深度极限学习机的云识别率以及云量计算准确率更高, 且所提方法比卷积神经网络的效率更高\卷积神经网络\传统阈值法
实验结果表明, 基于小波分解系数倒谱特征的识别结果优于经典声学特征, 且KNN分类器的识别结果优于SVM分类器\SVM分类器\小波
小波分解系数倒谱特征在KNN中的识别率最高达到91.67%, 在SVM中达到87.60%, 经典声学特征在KNN分类器中的识别率为21.69%84.54%, 在SVM中的识别率为30.61%78.24%\KNN分类器\SVM
目前基于邻域粗糙集模型的特征选择算法中, 由于没有考虑数据分布不均的问题, 对象的邻域存在一定的缺陷\邻域粗糙集模型\特征选择算法
相比于传统的特征提取方法, 深层网络模型具有模型参数更为充分完善的优势, 同时也更加适合于处理大规模的数据集, 其提取的特征具有天然的层次结构, 类型也更加丰富\深层网络模型\特征提取方法
首先, 在基于合成情感词典的词频统计结果的基础上, 利用支持向量机对微博博文进行情感分析;然后, 将变异系数法用于微博属性权重的计算, 以体现微博的影响力;最后, 利用改进的PageRank算法在微博用户转发关系网络中预测用户影响力的扩散过程, 计算用户最终影响力的大小\支持向量机\改进的PageRank算法
为提高多类支持向量机的分类效率, 提出了一种基于混合二叉树结构的多类支持向量机分类算法\多类支持向量机\基于混合二叉树结构的多类支持向量机分类算法
然后, 在循环随机假设空间中应用线性或亚线性学习算法训练线性模型\线性模型\线性或亚线性学习算法
本文提出LDA词向量特征选择方法和Word2vec词向量特征选择方法, 分别在主题空间和词语上下文关系上, 学习特征的语义, 进行特征选择\Word2vec\LDA词向量特征选择方法
本文构建了标签零模型, 提出了索引算法BGLI (Build Graph Location Index) 和子图分布ESGS (Estimate Sub Graph on Spark) 算法\标签零模型\ESGS
其次, 在标签零模型基础上提出两个算法, 一个是用于构建图索引的BGLI算法, 另一个是在BGLI算法基础上提出的计算子图分布ESGS算法, 降低时间复杂度, 提高计算速度\标签零模型\ESGS算法
为解决这一问题, 借助传统与稳健的模糊粗糙集模型, 提出了对类属属性空间进行特征选择, 并在此基础上利用模糊粗糙分类器进行多标记预测的模糊粗糙LIFT方法\传统与稳健的模糊粗糙集模型\利用模糊粗糙分类器进行多标记预测的模糊粗糙LIFT方法
BP算法 (反向传播算法) 以其良好的非线性逼近能力、泛化能力以及实用性成为了人工神经网络训练算法中应用最为广泛的算法同时使用BP算法训练易陷入瘫痪, 收敛速度较慢, 算法易陷入局部极小值, 造成网络的正确率低下的问题\人工神经网络\BP算法
针对单神经元的脉冲序列学习应用价值显著、理论基础多样、影响因素众多的特点, 对已有脉冲序列学习方法进行了综述对比\脉冲序列学习\脉冲序列学习方法
首先介绍了脉冲神经元模型与脉冲序列学习的基本概念;然后详细介绍了典型的脉冲序列学习方法, 指出了每种方法的理论基础和突触权值调整方式;最后通过实验比较了这些学习方法的性能, 系统总结了每种方法的特点, 并且讨论了脉冲序列学习的研究现状和进一步的发展方向\脉冲神经元模型\脉冲序列学习
针对单通道卷积神经网络 (CNN) 视角单一、不能充分学习到文本的特征信息的问题, 提出双通道CNN (DCCNN) 算法\CNN\DCCNN
针对传统的机器学习需要大量的人工标注训练模型的弊端, 以及目前多数迁移学习方法只适用于同构空间的问题, 提出了一种异构复合迁移学习 (HCTL) 的视频内容标注方法\人工标注训练模型\异构复合迁移学习 (HCTL) 的视频内容标注方法
首先, 引入噪声过滤机制过滤噪声;然后, 引入假设检验方法对概念漂移进行检测, 以增量式C4.5决策树为基分类器构建加权集成模型;最后, 实现增量式学习实例并随之动态更新分类模型\加权集成模型\增量式学习
为了进一步利用原始数据的信息, 考虑每个标签关于原始属性的Markov边界, 结合新数据的特征建立新的回归模型, 提出考虑Markov边界的多标签分类算法\回归模型\Markov边界的多标签分类算法
在Felder-Silverman学习风格模型的理论基础上, 通过引入智能分析算法动态地分析和识别学习者学习风格, 构建了一套融合了卷积神经网络和循环神经网络的“识别-推理”复合模型, 通过学习者的线上学习行为、社区交互行为、学习内容浏览行为、点击拖动行为等学习过程识别其学习行为特征, 并使用基于门控循环单元 (Gated Recurrent Unit, GRU) 的循环神经网络处理和预测其可能的学习风格及对学习内容形式的偏好, 以更高效地为学习者提供适应于其学习风格的学习内容和路径, 优化学习体验, 为大规模、个性化和高质量的下一代学习平台提供技术支撑\融合了卷积神经网络和循环神经网络的“识别-推理”复合模型\智能分析算法
采用混沌动力学分析法对中国黄金市场进行混沌性验证, 实验结果表明中国黄金市场具有长期记忆及非线性特征, 适合采用非线性动力系统模型进行建模研究\非线性动力系统模型\混沌动力学分析法
该方法结合了局部保持投影 (LPP) 算法和卷积神经网络, LPP算法可以很好地保留图像局部结构\卷积神经网络\LPP算法
使用融合通用模型和领域词典的方法对文本进行标注, 缓解了领域不同带来的精度降低问题\通用模型\领域词典的方法
在火焰识别算法方面, 利用BP神经网络进行训练和识别\BP神经网络\火焰识别算法
针对最小二乘单类支持向量机存在易受噪声样本干扰和稀疏损失问题, 提出一种稳健最小二乘单类支持向量机及其稀疏化方法\最小二乘单类支持向量机\稳健最小二乘单类支持向量机及其稀疏化方法
采用普通最小二乘支持单类向量机确定样本初始权值, 通过迭代计算实现权值的优化和稳健分类, 在稀疏化过程中, 以训练精度最大化和支持向量数最小化为优化目标, 建立多目标稀疏化优化模型, 采用遗传算法进行求解\多目标稀疏化优化模型\遗传算
针对高考答题系统中现代文阅读理解的体裁自动分类问题, 采用统计分析的方法分析文学作品和科技文在词性分布、标点符号和词汇使用上的差异, 提出基于词性、符号和词汇特征的体裁分类特征抽取方法和基于类内和类间离差的特征评价方法, 在此基础上使用SVM算法训练分类器\SVM算法训练分类器\基于类内和类间离差的特征评价方法
针对卷积神经网络结构设计依赖人为经验, 网络深度、特征图个数设置缺乏理论依据, 网络训练需大量训练样本支持, 并结合姿态变化人脸识别存在的问题, 提出姿态变化人脸底层特征图的样本扩充方法和深度卷积神经网络模型的自学习方法\卷积神经网络\姿态变化人脸底层特征图的样本扩充方法和深度卷积神经网络模型的自学习方法
首先, 使用基于RNN的序列到序列无监督学习算法, 通过序列重构的方式在大量无标注样本中学习问句的语义空间分布, 即词向量和RNN;然后, 通过给神经网络参数赋值的方式, 使用此语义空间分布作为有监督语义匹配算法的参数;最后, 通过使用问句特征和关系特征计算内积的方式, 在有标注样本中训练并生成语义匹配模型\语义匹配模型\基于RNN的序列到序列无监督学习算法
针对受限玻尔兹曼机 (RBM) 无监督训练存在特征同质化问题以及现有稀疏受限玻尔兹曼机 (SRBM) 难以自适应稀疏的缺陷, 提出了一种基于竞争学习的RBM稀疏机制方法\稀疏受限玻尔兹曼机 \基于竞争学习的RBM稀疏机制方法
最终实验表明, 与现有基于神经网络的分类方法相比, 所提出的高光谱图像分类算法能够获得更高的像元分类精度, 表明该网络所提取的空-谱联合向量对高光谱图像具有更强的特征表达能力\神经网络\高光谱图像分类算法
针对传统基于回归的人脸对齐算法在人脸尺度归一化时会造成纹理的损失, 以及为了提升算法模型的泛化能力必须扩充数据集重新训练而导致训练时间增加, 甚至出现不收敛、不可计算等问题, 提出一种基于尺度自适应与增量式学习 (IL) 的人脸对齐方法来提高定位精度\IL\人脸对齐算法
不同于其他AdaBoost算法在分类器构建中单纯使用样本加权或权值控制的手段, 该算法将Ransac算法引入AdaBoost分类器模型构建过程中, 去除潜在外点, 克服现有AdaBoost算法缺陷\AdaBoost分类器模型\AdaBoost算法
同时, 借助Ransac算法, 从全部AdaBoost分类器中选择最佳分类器模型, 消除由外点引起的分类器降级\AdaBoost分类器\Ransac算法
基于MPPCA模型提出一种面向相交多流形数据的识别算法D-MPPCA\MPPCA模型\D-MPPCA
对爬取的语料进行实验, BTM-Bi GRU方法明显优于传统的支持向量机 (SVM) 等方法, 其F值更是高出目前较好的卷积长短期记忆组合神经网络 (CNN-LSTM) 近1.5个百分点\CNN-LSTM\BTM-Bi GRU方法
排序学习是指运用机器学习方法, 自主地构建排序模型, 用来对新的数据进行排序\自主地构建排序模型\机器学习
在所有的排序方法中, Listwise方法就是其中一类重要的排序学习方法, 它的训练样例由文档列表组成, 利用神经网络模型和概率模型来构造损失函数\概率模型\排序学习方法
大量理论和经验研究表明, 基于数据驱动的深度神经网络往往优于传统的基于手工特征的方法\数据驱动的深度神经网络\手工特征的方法
利用一个深度卷积神经网络提出并验证了一种能自动判别左右眼的新方法\深度卷积神经网络\自动判别左右眼的新方法
为有效增强字典的判别能力, 研究者结合领域知识和抗噪等策略提出大量的字典学习模型, 其中包括最近提出的同时进行降维和字典学习的方法, 但这些方法侧重考虑样本中特定类的信息, 未能有效考虑训练样本间的共享信息\字典学习模型\降维和字典学习的方法
通过对当前流行的图表示学习模型进行比较, 分析了现有模型存在的不合理之处, 据此提出了一个基于符号语义映射的神经网络模型用于学习图的分布式表示, 基本思想是依据知识图谱中已有的实体关系数据, 采用循环神经网络对符号组合 (实体-关系组合) 进行语义编码, 并将其映射到目标符号 (实体) 上\符号语义映射的神经网络模型\图表示学习模型
为提升模拟电路故障诊断精度, 结合基于故障特征间一维模糊度的特征选择算法, 提出一种新的多核超限学习机诊断模型\新的多核超限学习机诊断模型\故障特征间一维模糊度的特征选择算法
利用安全博客文章数据并结合基于随机森林算法的机器分类模型对论文提取的恶意语料的有效性进行了验证\机器分类模型\随机森林算法
首先, 通过训练卷积神经网络初步建立退化图像与真实图像之间的非线性映射关系, 再利用训练好的卷积网络模型提取特征向量作为BP神经网络的输入\BP神经网络\卷积神经网络
为了准确地区分出PD患者和健康人, 使用一种代价敏感支持向量机 (CS-SVM) 的方法来构建PD患者和健康人之间的步态信号分类模型\步态信号分类模型\支持向量机 
将甜菜褐斑病病情评估建模为一个回归问题, 以预训练的CaffeNet为原型, 通过微调 (fine-tuning) 方法重新训练出新的模型解决该问题\预训练的CaffeNet为原型\微调 (fine-tuning) 方法
采用C4.5决策树算法分类建模, 实验验证了可疑订单特征选择算法具有较低的计算复杂度并达到了较高的可疑订单识别率, 为构建可疑订单识别模型提供了思路\可疑订单识别模型\特征选择算法
通过采用局部形状组合模型和基于组合二值特征的决策机制, 可以防止: (1) 最终预测的人脸由于初始化形状不理想而陷入局部最佳; (2) 增强本算法对人脸表情、头部姿势、光照差异的鲁棒性\局部形状组合模型\基于组合二值特征的决策机制
实验表明, 提出的算法有较高的分类准确率, 拟合的模型要优于传统的K-Means算法和传统的高斯混合模型的EM算法\高斯混合模型\EM算法
文中提出了一种基于文本分类和评分机制的开发者预测方法, 其核心思想是综合考虑基于机器学习的文本分类和基于软件缺陷从属特征的评分机制来构建预测模型\基于软件缺陷从属特征的评分机制来构建预测模型\基于文本分类和评分机制的开发者预测方法
针对数字图像受损信息的重构问题, 提出一种将经典无监督学习自编码器 (Auto-Encoder, AE) 用于监督学习的新方法, 并对深度模型结构与训练策略进行了研究\无监督学习自编码器\训练策略
但是, 在传统SVM的训练过程中, SVM运算结果的好坏与参数选择关系密切, 而且目前使用的参数选择算法有很多缺陷\传统SVM\参数选择算法
实验结果表明, 点对交换划分算法能够减少交叉边数, 图的顶点度分布差异越大, 划分后交叉边数越少, 划分效果越好, 因此大图结构特征影响其划分效果, 这为建立图的结构特征与划分效果之间的关系模型研究奠定了基础\关系模型\点对交换划分算法
首先, 定义了一个金融事件表示模型;然后应用基于深度学习的词向量方法来实现自动生成同义概念词典;最后采用基于有限状态机驱动的层次化词汇-语义规则模式实现了对各类金融事件信息自动抽取的目标\金融事件表示模型\基于深度学习的词向量方法
首先, 依据民航嵌入式灯具安装标准、夜间发光特点及外界干扰影响, 同时考虑系统可行性, 建立定位系统空间几何模型并优化摄像机安装参数;然后, 提出最大类间方差法Otsu的改进算法对夜间发光灯具图像进行自适应阈值分割, 并结合阶距法提取灯具质心;最后, 为进一步提高系统精确度, 对定位系统进行误差分析并进行误差补偿\定位系统空间几何模型\最大类间方差法Otsu的改进算法
设计了基于非线性函数变换方法进行彩色图像增强的算法过程, 并分析了算法中RGB和HSI颜色模型转换中强度分量计算公式的三种形式\HSI颜色模型\彩色图像增强的算法
对无人机飞行轨迹跟踪控制对象, 在加入不确定气流下进行无人机飞行动力学模型构建, 用多个连续时滞非光滑系统对无人机的定常运动进行运动平衡分解, 进行多传感信息的自适应融合跟踪误差补偿, 对无人机飞行轨迹的多传感器阵列姿态参量全部量化信息进行自适应参量估计, 采用反馈控制, 实现飞行轨迹的自适应跟踪控制算法改进\无人机飞行动力学模型\飞行轨迹的自适应跟踪控制算法
为探讨煤矿井下发生事故时矿工逃生的可能性及逃生结果, 帮助矿工在复杂的井下环境及突发事故中实现安全逃生, 利用基于Agent的建模仿真方法在Re Past仿真平台上建立了煤矿井下逃生模型\煤矿井下逃生模型\基于Agent的建模仿真方法
提出一种结合词向量和Bootstrapping的方法来实现领域实体上下位关系的获取与组织\词向量\Bootstrapping
以物流配送时间最小为目标, 兼顾用户满意度, 建立具有时间约束的VRP (vehicle routing problem) 的模型, 解决物流优化问题, 设计一种基于时间阈值的竞争决策算法求解该模型\具有时间约束的VRP (vehicle routing problem) 的模型\基于时间阈值的竞争决策算法
针对第2个缺陷, 受TransH方法的启发, TransAH引入面向特定关系的超平面模型, 将头实体和尾实体映射至给定关系的超平面加以区分\面向特定关系的超平面模型\TransAH
以VCIH模型为指导, 从视觉感知增强、流场物理过程增强、探索式交互增强和硬件依赖性增强4个方面综述了感知增强类流场可视化方法的研究现状, 并结合应用需求展望未来的发展趋势\VCIH模型\感知增强类流场可视化方法
首先对Snake模型求解过程进行分析, 重新设置每个点的可导性, 实现了非闭合Snake模型;然后针对人体参数测量, 根据先验知识为非闭合Snake模型添加形状约束力项, 使得Snake曲线在迭代过程中能够保持指定轮廓形状;最后采用一种基于梯度的初始轮廓自动设置方法避免人工设置的烦琐\非闭合Snake模型\基于梯度的初始轮廓自动设置方法
本文选取新浪微博作为研究的象, 利用云计算的分布式计算原理, 搭建云计算环境Hadoop平台, 结合MapReduce编程计算模型, 通过改进传统的PageRank模型, 提出了一种基于MapReduce并行化计算模型的微博用户影响力排名优化算法—M R-UIRank (M apReduce User Influence Rank) \PageRank模型\M apReduce User Influence Rank
将传统频繁模式增量挖掘算法CanTree向MapReduce计算模型进行了迁移, 实现了并行的频繁模式增量挖掘\MapReduce计算模型\频繁模式增量挖掘算法
在微小区AOA定位模型下, 根据镜像站与定位站之间的关系, 得到镜像站位置误差的相关矩阵, 根据该相关矩阵推导了AOA-RT算法的GDOP的计算公式\微小区AOA定位模型\AOA-RT算法
首先, 采用词频-逆向文件频率 (TF-IDF) 方法和向量空间模型 (VSM) 构建文件向量;然后, 提出一种改进质量层次聚类 (IQHC) 算法对文件向量聚类, 构建文件索引和聚类索引;其次, 采用K最近邻 (KNN) 查询算法对索引加密;最后, 采用用户自定义关键字权值的方法构建搜索请求并在密文状态下搜索出前k个最相关的文件\VSM\KNN
首先, 采用VGG (Visual Geometry Group network) 模型中前三部分网络结构对输入图片进行卷积和池化操作;其次, 多组空洞卷积并联组合使得网络拥有足够大和足够细的感受野, 并且加上残差网络结构来保证卷积过程中信息位置分布的准确性;最后, 通过双线性插值算法将图片缩放到原图尺寸输出\Visual Geometry Group network\双线性插值算法
首先, 该方法设计一种有效的代价模型来估算查询代价;然后, 采用并行最大最小蚁群算法来搜索具有最小查询代价的连接顺序, 即最优连接顺序;最后, 根据Greenplum数据库对查询计划中不同操作的默认最优选择得到最优查询计划\代价模型\并行最大最小蚁群算法
首先, 指出Docker容器数据卷不能跨主机的特性给应用在线迁移带来了困难, 并对Ceph集群的数据存储方法进行改进;然后, 建立了一个基于节点综合负载的资源调度优化模型;最后, 将Ceph集群和Docker容器的特点相结合, 利用Docker Swarm实现了既考虑数据存储、又考虑集群负载的应用容器部署算法和应用在线迁移算法\基于节点综合负载的资源调度优化模型\应用在线迁移算法
为了分析城市配送中顾客选择末端交付方式和配送时间窗的相关性对自提柜选址、时间窗分配与路径规划等运营决策的影响, 首先使用嵌套Logit选择模型量化顾客对配送服务选项的选择行为, 提出了城市配送两层嵌套Logit选择模型;然后以配送数量最大化和配送成本最小化为目标, 建立了自提柜选址-时间窗分配-路径规划集成优化模型;最后采用非支配排序、动态网格和拥挤距离等技术, 构建了多目标粒子群优化 (MOPSO) 算法进行仿真分析, 获取了末端交付方式和配送时间窗相关性对运营决策的影响\自提柜选址-时间窗分配-路径规划集成优化模型\多目标粒子群优化 (MOPSO) 算法
针对公共服务平台当前存在的一些关键问题, 提出了一种基于双链架构的医药商业资源公有区块链, 重点研究了公有区块链的双链结构及其存储方式、隐私保护、资源寻租与匹配机制和共识算法等问题\基于双链架构的医药商业资源公有区块链\共识算法
文中提出了一种基于直觉模糊可能性分布的直觉模糊可能性测度 (Intuitionistic Fuzzy Probability Measurement, IFPM) , 并在此基础上构建了三支决策模型\三支决策模型\直觉模糊可能性测度
根据概率分布-可能性分布的转换关系, 给出决策规则和三支决策模型, 提出了一种基于直觉模糊可能性分布的IFPM决策风险计算方法\决策规则和三支决策模型\基于直觉模糊可能性分布的IFPM决策风险计算方法
目前Web服务组合中BPEL (business process execution language) 模型缺乏可执行的形式化编程语言, 通过CSPM提出了一种基于函数式语言的BPEL模型验证方法\BPEL (business process execution language) 模型\基于函数式语言的BPEL模型验证方法
针对参与式感知激励机制, 提出一种基于贪婪算法的以任务发布者的有限预算为约束, 以每块子区域的激励分配为优化问题的激励机制\激励机制\贪婪算法
首先, 模型采用启发式策略自动抽取时间短语并构建时间信息知识库, 无需人工干预;然后, 提出一种基于时间基元的时间信息映射方法, 实现了绝对时间的量化表达以及相对时间的逻辑推理;最后, 综合利用时间信息与上下文信息构建时间语义模型\时间语义模型\基于时间基元的时间信息映射方法
对花授粉算法 (FPA) 中的转换概率做自适应调整, 并引入自适应的变异因子, 提出了自适应的花授粉算法 (SFPA) ;通过两种不同的结合方式将SFPA与BP神经网络进行融合, 从而提出了SFPA1-BP神经网络和SFPA2-BP神经网络;通过函数逼近实验和数据集分类实验对新网络的性能进行验证\SFPA2-BP神经网\SFPA
该方法充分利用Web网页布局结构上的特点, 采用分级处理的方式, 首先利用页面分块算法思想通过相似度计算挖掘出具有相似性的代码块, 其次通过结合Ro Sunday方法解析样式文件快速匹配出节点集合对应的样式表并建立文档模型树结构, 各个子模块之间的相互组合可以实现页面的自动化设计\文档模型\页面分块算法
通过构建一个有判别力的基于稀疏表示的表观似然模型, 实现了对目标表观模型更为准确的描述\表观似然模型\目标表观模型
为此, 首先定义了K线序列的相似性匹配模型来解决K线模式的相似性匹配问题;然后, 定义了K线序列的最近邻聚类算法来解决K线模式的聚类问题;最后, 定义了K线模式盈利能力度量模型来对K线模式不同形态的利能力进行分析\K线模式盈利能力度量模型\K线序列的最近邻聚类算法
最后, 将H-MTV模型与He, Kimmel Retinex等经典算法的实验结果进行分析和比较, 验证了所提算法的有效性和优越性\H-MTV模型\He, Kimmel Retinex
然后利用带隐私语义的Petri网模型对服务组合的行为进行建模, 提出服务组合隐私需求验证算法, 用于验证服务组合的行为是否满足服务的隐私策略\Petri网模型\服务组合隐私需求验证算法
DRM研究确定数据可用性和副本数之间的关系模型, 并利用此模型来动态计算和维护给定可用性要求的最小副本数, 并基于节点性能和用户访问特性确定副本放置位置\关系模型\DRM
利用Kaldi语音识别工具提取语音数据的f MLLR特征, 将DBN模型的权重矩阵进行合理划分, 充分利用GPU的共享内存, 并采用GPU的流处理模式;为解决多GPU中基于数据并行的参数交换成为制约DBN性能提高的问题, 使用参数服务器模式, 并在多GPU中使用op CD-k算法\DBN模型\op CD-k算法
首先, 建立系统的动态线性模型, 采用FOS-ELM算法设计控制器并学习其参数;其次, 计算系统的实际输出误差, 结合系统的控制误差, 设计所需补偿的PID增量参数;最后, 对PID补偿的FOS-ELM控制器参数在线调整并用于系统控制\动态线性模型\FOS-ELM算法
实验表明, 改进后的显式迭代算法在等效阻尼比的精度上优于中心差分法和隐式迭代法;在降维非线性有限元模型计算中的计算耗时优于隐式迭代方法, 提高了降维非线性有限元的迭代计算速度\非线性有限元模型\隐式迭代法
国内外学者对LOD模型做了大量的研究工作, 文中对基于四叉树分割的LOD算法进行了系统的梳理与总结, 对涉及到的核心算法进行了归类并详细分析了各自的优缺点, 深入且全面地介绍了其研究现状\LOD模型\基于四叉树分割的LOD算法
该方案以MPTCP协议为基础, 在三维笛卡尔坐标系下建立基于路径往返时延、丢包率和带宽的路径评价模型, 将二分法与改进的基于密度的聚类分析方法相融合, 根据所需路径数在坐标系下选择出一组带宽大、丢包率小且时延差也小的路径作为活跃路径\基于路径往返时延、丢包率和带宽的路径评价模型\基于密度的聚类分析方法
SCR (Software Cost Reduction) 方法作为一种形式化方法, 基于四变量模型, 可以对复杂和大型的嵌入式系统进行需求描述\四变量模型\Software Cost Reduction
最终通过实验可知, 基于栅格化的随机森林分类模型是效果最好的方法, 能够达到1520m的平均误差和10m的中位误差, 比前期回归算法在2G和4G数据分别实现了39.46%和54.28%的精度提升, 取得与GPS定位接近的定位精度\基于栅格化的随机森林分类模型\回归算法
针对基于深度图融合三维重构方法获取的三维重构模型, 易受到深度信息误差影响的情况, 提出一种基于轮廓提取与深度筛选的双目立体视觉三维重构方法\基于深度图融合三维重构方法获取的三维重构模型\基于轮廓提取与深度筛选的双目立体视觉三维重构方法
首先根据候选供应商的主要数据信息, 应用基于SVM的分类模型对其进行初步筛选, 以缩小候选供应商数量;通过专家对准则下属指标进行考察和掌握, 利用专家的智慧和经验对准则进行TFN评分, 设计一种TFN-RS方法来计算供应商在准则上的分值;运用CRITIC方法对各准则进行赋权;最后通过相对熵替代欧氏距离的改进TOPSIS对各供应商进行排序\基于SVM的分类模型\CRITIC方法
为了实时提供基础的地理信息以及现场分布情况, 支持海量地形数据存取, 算法利用基础数据的大数据量、多数据源、多分辨率等特点, 采用分页数据库组织、四叉树结构的LOD瓦片组织算法, 构建金字塔三维模型;同时, 采用动态调度、多缓冲多线程并行处理的方法, 实现了多重纹理快速映射地形, 达到了海量地形数据快速存取的效果\金字塔三维模型\四叉树结构的LOD瓦片组织算法
针对上述问题, 在分析WSN单元级故障诊断的基础上, 利用无线数据收发单元的电流模型, 提出了一种基于模糊神经网络的无线数据收发单元故障诊断方法\电流模型\单元故障诊断方法
针对此问题, 从SaaS多租户单实例的应用模式出发, 分层次细粒度地建立服务实例描述模型, 引入一致性度量值来表示定量计算的结果, 充分考虑租户的演化要求, 提出一种带租户演化容忍度的判定方法, 细粒度地判定演化一致性\服务实例描述模型\判定方法
针对云模型在非正态分布条件下不适用的问题, 提出了基于均匀分布的一维逆向云算法, 并将其应用于仿真系统的可信度评估体系\云模型\逆向云算法
经典的决策粗糙集模型通过计算三支区域总体决策最小化风险, 给出了一种有效的三支决策阈值求解方案\决策粗糙集模型\三支决策阈值求解方案
文中提出使用整数线性规划方法来构建基于事件因果关系与时序关系识别的联合推理模型\联合推理模型\整数线性规划方法
首先, 在编码端采用MeTiS方法对原始3D网格进行子网划分, 采用随机线性矩阵对子网几何形状进行编码, 并对边界节点的邻居节点使用伪随机数生成器进行数据序列构建;然后, 利用贝叶斯算法进行几何模型重构算法的设计, 在理论上给出了均值、方差矩阵以及模型参数学习规则, 实现了3D模型的几何重构;最后, 将其与图傅里叶光谱压缩 (GFT) 、最小二乘压缩 (LMS) 和基于压缩感知的图傅里叶光谱压缩 (CSGFT) 等算法进行仿真对比\3D模型\CSGFT
首先, 利用相关分析建立度量间的相关性, 利用度量关联图选择关键度量进行监测;而后, 利用主成分分析得到监测数据的主特征向量以刻画系统运行状态, 进而基于余弦相似度评估系统异常程度;最后, 建立可靠性模型以预测系统可能出现故障的时间, 基于此动态调整监测周期\可靠性模型\主成分分析
为了最大限度地降低制造型供应链的销售成本并缩短供货时间, 提出了一种基于改进智能水滴算法的多目标供应链优化模型\多目标供应链优化模型\改进智能水滴算法
针对如何快速有效地生成2.25阶和2.5阶零模型, 基于随机置乱生成零模型的方法, 提出一种生成2.25阶、2.5阶零模型的优化算法-d K-目标保持重连算法\2.25阶和2.5阶零模型\优化算法-d K-目标保持重连算法
该算法改进了Hamiltonian函数, 结合模拟退火算法和Metropolis准则, 以2阶零模型为起始网络, 通过优化迭代, 生成2.25阶和2.5阶网络零模型\2.25阶和2.5阶网络零模型\Hamiltonian函数
基于优化加权核K-means聚类初始中心点, 提出一种新的SLIC算法 (WKK-SLIC算法) \优化加权核K-means聚类初始中心点\新的SLIC算法
然后, 将文本特征向量作为FGSOM算法的输入层, 结合生长阈值和局部最优策略, 实现文本分层聚类\局部最优策略\FGSOM算法
为了解决该问题, 利用非负矩阵分解 (NMF) 模型提出基于加权核非负矩阵分解 (WKNMF) 的短文本聚类算法\非负矩阵分解 (NMF) 模型\加权核非负矩阵分解 (WKNMF) 的短文本聚类算法
对交叉口拓扑数据模型进行描述, 梳理出CAD图元与拓扑数据之间的关系, 通过基于密度的聚类算法进行路面标线聚类、路面标线辨识, 实现拓扑数据的建库\交叉口拓扑数据模型\密度的聚类算法
OCluDTS方法使用基于滑动窗口模型的两层分布式框架, 通过多个远程节点并行聚类局部轨迹流以及协调者节点合并局部聚类结果的方式, 确保分布式轨迹流聚类获得与集中式方法相同的精度\滑动窗口模型\OCluDTS方法
首先将中智模糊集与模糊C均值方法相结合, 得到中智模糊聚类算法 (neutrosophic C-means clustering, NCM) \模糊C均值\中智模糊聚类算法 
为了准确地反映用户对服务体验质量的满意程度, 提出一种基于Qo E (quality of experience) 的Web服务组合模型, 并运用差分进化 (DE) 算法对其进行求解\quality of experience\DE
其中, 选择操作采用精英保留模型的锦标赛选择策略, 交叉操作采用双切点交叉, 变异算子引入k-交换变异操作保证个体逐代进化\精英保留模型\锦标赛选择策略
该算法将种群分布熵引入粒子群的进化控制, 以Sigmoid函数模型为基础, 给出了量子粒子群算法收缩扩张系数的计算方法;以平均粒距作为混沌搜索的判别条件进行混沌扰动\Sigmoid函数模型\量子粒子群算法
其次, 将多个MSDA堆叠构成深度神经网SMSDA, 为避免模型参数局部最优, 采用非监督逐层训练法分别训练每一层网络, 再用BP算法对整个网络微调, 从而获得最优权重\深度神经网SMSDA\BP算法
以混合动力汽车传动系统参数与控制策略参数为优化变量, 以最小燃油消耗和尾气排放量 (CO+HC+NOx) 为优化目标, 以动力性能与电池荷电状态平衡作为约束条件, 建立多目标优化模型, 并使用权重系数法将多目标函数优化问题转化为单目标问题\多目标优化模型\权重系数法
提出了基于免疫遗传算法优化混合动力汽车参数的优化方法, 该算法采用实数编码, 通过调用ADVISOR的后台函数, 建立联合优化仿真模型\联合优化仿真模型\基于免疫遗传算法优化混合动力汽车参数的优化方法
传统粒子群优化算法一般适用于优化连续模型问题, FJSP作为复杂度比较高的组合优化问题, 是一种典型的离散模型\FJSP\传统粒子群优化算法
根据GRASP算法寻优过程中产生的路径信息构建SP模型, 然后使用CPLEX精确优化器对SP模型进行求解\SP模型\CPLEX精确优化器
以执行跨度、代价和能耗同步最优化为目标, 建立基于激素的协同进化多群体优化模型;通过多群体方式, 使每个群体通过多目标粒子群优化寻找单目标非占优解;为避免局部最优, 粒子进化中, 引入激素激励机制和多群体竞争与协作机制, 得到多目标最优解\基于激素的协同进化多群体优化模型\多群体竞争与协作机制
为快捷设计出理想的接骨板, 利用平均化骨骼模型, 提出通过语义参数编辑优化设计接骨板的方法\平均化骨骼模型\过语义参数编辑优化设计接骨板的方法
首先, 为系列化接骨板在数量与尺寸上的分布合理, 构建了一种带权值的平均化骨骼模型;然后, 基于平均化骨骼模型设计出具有通用性的参数化接骨板, 便于后期编辑修改与优化;最后, 利用有限元分析, 用基于二分策略调整厚度参数来优化接骨板, 在满足应力条件下使接骨板材料尽可能少\平均化骨骼模型\基于二分策略
针对铁路突发事件多需求点多供应点的应急资源调度问题, 结合“软时间窗”的概念, 以公平性最大和调度总成本最小为优化目标, 设计了有多个救援目标的应急资源调度模型, 并利用并列选择遗传算法求解\应急资源调度模型\并列选择遗传算法
首先, 建立UUV航路规划问题模型, 设计代价函数;然后, 给出了基于CSS的航路规划方法, 带电粒子在搜索空间中会受到其他带电粒子电场力的作用进而迭代寻优;另外, 提出了一种非线性调整速度与加速度参数的方法, 通过该方法有效地平衡全局搜索与局部搜索过程, 避免算法的早熟收敛\UUV航路规划问题模型\非线性调整速度与加速度参数的方法
为构建精确的微带线滤波器神经网络模型, 提出一种结合自适应遗传算法和改进粒子群算法的混合算法\微带线滤波器神经网络模型\结合自适应遗传算法和改进粒子群算法的混合算法
最后将混合算法用于优化神经网络参数, 建立平行耦合微带线滤波器模型\平行耦合微带线滤波器模型\混合算法
结合Multisim仿真软件进行低通有源滤波电路系统的故障模拟实验, 仿真结果表明, 基于多信号模型与遗传算法选取的板级电路测点组合对低通有源滤波电路中的绝大部分故障都有良好的检测和隔离能力, 取得了良好的效果, 同时该方法也适用于多种其他电路\多信号模型\遗传算法
改进量子粒子群优化算法, 即利用量子粒子群算法的量子行为来加快收敛速度;引入云模型控制粒子种群在不同状态下进行寻优;根据属性依赖度等性质构造属性约简数学模型;采用CQPSO算法对其进行求解, 得到约简结果\属性约简数学模型\CQPSO算法
首先研究BP算法的原理和数学表示, 然后结合预测实际将增加动量项、自适应学习率等方法对其进行改进, 最后根据摩阻因数的内涵建立以改进BP算法为基础的摩阻因数预测模型\以改进BP算法为基础的摩阻因数预测模型\BP算法
对传统随机森林模型进行加权的改进, 为解决非平衡数据集问题提出基于SMOTE算法的BSC算法\随机森林模型\基于SMOTE算法的BSC算法
对不同的网络结构模型进行提取以及比较, 提出了一个新的基于邻节点结构相似度的LSCN指标算法\网络结构模型\基于邻节点结构相似度的LSCN指标算法
鉴于堆结构具有较快的收敛速度, 能高效地反馈信息, 以及贝叶斯算法能够有效地预测未知访问者的可靠度和信任度, 提出基于堆结构的多域间访问控制模型\基于堆结构的多域间访问控制模型\贝叶斯算法
将堆结构和改进的贝叶斯算法相结合, 建立基于堆结构的信任体制\基于堆结构的信任体制\改进的贝叶斯算法
针对以上问题, 所做主要工作如下:1) 提出基于序列熵的分层采样算法, 该算法可在保持样本总体分布的基础上, 采样生成正样本和负样本数量平衡的训练集;2) 提出基于信噪比和相关性的特征选择, 用于缩小训练集规模, 以达到提高训练速度的目的;3) 提出DS-GA算法, 用于缩短SVM分类器参数的优化时间, 达到减少过拟合的目的;4) 结合集成学习的思想, 经采样、特征选择、分类器参数优化3个步骤, 建立了一种物种间通用的microRNA预测模型\microRNA预测模型\DS-GA算法
该模型利用经验模态分解算法对时间序列进行分解, 然后通过自回归模型对分解后的时间序列进行各自趋势拟合, 建立子模型\自回归模型\经验模态分解算法
另外, 在利用自回归 (AR) 模型拟合过程中, 为了减少拟合误差, 采用极限梯度提升算法对残差进行学习, 并使预测模型迭代更新, 提高各个子模型预测精度\自回归 (AR) 模型\极限梯度提升算法
首先, 基于层次聚类和主成分分析进行特征提取, 得到功能模块和属性主成分特征, 然后训练多层感知器模型, 建立多特征与多功能之间的映射关系以用于功能预测\多层感知器模型\层次聚类
利用PROMISE提供的6个开源数据集, 分析了10个回归算法对软件缺陷个数预测模型预测结果的影响以及各种回归算法之间的差异\软件缺陷个数预测模型\回归算法
研究结果表明:使用不同的回归算法建立的软件缺陷个数预测模型具有不同的预测效果, 其中梯度Boosting回归算法和贝叶斯岭回归算法预测效果更好\软件缺陷个数预测模型\贝叶斯岭回归算法
不对要进行软件缺陷预测的目标领域样本标注类别, 只对跨工程的源领域数据集标注部分正例样本, 结合数据引力方法基于样本进行迁移学习, 利用贝叶斯理论在源领域缺陷数据集和目标数据集上估算概率参数, 构建软件缺陷预测算法TPAODE\迁移学习\数据引力方法
首先, 采用加权非齐次泊松模型, 针对出租车历史数据进行建模, 得到目标时刻的估计值;其次, 基于当天的实时数据, 将临近时刻乘客需求的平均值作为目标时刻预测值;最后, 将预测值和估计值作为卡尔曼滤波模型的输入参数, 实现对目标时刻出租车乘客需求的预测, 同时引入误差反向传播机制, 减小下一次预测误差\卡尔曼滤波模型\误差反向传播机制
在时间维度上, 该模型利用ATM发现与目标用户移动行为相似的用户群, 并确定该用户群在预测时刻所处的目标状态;在空间维度上, 该模型利用RM算法计算目标用户的候选地点在目标状态下的概率, 并通过比较各候选地点的概率值确定目标用户可能出现的地点, 从而实现对目标用户位置的预测\ATM\RM算法
分别采用熵值法和层次分析法确定指标的客观和主观权重, 得到模型的综合评价值和评价排序, 优选参与模型融合的单一预测模型, 采用诱导有序加权平均算子对单模型进行融合预测\单一预测模型\熵值法
然后, 构建全局多项式核函数和局部高斯径向基核函数混合核极限学习机 (HKELM) 模型, 并利用PSO算法优化HKELM的核参数\HKELM\PSO算法
同时, 针对PSO算法存在容易陷入局部最优的问题, 在PSO算法中加入模拟退火的思想和随迭代次数减小的惯性权重, 以及基于反向学习的变异操作, 使PSO算法可以更容易跳出局部极小值点, 得到更优结果\模拟退火的思想\PSO算法
这两个优化目标之间存在一定的冲突, 因此提出了MULTI方法, 该方法可以生成一组具有非支配关系的预测模型\具有非支配关系的预测模型\MULTI方法
首先, 该模型将航班数据和气象数据进行融合, 应用DCNN进行自动特征提取, 采用批归一化 (BN) 和Padding策略优化, 提升到港延误等级的分类预测性能;然后, 在卷积神经网络 (CNN) 基础上加入直通通道, 以保证特征矩阵的无损传输, 增强深度网络的畅通性;同时引入卷积衰减因子对卷积通道的特征矩阵进行稀疏性限制, 控制不同网络深度的特征叠加比例, 维持模型的稳定性\深度网络\BN
首先, 用遗传算法改进的一阶滞后滤波 (GF) 优化算法对数据进行平滑滤波处理;然后, 搭建GFLSTM网络的蓝藻水华预测模型, 实现对水华发生的精准预测;最后, 以太湖水域梅梁湖区域的采样数据为样本, 对预测模型进行检验, 并与传统的RNN和LSTM网络进行对比\LSTM\GF
利用历史刷卡数据, 提出了一种基于深度学习的地铁短时客流量预测方法, 基于栈式自编码器构建深度神经网络模型, 采用自下而上逐层非监督预训练, 在预训练结束之后, 采用反向传播BP算法自上而下来微调整个网络的参数\基于栈式自编码器构建深度神经网络模型\反向传播BP算法
首先使用层次聚类法将母线历史日负荷进行聚类, 然后对层次聚类得出的聚类结果建立决策树, 其次根据待测日的温度、湿度、星期和节假日类型等日属性在决策树中匹配出训练极限学习机预测模型的历史日负荷, 最后建立极限学习机预测模型, 对待测日母线日负荷进行预测\极限学习机预测模型\决策树
为处理软件缺陷预测模型中浅层机器学习算法无法对软件数据特征进行深度挖掘的问题, 提出一种改进深度森林算法——深度堆叠森林 (DSF) \软件缺陷预测模型\DSF
首先, CEEMD算法把原始风速序列分解成一些相对平稳的固有模态函数和一个残差序列;然后, WT算法对每个固有模态函数进行二次去噪, 进一步消除噪声对固有模态函数的影响;最后, 卷积神经网络对每个固有模态函数、残差序列和影响风速的5个属性训练预测得到各自的预测结果, 对所有的预测结果重构得到最终的预测结果\卷积神经网络\WT算法
为提高环境空气质量预测的精度, 提出一种由改进人工蜂群算法和反向传播神经网络相结合的环境空气质量预测方法 (KABC-BP) \反向传播神经网络\KABC-BP
对人工蜂群算法中雇佣蜂、跟随蜂的搜索空间提出一种随迭代次数递减的搜索公式, 以随机初始化此改进人工蜂群算法的不同初始解作为不同组反向传播神经网络权值, 以蜂群算法迭代代替人工神经网络的梯度下降修正迭代, 以蜂群个体的对应权值下训练误差倒数作为适应度函数, 该改进人工蜂群算法所求全局最优解就是所求反向神经网络最优权值\反向传播神经网络\改进人工蜂群算法
DSRNN具有多层网络结构, 基于带动量项的BP学习算法训练参数, 利用了激活函数ReLU (rectified linear units) 和提出的权值初始化方法\DSRNN\BP学习算法
针对中长期降水量预测精度较低的问题, 提出了由改进集合经验模态分解方法、最小二乘法、核极限学习机和改进的果蝇优化算法构成的混合模型来对区域年度降水量序列进行预测\混合模型\改进的果蝇优化算法
在STL、Holt-Winters分解模型的基础上, 提出TSMP算法\Holt-Winters分解模型\TSMP算法
该方法首先使用一种基于无监督学习的采样方法对6个开源项目数据集进行采样, 解决了数据集中类不平衡问题;然后训练出一个深度自编码网络模型\度自编码网络模型\无监督学习的采样方法
该方法首先求出制氧系统各设备故障率的GM (1, 1) 模型;然后计算出制氧系统故障率、制氧系统各设备故障率与设备使用年份相关关系模型, 并且将制氧系统各设备故障率的GM (1, 1) 模型代入该关系模型中;最后利用最小二乘法求出待定参数\设备故障率的GM (1, 1) 模型\最小二乘法
蝙蝠算法是一种启发式搜索算法, 它模型简单, 易于实现, 但是却易陷入局部最优, 因此采用加入莱维飞行的蝙蝠算法对SVM模型的参数选择进行优化\SVM模型\加入莱维飞行的蝙蝠算法
