基于此, 分析了基于多链路到达序列编码的隐写方法, 然后通过对正常多链路数据流的建模分析, 提出了基于条件熵的隐写分析方法\基于多链路到达序列编码\基于条件熵的隐写分析方法
针对以上局限性提出基于多类特征的混合算法, 首先使用动态、静态结合技术收集程序的函数调用和系统调用特征;接着对于庞大的特征数据采用卡方统计处理, 剔除对分类影响较小的数据;然后针对这两类特征构建不同分类器;最后采用49个家族的1100个恶意程序和1000个正常程序进行实验检测\基于多类特征的混合算法\卡方统计处理
系统中针对不同目标形状, 分别应用了两种方法, 对于矩形度高于阈值的元件使用改进的霍夫变换检测出元件的四条边, 而后组合边检测出矩形, 最后应用几何数学解析出元件尺寸;针对矩形度低于阈值的元件, 使用新的最小外接矩形算法提取最小外接矩形, 然后应用几何数学解析得到元件尺寸\霍夫变换\最小外接矩形算法
首先对待测视频帧与基准帧相减得到的差异帧使用稀疏表示方法进行去噪, 降低噪声对随后特征提取的干扰;其次将去噪后的视频帧进行非重叠分块, 利用主成分分析提取像素点的特征并构造特征向量空间;然后使用k-means算法对特征向量空间进行分类, 并将分类结果用二值矩阵表示;最后对二值矩阵进行图像形态学操作得到最终检测结果\主成分分析\k-means算法
对此, 提出一种高效的基于随机选择策略的立体匹配算法, 用于代替深度相机为运动目标检测算法提供深度信息\基于随机选择策略的立体匹配算法\运动目标检测算法
利用测试图像进行的实验的结果表明, 自适应移动宽线算子在取得相当检测性能的同时, 提高了基本宽线算子的运算速度\自适应移动宽线算子\基本宽线算子
为降低车道线识别算法在车道线存在阴影遮挡、路面出现泛白现象等不同道路环境下的误检率, 提出一种基于改进简单图像统计 (SIS) 阈值算法的车道线识别算法\SIS\阈值算法
首先计算每个训练样本的统计模量;然后使用局部近邻集标准化统计模量, 得到标准样本;最后计算标准化样本的局部离群因子, 并将其作为检测指标, 将局部离群因子的分位点作为检测控制限, 当在线样本的局部离群因子大于检测控制限时, 判定其为故障;否则为正常\局部近邻集标准化\局部离群因子
统计模量提取过程的主要信息, 且消除批次不等长的影响;局部近邻标准化克服工况中心漂移和工况结构不同的困难;局部离群因子度量样本的相似度, 实现故障样本和正常样本的分离\局部近邻标准化\局部离群因子
接着在初步得到的人脸目标区域中计算每个像素点的a, b分量与人脸肤色a, b分量的欧氏距离, 取该欧氏距离在一定区间内的像素点, 计算出它们的质心作为人脸中心点\欧氏距离\欧氏距离
首先回顾了传统的动作识别研究成果, 并介绍了CSI的基本特性与获取方法, 然后对动作检测、特征提取和动作分类等相关算法进行了归纳和分析, 总结并讨论了基于CSI的相关领域取得的最新研究成果, 最后指出了目前研究的局限性与可能的发展方向\CSI\CS
首先, 使用真机模拟恶意代码的实际运行环境来获取文件的动态API调用序列;其次, 引入面向目标关联挖掘的概念, 以挖掘出能够代表潜在恶意行为模式的恶意API调用序列模式;最后, 将挖掘到的恶意API调用序列模式作为异常行为特征进行恶意代码的检测\恶意API调用序列模式\恶意API调用序列模式
提出了一种基于局部线性嵌入的离群点检测方法 (OLLE) \基于局部线性嵌入的离群点检测方法\OLLE
最后, 在低维空间中, 采用基于最小生成树的k-最近邻启发式方法来检测离群点\最小生成树\k-最近邻启发式方法
为避免传统的整数阶微分算子存在边缘出现断点、边缘细节信息泄露等问题, 提出构建基于二维分数阶泰勒级数权矩阵滤波的Sobel算子\整数阶微分算子\Sobel算子
针对传统Canny算法需要设定滤波参数且对椒盐噪声滤波效果不佳, 以及需要预先设定高、低阈值等问题, 提出一种改进的自适应Canny边缘检测算法\Canny算法\Canny边缘检测算法
利用分治法思想和相邻窗口排序信息相关性的原理, 改进自适应中值滤波器, 以此来替代高斯滤波器;增加45°和135°方向的梯度模板计算像素梯度;利用二分法查找原理改进Otsu算法计算梯度幅值的高、低阈值\二分法查找\Otsu算法
首先对近邻传播聚类算法改进优化:在利用少量先验知识对数据集进行预分类的基础上, 结合同类簇合并机制解决样本大小敏感问题, 同时引入异类簇清除机制排除特殊类簇对检测结果所造成的干扰;其次给出用户行为属性表征用户行为特征, 利用IAP聚类算法实现用户行为有效聚类, 提高检测精度;然后引入Silhouette指标实时监控类簇质量, 设计类簇自学习更新机制, 进一步降低误检率、提高检测率, 并支持检测类簇的动态抗解析\近邻传播聚类算法\IAP聚类算法
实验结果表明:与传统AP聚类、KMPCA算法相比, 所提方法具有较高的运行效率和较好的检测性能, 并具有一定的自主优化能力\AP聚类\KMPCA算法
该研究以人类基因组工程提供的体细胞突变数据为研究对象, 结合基因组图谱中广泛存在的互斥性原理, 提出一种新型的基于基因互斥网络的致癌突变驱动通路检测算法 (Megnet) \基于基因互斥网络的致癌突变驱动通路检测算法 \Megnet
针对现有的隐写分析方法对NPP-QIM方法检测准确率不高的问题, 提出了一种基于贝叶斯推理的检测方法以提高检测准确率\NPP-QIM\基于贝叶斯推理的检测方法
针对多阶段过程数据具有多中心和各工序结构不同的特征问题, 提出了一种基于改进的局部近邻标准化和k近邻的故障检测 (ILNS-kNN) 方法\ILNS-kNN\基于改进的局部近邻标准化和k近邻的故障检测
改进的局部近邻标准化 (ILNS) 将各阶段数据的中心平移到原点, 并且调整各阶段数据的离散程度, 使之近似相等, 从而将多阶段过程数据融合为服从单一多元高斯分布的单阶段数据\局部近邻标准化\ILNS
针对油藏地质剖面图的特点, 对Canny边缘检测算法进行了改进, 引入了k-means聚类分割, 有效地删除了图中的各种图例信息, 较好地保留了油藏地质剖面的水平层位轮廓, 解决了油藏地质剖面图岩性符号多而难以获得完整的水平层位轮廓、矢量化效果差等问题\Canny边缘检测算法\k-means聚类
针对目前基于稀疏表示的显著性检测算法中存在的边界显著性检测不足、字典表达能力不够等问题, 提出一种基于稀疏恢复与优化的检测算法\显著性检测算法\稀疏恢复与优化
首先, 建立图像无向图并提取节点特征;然后重构超复数傅里叶变换得到平滑振幅谱与相位谱, 获得无向图节点背景抑制权值, 从而初步确定多尺度高斯核背景抑制图;最后输入到训练后的条件随机场中, 通过增强目标表示得到最终显著性目标区域\超复数傅里叶变换\条件随机场
该方法提取前景像素点的光流特征作为行为分析的依据, 采用K均值聚类和贝叶斯准则实现场景中不同人群的群组划分\K均值聚类\贝叶斯准则
首先, 对图像进行超像素分割和从现有的多种显著检测算法得到基本显著图, 通过基本显著图设置阈值结合超像素提取相应显著区域;其次, 通过显著区域的RGB颜色特征构造直方图行向量, 并将所有行向量组合成一个特征矩阵, 再根据所有直方图应具有相似性特征并以此构造相似矩阵;再次, 将相似矩阵应用于低秩矩阵分解模型中, 分解特征矩阵得到噪音稀疏矩阵, 并以此得到加权值, 融合加权值和基本显著图得到加权显著图;最后, 采用聚类一致性得到协同显著值, 并融合加权显著值, 得到最终显著图\显著检测算法\聚类一致性
该方法利用卫星视频中车辆目标为像素点的特点, 结合Shi-Tomasi角点检测方法实现车辆检测及车辆计数;在车辆检测的基础上利用光流法得到的连续视频帧中角点的位置信息进行双向车辆平均车速的计算, 并对实验结果进行了对比分析\Shi-Tomasi角点检测方法\光流法
尽管对于车脸的检测已经做出过大量的努力, 但现有的研究大多集中在车脸的整块区域的检测及定位, 提出了一种基于选择性搜索的车脸部件检测算法\选择性搜索\车脸部件检测算法
该算法分为两个阶段:首先, 将车辆图片进行高斯滤波去噪以及图像归一化预处理\高斯滤波\图像归一化
首先用多终端二值决策图和布尔公式分别描述系统模型和待验证性质, 然后再对系统模型进行归一化和简化, 最后利用不动点计算完成系统验证\二值决策图\布尔公式
仿真结果表明, GA-CPA和PSO-CPA两种部署算法均能在不同程度上降低网络状态时延, 从而保证了大部分网络状态下的最坏情况时延维持在较低范围\GA-CPA\PSO-CPA
网络最小费用流问题是经典的双目标优化问题, 其中利用的图论方法主要有负费用回路算法和最小费用路算法\负费用回路算法\最小费用路算法
通过改进的遗传算法得到较优的必经点序列, 利用带有禁忌搜索的迪杰斯特拉最短距离算法求必经点对之间的无环最短路径, 采用禁忌边的方式保证路径间重边最少\遗传算法\带有禁忌搜索的迪杰斯特拉最短距离算法
针对FP-Growth算法在构建FP-tree过程中需要对事务数据库扫描两次, 同时在利用FP-tree挖掘频繁项集过程中产生大量条件模式基和条件模式树的问题, 提出一种改进的FP-Growth算法\FP-Growth算法\FP-Growth算法
QoS路由方案根据链路代价使用基于Dijkstra算法的QoS路由算法为业务流选择满足带宽约束的QoS路由\Dijkstra算法\QoS路由算法
针对这一问题, 文中提出了基于Gossip协议的拜占庭共识算法, 使系统可以容忍小于一半的节点为拜占庭节点, 能够达到XFT共识算法的容错能力\基于Gossip协议的拜占庭共识算法\XFT共识算法
首先, 完成了基于簇头选举的分簇算法研究;然后, 根据跳数、转发方式和地理位置信息开展了簇内源车辆路由选择算法研究;其次, 通过引入等待时间、重发次数阈值和下游簇头, 实现了异簇间源车辆路由选择;最后, 通过车载自组网的通信终端选择与上级指挥所通信的最佳方式\基于簇头选举的分簇算法\簇内源车辆路由选择算法
首先, 通过从基站接收信号的强度判断节点的密度, 用K-means聚类算法将传感网划分成自治区域;其次, 给每个自治区域分配一个移动汇聚节点, 利用支持向量回归 (SVR) 的方法确定移动汇聚节点的轨迹;最后, 引入深度引力域和队列引力域, 通过ImprovedIDDR算法对时延敏感数据包和数据完整性要求高的数据包进行传输\K-means聚类算法\ImprovedIDDR算法
通过修改的K-means算法和Floyd-Warshall算法, 介绍了一种MKCR的分簇路由协议, 用于分簇形成和簇头 (CH) 选择\K-means算法\Floyd-Warshall算法
通过假设车辆流为截断的正态分布, 定义车辆速度的置信区间, 修改的K-means算法将车辆划分成在其速度置信范围内的三个簇, Floyd-Warshall算法计算所有VANETs车辆的最短距离, 将具有到其余车辆的最小平均距离且具有最小速度方差的车辆选择为簇头 (CH) \K-means算法\Floyd-Warshall算法
针对无线传感网络中的DV-hop定位算法误差较大、定位精度不高的问题, 提出了基于跳距加权的改进DV-hop定位算法\DV-hop定位算法\基于跳距加权的改进DV-hop定位算法
实验结果显示, AMT-ML算法的隐私保护性优于基于单环模式的K匿名混合传输算法 (AMT-SL) , 二层网络中多环模式的通信距离也小于单环模式的通信距离\AMT-ML算法\基于单环模式的K匿名混合传输算法 (AMT-SL)
对传统的DV-Hop定位算法采用模拟退火算法来替代最小二乘法来对未知节点进行定位\DV-Hop定位算法\模拟退火算法
文中提出一种新的影响最大化算法——有重叠社区划分的影响最大化算法 (K-clique Heuristic算法) , 该算法的思路是在现实社会网络中跨越多个社交圈子的节点的传播领域越广, 其交叉性更强、传播范围更广、影响力更大\影响最大化算法\有重叠社区划分的影响最大化算法 (K-clique Heuristic算法) 
因此, 引入影响力节点候选集的思路以及自适应重新计算的方法, 对LCIR算法进行改进, 提出基于局部集体影响的自适应排序算法 (local collective influence rank-adaptive recalculation algorithm, LCIR-AR) \LCIR算法\基于局部集体影响的自适应排序算法 (local collective influence rank-adaptive recalculation algorithm, LCIR-AR)
然而该方法采用TF-IDF对网络中结点的文本内容进行处理, 由于TF-IDF算法维度较高, 故难于精确刻画结点的内容表征, 且计算量较大\TF-IDF\TF-IDF算法
首先采用FCM聚类算法对网络进行分簇, 优化普通节点与簇头 (CH) 间距离;然后采用三参数的人工蜂群 (ABC) 算法选取每个簇的最优簇头;最后采用蚁群优化 (ACO) 算法搜索簇头至基站 (BS) 的多跳路径, 路径综合考虑了网络的能耗和负载均衡性能\FCM聚类算法\蚁群优化 (ACO) 算法
对现有的虚拟网络映射相关算法进行了研究, 重点介绍了当前多域虚拟网络映射算法的研究进展, 根据多域映射算法的不同特点进行了分类, 对代表性算法进行了详细介绍和对比, 最后从两个方面指出了未来多域虚拟网络映射的研究方向\多域虚拟网络映射算法\多域映射算法
近几年的研究发现修复过程中不同的节点选择机制对数据的再生时间产生很大的影响, 已有工作提出了单节点失效场景下的节点选择SPSN (select provider select newcomer) 算法, 系统中往往存在多个节点同时修复的情况, 此时, SPSN算法巨大的时空开销使得数据的再生时间不再最优\节点选择SPSN (select provider select newcomer) 算法\SPSN算法
将PMCD算法在不同的数据集上进行比较与分析, 实验结果表明, PMCD算法发现的社区接近真实结果, 并且在获取高质量社区及运行时间方面具备一定的优势\PMCD算法\PMCD算法
仿真结果表明, 与低复杂度算法相比, 贪婪式算法所得到的节点接入方案具有更高的网络总吞吐量, 但其复杂度略高, 因此可用于节点数目较少的场景, 而低复杂度算法可用于节点数目较多的场景\贪婪式算法\低复杂度算法
与图谱理论的一些弹性优化算法进行对比, 仿真结果表明在所研究的弹性量化指标中, 所提出的启发式算法可以优化网络拓扑, 相比于其他的改进算法应对随机故障和中心性攻击更加具有弹性\启发式算法\弹性优化算法
将强化学习的思想引入流量卸载算法中, 提出了一种异构网络中基于强化学习的流量卸载算法\流量卸载算法\基于强化学习的流量卸载算法
根据5G移动通信中高速率、低时延、大容量数据传输及多种场景的特点, 提出了一种面向5G的基于多元LDPC码的低复杂度译码算法, 即混合域Log-FFT-BP (Mixed Log-FFT-BP) 译码算法\基于多元LDPC码的低复杂度译码算法\混合域Log-FFT-BP (Mixed Log-FFT-BP) 译码算法
流调度的关键挑战在于设计低开销、高效率的调度算法, 以及在终端电脑或者网络交换机上实现调度算法\调度算法\调度算法
此外, HPLR算法由于采用混合式恢复策略, 其在同一规模下维护组播树所需的控制数据包总量均比对比算法Yang小约50KB\HPLR算法\算法Yang
依据待修复图像内的有效信息, 以固定重叠像素的方式将图像分块, 分别对图像块使用欧几里得距离进行训练匹配, 将得到的具有相似结构的图像块聚类为结构组作为图像稀疏表示的基本单位, 利用每个结构组的估计来快速学习字典\图像块聚类\图像稀疏表示
主要原因是, 该方法利用提取的尺度不变泡点 (SIFT keypoint) 来引导迭代就近点法 (ICP) , 但在大畸变图像上提取的SIFT点是不可靠的\迭代就近点法\ICP
提出一种离散剪切波变换正则化的低剂量CT图像统计迭代重建算法, 在数据保真项加入符合数据统计特性的系数加权, 以降低噪声对重建结果的影响, 并将待建图像在剪切波域可以稀疏表示作为先验信息, 利用增广拉格朗日方法将此先验信息作为正则化项加入目标函数, 缩小了解空间, 使不完备投影数据获得稳定而准确的重建\离散剪切波变换正则化的低剂量CT图像统计迭代重建算法\增广拉格朗日方法
利用基于块匹配 (Patch Match) 图像修复算法对破损区域较大且周围既含有几何结构信息又含有丰富纹理信息的图片进行修复时, 容易出现纹理延伸现象以及样本块误匹配问题\基于块匹配\Patch Match
为了获得良好的静脉区域图像, 采用形态学算法对指静脉原始图像进行感兴趣的区域提取, 并进一步使用高斯高通滤波器来增强图像\形态学算法\高斯高通滤波器
首先利用视觉显著性对噪声图像进行预处理, 得到噪声图像中人眼感兴趣的区域;然后运用对图像纹理保护较好的BM3D算法对该区域进行去噪处理, 对非感兴趣的区域采用运算速度较快的算术均值滤波算法实现去噪处理\BM3D算法\算术均值滤波算法
针对这种问题, 提出了一种贝叶斯非局部平均 (NLM) 滤波算法的改进策略\贝叶斯非局部平均\NLM
选择低频系数时, 采用基于联合结构组稀疏表示的系数选择方案;选择高频系数时, 采用方向区域拉普拉斯能量和 (DRSML) 与匹配度相结合的系数选择方案\DRSML\方向区域拉普拉斯能量和
就应用于医用内窥镜图像的计算机辅助诊断研究进展予以综述, 分别总结了基于人选特征和基于卷积神经网络的内窥镜图像分析方法, 最后分析了两类方法在处理内窥镜图像时的优势与缺点\基于人选特征\基于卷积神经网络的内窥镜图像分析方法
该算法首先采用模拟偏微分方程的热扩散迭代, 在小波域上进行维纳滤波去噪, 由此得到的中间结果再通过Perona-Malik算法进行二次去噪, 并在迭代过程中通过噪声权系数η的自适应性, 在去噪过程中最大程度地保留图像的有效信息\维纳滤波去噪\Perona-Malik算法
利用K-means方法对图像库中的所有图像的HSV值进行聚类, 获得基于HSV空间的颜色词袋表示向量, 避免了传统颜色直方图方法所带来的量化误差\K-means方法\聚类
与现有典型去噪方法的比较实验表明, 该迭代去噪算法, 即TV-ROAD算法, 既能够去除混合噪声, 又可以保留图像细节特征\迭代去噪算法\TV-ROAD算法
对由光照、背景相似度和背景模糊引起的图像全局变化, 采用快速压缩算法对目标进行跟踪;对由目标本身尺寸、旋转和遮挡引起的目标局部感兴趣区域变化, 采用融入改进背景加权尺度方向自适应均值漂移算法对目标进行跟踪\快速压缩算法\自适应均值漂移算法
根据藏文字符的结构和书写特征, 首先对藏文数字图像利用局部自适应方法进行二值化处理, 再采用基于基线的滤波处理噪声方法进行去噪处理, 以尽量简单直观地还原字符最原始的真实信息\局部自适应方法\基于基线的滤波处理噪声方法
经过理论分析, 实践研究表明, 改进后的Gabor滤波器提取指纹纹理的效果要优于传统Gabor算子\改进后的Gabor滤波器\传统Gabor算子
该算法首先使用阈值划分的方式选取候选点以增加初始样本点数量;然后引入聚类算法对原算法所得光源点簇进行合并以提高单个点簇所含样本点个数;同时, 使用比例阈值过滤掉不合理的点簇, 并将各点簇视为单独光源, 单独计算其对周围像素的影响, 其影响通过二维高斯分布函数进行建模;最后使用大气光图取代全局大气光复原图像\阈值划分\入聚类算法
Sort-last并行绘制方法广泛应用于大规模科学数据的并行可视化过程, 而并行图像合成方法直接决定了Sort-last方法的总体绘制性能\Sort-last\Sort-last方法
该方法改变了传统Direct Send方法中静态均匀分配图像子块的合成模式, 实验表明:所提出的Direct Send方法在并行图像合成性能方面明显优于现有方法, 为后续以Direct Send方法为基石构建更高效的大规模并行图像合成方法奠定了基础\传统Direct Send方法\所提出的Direct Send方法
作为一种有损压缩算法, 高压缩比的分形压缩算法具有较好的解压质量, 但其编码耗时过长\高压缩比的分形压缩算法\有损压缩算法
然后采用改进梯度幅值的方法对Canny算子进行优化, 通过对串行处理和改进Canny算子的并行化处理对比, 可以看出并行运算的优势, 图像越大, 优势越明显, 图像越清晰, 边缘更多、更加明显, 运算的时间也更快\Canny算子\Canny算子
该算法对含噪图像进行RPCA分解, 得到对应的稀疏图像和低秩图像, 再用一种基于阈值的隶属函数将低秩图像转化至等效的模糊特征平面, 并在该特征平面上进行模糊增强运算, 最后进行空域转化及边缘提取等操作得到最终的边缘图像\RPCA分解\基于阈值的隶属函数
在Krishnan和Fergus等人提出的基于超拉普拉斯先验的图像去模糊算法的基础上, 本文给出了一种改进的基于超拉普拉斯约束的单幅图像去模糊算法\基于超拉普拉斯先验的图像去模糊算法\改进的基于超拉普拉斯约束的单幅图像去模糊算法
主成分分析 (PCA) 是模式识别中一种重要的变换工具, 在图像处理的特征提取和降维方面有广泛的应用\主成分分析\PCA
但主成分分析和广义主成分分析都没有考虑到实际图像中存在的噪声干扰\主成分分析\广义主成分分析
在跨媒体相关模型基础上, 提出了融合图像类别信息的图像语义标注新方法, 并利用关联规则挖掘算法改善标注结果\融合图像类别信息的图像语义标注新方法\关联规则挖掘算法
受显微传感器和不规则收集方法的影响, 花粉图像常受到不同程度的噪声干扰且有着不同角度的旋转变化, 识别精度普遍不高, 为此提出了基于主梯度编码的局部二进制模式 (DGLBP) 描述子, 并应用于花粉图像的分类识别\基于主梯度编码的局部二进制模式 \DGLBP
首先, 该方法将输入图像依次翻转90°作为四通道的各自输入, 通过低通滤波和梯度算子将输入图像分解成高频和低频部分;接着, 分别利用卷积稀疏编码方法和三次插值方法对各通道低分辨率图像的高频部分和低频部分进行重建;最后, 对四通道输出图像加权求均值获得重建的高分辨率图像\卷积稀疏编码方法\三次插值方法
首先设计采用离散余弦变换或K-SVD算法获得冗余DCT字典、KSVDG全局字典及KSVDA自适应字典等三种不同的字典;然后分别基于上述三种不同的冗余字典, 稀疏表示待处理图像;最终图像中缺损的部分将通过冗余字典和稀疏系数有效地表示出来\离散余弦变换\K-SVD算法
同时, 对水印也执行DWT, 选择出低频子带, 通过Fibonacci置乱得到置乱矩阵, 将水印的置乱矩阵嵌入到主图像的块中\DWT\Fibonacci置乱
在水印提取过程中, 根据嵌入过程中设定的秘钥, 通过逆Fibonacci置乱和逆DWT过程提取水印\逆Fibonacci置乱\逆DWT
该方法包括一组带有灰度信息和概率评分的标准分类器, ESF可以由任意分类算法构造, 将其应用到基于边缘的水平集分割方法中\分类算法\基于边缘的水平集分割方法
分析讨论了阈值选取和预测的准确性, 对比分析了异或-置乱加密与异或加密生成的加密图像的内容安全性\异或-置乱加密\异或加密
首先, 利用简单线性迭代聚类 (SLIC) 将图像进行分割得到多个超像素区域, 通过区域间的对比和边界信息分别获得图像的显著区域与背景种子, 并通过计算得到基于区域间对比和基于背景的两幅显著图\简单线性迭代聚类\SLIC
然后, 在两幅图像中运用Seam Carving和Graph-based的图像分割法区分显著与非显著区域, 进而得到前景增强与背景抑制模板\Seam Carving\Graph-based
利用感受野自调节特性构造简单细胞感光层, 对卷积运算所获取的高斯差异结果进行特征点粗检测;利用脉冲信息流的反馈机制进行冗余点的剔除, 最终获得视觉注意机制下的代表性特征点\卷积运算\反馈机制
针对这一问题, 提出了对两幅图像重叠区域利用Wallis滤波器进行色差校正, 使两幅图像的色彩亮度趋于一致, 而对于多行多列的序列图像, 采用类“王”字型调整顺序逐个利用Wallis滤波器进行校正, 使其序列图像两两之间色彩亮度趋于一致\Wallis滤波器\Wallis滤波器
传统的聚类图像分割方法是基于单个像素属性进行的图像分割方法, 分割的结果有很大的噪声且具有不稳定性\聚类图像分割方法\图像分割方法
仿真结果表明, 与SLIC算法和DPCA进行对比, 发现该方法比另外两种方法更稳定且分割效果更好\SLIC算法\DPCA
对于手机扫描得到的满足要求的图像进行预处理, 包括:灰度化、缩放、中值滤波、自适应阈值Canny边缘检测;在此基础上使用概率Hough变换得到边缘检测图中的直线\自适应阈值Canny边缘检测\概率Hough变换
该方法首先利用金字塔光流法对检测的Harris角点进行跟踪和粗匹配, 并在此基础上利用RANSAC算法进行精确的匹配, 求得基础矩阵, 然后提取图像中的极线束并计算FOE\金字塔光流法\RANSAC算法
首先, 使用区域生长法和数学形态学法对PET图像进行预分割以获取初始轮廓, 初始轮廓用于获取PET图像和CT图像上随机游走所需的种子点, 同时作为约束加入到CT图像的随机游走过程中;依据CT图像解剖特征较强的特点, 利用CT解剖特征改进PET图像上随机游走的权值;最终将PET图像和CT图像上随机游走所获得的相似度矩阵进行加权, 在PET图像和CT图像上获得一个相同的分割轮廓\区域生长法\数学形态学法
分类归纳总结了目前已有的客观评价方法, 对目前最新的图像融合质量客观评价方法进行了分析研究, 并对目前已有的图像融合质量客观评价方法存在的缺陷和未来的研究趋势进行了分析与展望, 进一步为图像融合质量评价提供理论支撑\图像融合质量客观评价方法\图像融合质量客观评价方法
该方法通过共生矩阵分析图像的纹理特性, 自适应分配采样率, 在总采样率不变的前提下使纹理复杂度高的子块获得较高的采样率, 纹理复杂度低的子块获得较低的采样率, 并用SAMP (Sparsity Adaptive Matching Pursuit) 算法实现重构\SAMP \Sparsity Adaptive Matching Pursuit
算法首先通过梯度特征对图像进行Otsu阈值分割;在此基础上, 分别在不同分割区域内利用深度特征进行Otsu多阈值分割, 得到候选目标;然后, 在空域上利用像素的位置特征对候选目标进行分割、合并与去噪, 最终得到图像分割的结果\Otsu阈值分割\Otsu多阈值分割
为验证其有效性与可行性, 分别同基本图像质量评价准则的模糊熵图像阈值分割算法和粒子群优化广义模糊熵图像阈值分割算法相比较, 实验表明, 针对不同细节的图片, 该算法所得分割结果多数情况下背景信息更少, 目标信息更清晰, 用时更短, 分割更稳定且效果良好\模糊熵图像阈值分割算法\粒子群优化广义模糊熵图像阈值分割算法
针对结构光光源质量、物体表面反光等多种环境因素所带来的光带图像质量不佳的问题, 提出一种将极值法与Steger方法相结合, 并充分发挥两者优点的改进算法\极值法\Steger方法
该算法首先利用极值法快速得到光带中心的粗略位置和ROI光带区域, 然后根据区域中光带的线宽分段采用Steger法精确提取图像中光带的亚像素位置\极值法\Steger法
FAsT-Match (Fast Affine Template Matching) 算法很好地实现了二维仿射变换情况下的模板在连续图像中的快速、精准定位\FAsT-Match\Fast Affine Template Matching
实验中, 经小波变换后的低频系数采用自相似性区域划分技术, 获得区域划分标签图, 采用加权融合方法完成融合;高频系数结合标签图, 采用梯度能量绝对值最大值法完成融合\小波变换后\加权融合方法
将人脸图像进行二值化处理, 分割肤色区域, 采用LoG (Laplace of Gaussian) 算子进行卷积得到人脸边缘, 计算肤色区域和非肤色区域比值并进行堆排序, 在固定时间间隔内选择一帧最优人脸与数据库进行匹配\LoG \Laplace of Gaussian
采用基于二分法的尺度选择机制选出与捕捉到的人脸最相近的尺度, 用LDA算法将人脸图像与相近尺度的人脸库进行匹配\二分法\LDA算法
对图像进行预处理, 采用Zhang并行细化算法对图像进行细化;提出结合模板思想对非单一像素宽度的像素点进行消除;采用改进的毛刺消除算法进行毛刺消除\Zhang并行细化算法\改进的毛刺消除算法
用改进模糊C均值聚类算法对CT图像粗分割, 结合Freeman链码算法生成的三链码差对缺失的肺实质边缘进行修复, 获得完整的肺实质区域\改进模糊C均值聚类算\Freeman链码算法
最后对NSCT进行逆变换得到融合图像\NSCT\逆变换
仿真结果表明, WAMF算法不仅可以有效去除噪声, 而且较好地保存了图像细节, 滤波性能优于常见中值滤波算法\WAMF算法\常见中值滤波算法
对多源图像常用的融合方法尤其是基于金字塔分解的融合方法进行了研究, 分析了图像融合中的塔形分解优点, 提出了利用塔型分解图像融合的规则与流程, 并分别对基于单个像素和基于像素区域的融合方式进行了详细的描述\多源图像常用的融合方法\基于金字塔分解的融合方法
因此, 提出了基于属性权重排序的约简算法, 从而大大提升了约简的速度, 使得约简算法可以应用于大规模数据集, 特别是高维数据集中\基于属性权重排序的约简算法\约简算法
针对这个问题, 从算法的角度出发, 改进了原有的策略冲突检测方法, 并设计了一种新的策略冲突一次性消解算法\策略冲突检测方法\新的策略冲突一次性消解算法
针对传统C4.5算法存在容易产生冗余规则、决策树规模过大、分类速度过慢等问题, 提出一种基于余弦相似度的改进C4.5决策树算法\传统C4.5算法\基于余弦相似度的改进C4.5决策树算法
分析结果表明, 该方案在标准模型下能够达到输入的选择明文攻击 (CPA) 安全, 用户的计算代价远远小于服务器以及直接计算多项式函数的计算代价\选择明文攻击\CPA
最后利用有监督的支持向量机 (SVM) 对提取到的图属性进行建模, 以此来间接识别和检测网络中的异常用户\支持向量机\SVM
所提攻击算法拓展了原有攻击密钥长度为16字节的RC4算法的范围, 且在实际应用中能够更好地恢复经RC4算法加密的明文\攻击算法\RC4算法
实验结果与C-Tree及差别信息树算法进行比较, 提出的算法可以获得更优的属性约简结果, 有效地降低了空间复杂度\C-Tree\差别信息树算法
该算法能够检测出全部的静态冲突, 相对于目前典型的暴力算法与属性分割算法, 降低了时间复杂度和空间复杂度;同时支持属性的新增及策略的新增或删除, 能够更好地满足现代复杂网络环境的要求\暴力算法\属性分割算法
MIBS算法是Izadi等于2009年提出的一种轻量级分组密码算法\MIBS算法\轻量级分组密码算法
根据算法的等价结构, 构造了MIBS算法的一个6轮区分器, 通过依次在此区分器后面增加2轮、在前面增加2轮的方法, 对8/9/10轮的MIBS算法进行了碰撞攻击, 并给出了相应的攻击过程及复杂度分析\MIBS算法\MIBS算法
考虑到扩散码算法中高度并行的特点, 设计并给出GPU平台下图像加密算法的实现, 该算法相比于CPU平台有近180倍加速\扩散码算法\图像加密算法
然后由属性分类层次的变化, 给出了一种动态的形式概念构造算法, 该算法通过自学习的方式对原有知识加以使用, 它不仅继承了目前渐进式算法的优点, 还实现形式概念自身数据的变化\形式概念构造算法\渐进式算法
该协议利用基于RLWE的同态加密算法的加法同态性质在计票环节使用密文计票保护选民的私密, 利用中国剩余定理的性质对选票进行批处理, 提升计票能力\同态加密算法\RLWE
MORUS算法是被提交到CAESAR竞赛中的一种认证加密算法, 已经进入第三轮安全评估\MORUS算法\认证加密算法
实验结果表明, 算法SCE-PES的效率较SCE-PE提高了40%左右\SCE-PES\SCE-PE
实验结果表明, 加密算法只需2个指数运算和2个乘法运算;解密算法需要1个指数运算、1个乘法运算和2个双线性对运算\加密算法\解密算法
安全性分析和仿真对比结果表明, MARS协议可以抵抗多种网络攻击, 相比基于新型安全架构的VANET信任及认证协议和高效安全拓扑控制的VANET身份认证协议, MARS协议的开销分别为两种算法开销的18.01%和22.97%\ MARS\VANET
将协同传输方案设计解耦成波束赋形方向决策和基站功率分配两个子问题, 分别利用信漏噪比最大化算法和注水算法进行求解, 使得该协同传输方案能够动态适应用户的信道状况以及通信需求, 提升网络服务效率\信漏噪比最大化算法\注水算法
为研究ESF算法抵抗不可能差分攻击的能力, 首次对ESF算法进行相关密钥不可能差分分析, 结合密钥扩展算法的特点和轮函数本身的结构, 构造了两条10轮相关密钥不可能差分路径\ESF算法\密钥扩展算法
最后在标准模型中证明了该方案是选择明文攻击 (CPA) 安全的\CPA\选择明文攻击
而医疗数据往往是高维的、不平衡的和有噪声的, 因此提出一种新的数据处理方法——将SMOTE方法与Filter-Wrapper特征选择算法融合, 并将其应用于支持临床医疗决策\SMOTE方法\Filter-Wrapper特征选择算法
差分分析和线性分析是重要的密码算法分析工具\差分分析\线性分析
为此, 提出一种基于CPABE的可撤销属性加密访问控制算法, 为实现访问控制, 首先构建基于CP-ABE的可撤销属性加密访问控制的访问树, 并通过CP-ABE完成访问控制的初始构建和密钥生成\基于CPABE的可撤销属性加密访问控制算法\CP-ABE
实验结果显示, 基于协同过滤的三支粒推荐算法与传统协同过滤算法相比, 不但提高了算法的推荐质量, 而且降低了推荐成本\三支粒推荐算法\传统协同过滤算法
与传统的依据好友信任度的好友推荐算法相比, 传统的信任度算法仅仅考虑二度好友路径对用户之间好友信任度的影响, 而忽略了三度好友路径的作用\好友推荐算法\信任度算法
通过引入合成少数类过采样技术 (SMOTE) 算法并进行改进, 提出了均值SMOTE (M-SMOTE) 算法, 实现对流量数据的平衡化处理\均值SMOTE \M-SMOTE
针对自训练方法在迭代中选出的置信度高的无标记样本所含信息量不大和自训练方法容易误标记无标记样本的问题, 提出了一种结合半监督聚类和数据剪辑的Naive Bayes自训练方法\半监督聚类和数据剪辑\Naive Bayes
针对网页欺诈检测中特征的高维、冗余问题, 提出一个基于信息增益和遗传算法的改进特征选择算法 (IFS-BIGGA) \信息增益和遗传算法的改进特征选择算法\IFS-BIGGA
为了验证算法的有效性, 对医学成像上常用的点目标和斑目标进行了成像, 仿真实验结果表明:与特征空间最小方差算法和融合特征空间与相干系数的算法相比, 提出的方法提高了对比度和稳健性, 其代价是略微降低了成像分辨率\特征空间最小方差\融合特征空间与相干系数
极速学习机 (Extreme Learning Machine, ELM) 以其训练速度快、易实现、泛化性能好等优点受到了广泛关注\极速学习机\Extreme Learning Machine, ELM
针对传统ELM方法的不足之处, 提出一种权重随机正交的判别分析网络 (O-ENDA) \权重随机正交的判别分析网络 \O-ENDA
文中在经典的MOD算法中加入聚类算法, 提出一种增强型MOD字典学习算法 (E-MOD) \增强型MOD字典学习算法\E-MOD
稀疏保留投影 (SPP) 是一种以保持数据的稀疏表示结构为目的的降维方法, 该方法仅考虑了数据的稀疏重构关系而没有充分利用样本的类别信息\稀疏保留投影\SPP
为提高分类识别性能, 提出一种有监督的判别稀疏保留投影方法 (DSPP) \有监督的判别稀疏保留投影方法\DSPP
在实际的人脸识别中, 给定的训练图像往往存在遮挡和噪声, 导致稀疏表示分类 (SRC) 算法的性能下降\稀疏表示分类\SRC
针对现有的基于模式的序列分类算法对于生物序列存在分类精度不理想、模型训练时间长的问题, 提出密度感知模式, 并设计了基于密度感知模式的生物序列分类算法——BSC\密度感知模式的生物序列分类算法\BSC
采取典型相关分析 (CCA) 方法进行特征投影变换, 通过提高特征匹配能力来避免高维特征运算引起的维数灾难问题, 并在CCA转换后的投影空间使投影后查询集行人特征向量与相应的数据集特征向量近似成线性关系;利用行人数据集的块结构特征构建行人重识别模型, 采用交替方向框架求解优化问题;最后对查询集中要识别的行人采用残差项处理, 并将最小残差项所对应的指标作为最终识别的行人记号\典型相关分析 \CCA
最后使用基于耦合的K最邻近 (KNN) 算法完成整体的动作识别\耦合的K最邻近\KNN
然后, 提出多向投影的光流直方图 (DPHOF) 构造方法, 并与3D梯度方向直方图 (HOG3D) 结合描述视频块;利用SOM构造全局视频描述子\多向投影的光流直方图\DPHOF
首先根据特征提取的需求, 对每幅签名图像进行平滑处理、二值化、归一化和细化等预处理操作;然后提取每一幅签名的128维局部中心点特征和112维ETDT特征, 将得到的两种特征组合形成新的高维特征;最后分别利用距离度量和相似性度量算法进行训练和识别\距离度量\相似性度量算法
利用有向无环图, 将使用Spark中并行二分类SVM算法训练得到的子分类器组合得到并行多分类SVM分类器\二分类SVM算法\并行多分类SVM分类器
利用AP聚类算法和K-SVD算法为稀疏分类器学习超完备字典, 在此基础上按重构误差最小化原则更新类别标签\AP聚类算法\K-SVD算法
为提高支持向量机 (SVM) 算法的分类精度, 本文基于SVM分类算法工作原理, 提出一种新的样本权值设置方法, 并将SVM最大分类间隔因素引入蚁群算法 (ACO) 中, 实现了优化的混合加权核函数选取\支持向量机\SVM
针对极限学习机 (ELM) 未充分利用未标注样本、训练精度受网络权值初值影响的问题, 提出一种基于协同训练与差分进化的改进ELM算法 (Tri-DE-ELM) \协同训练与差分进化的改进ELM算法\Tri-DE-ELM
针对现有特征选择算法最佳特征个数难以确定及分类准确率有待进一步提高等问题, 提出一种同时考虑相关性和冗余度的多准则赋权排序的算法 (m CRC) , m CRC结合两种准则同时对特征进行排序, 并利用C-SVM对按重要性降序排好的特征采用顺序前向浮动搜索得出最佳特征子集\同时考虑相关性和冗余度的多准则赋权排序的算法\m CRC
针对K-最近邻 (KNN) 分类算法在当前大数据背景下分类效率降低、分类效果不理想的问题, 提出了一种基于Spark框架与词语相关度优化的高效KNN文本分类算法\K-最近邻\KNN
基于分类器链算法, 利用互信息度量理论构造分类对象的类属性之间明确的多标记关系依赖模型, 并依据建立的标记依赖模型将分类器链中的线性依赖拓展成树型依赖, 以适应更为复杂的标记依赖关系;同时, 在此基础上利用Stacking集成学习方法建立最终训练模型, 提出了一种新的针对树型依赖表示模型的Stacking算法\分类器链算法\针对树型依赖表示模型的Stacking算法
针对大多数的距离度量学习算法由于缺少可靠训练样本出现的过拟合现象, 提出一种对测度矩阵的正则化方法\大多数的距离度量学习算法\对测度矩阵的正则化方法
在预测阶段, 使用划分算法 (如K-Means) 从分类器库中选择一个模型用于预测样本类别\划分算法\K-Means
由于标记样本耗时耗力, 未标记样本往往容易获取并且包含有用信息, 鉴于此, 提出了一种基于正样本和未标记样本的遥感图像分类方法 (PUL) \于正样本和未标记样本的遥感图像分类方法 \PUL
考虑互信息方法倾向选择低频词的缺点, 并研究特征词在不同类别文档内的分布情况对互信息方法的特征选择的影响, 通过引入特征的词频因子和调节参数对卡方统计量方法和互信息方法进行改进, 并混合改进后的卡方统计量方法和互信息方法, 提出一种混合的特征选择算法 (CHMI) \混合的特征选择算法 \CHMI
为了提高肌电信号手势识别算法的准确度, 增强实时性, 提出了一种基于动态时间规整 (DTW) 算法的手势识别方法, 该方法利用肌电信号 (EMG) 对个体间的手势进行识别\肌电信号手势识别算法\动态时间规整 (DTW) 算法
该模型基于AS的记忆原理, 结合大脑皮层的记忆机制来细化记忆的过程, 进而提出针对该模型的学习记忆算法\基于AS的记忆原理\学习记忆算法
针对该问题, 提出了一个综合定位误差和分类误差的判别函数用于判别难正样本, 基于该函数和难负样本挖掘提出了改进的自助采样法, 并提出了基于该自助采样的“五步训练法”用于训练Faster RCNN\一个综合定位误差和分类误差的判别函数\改进的自助采样法
理论上, 给出了循环随机假设空间的一致泛化误差上界及其相对于最优泛化误差的收敛性\最优泛化误差\一致泛化误差
结合动态程序分析和机器学习方法, 提出了基于动态行为分析的网页木马检测方法\动态程序分析和机器学习方法\基于动态行为分析的网页木马检测方法
在卷积操作后直接存储模拟形式的计算结果, 使得卷积操作与池化操作之间避免了1次模数-数模转换过程\卷积操作\池化操作
随机森林是包含了多种分类器的集成学习方法\随机森林\分类器的集成学习方法
针对目前特征选择算法没有考虑标签间的相互关系, 以及信息量的衡量范围存在偏差的问题, 提出一种基于标签关系改进的多标签特征选择算法\特征选择算法\签关系改
然而, 现有的大多数主动学习算法都是基于分类器的监督学习方法, 这类算法并不适用于无任何标签信息的样本选择\主动学习算法\分类器的监督学习方法
通过与SVM识别算法进行对比, 验证了BP神经网络算法的有效性\SVM识别算法\BP神经网络算法
针对文本分类中的特征选择问题, 提出了一种考虑特征之间交互作用的文本分类特征选择算法——MaxInteraction\考虑特征之间交互作用的文本分类特征选择算法\MaxInteraction
首先通过分段降维方法——分段局部最大值平滑法 (PLM) 有效提取序列特征信息, 减少UDTW的计算代价;其次, 考虑了时间序列形态特征的相似性要求, 给过度弯曲路径设置动态惩罚系数, 以此修正路径的弯曲程度;最后, 在改进度量距离基础上, 采用1-近邻分类算法对时序数据进行分类, 以提高时间序列相似性度量的准确率和效率\分段降维方法\1-近邻分类算法
针对已有动作识别算法训练速度慢且识别精度不高等问题, 提出了基于稀疏编码局部时空描述子的动作识别方法\动作识别算法\基于稀疏编码局部时空描述子的动作识别方法
针对传统随机森林算法不能有效、快速地处理海量高维数据, 导致分类效果不理想的问题, 以提高分类准确率和运行效率为目的, 提出了一种基于Hadoop平台的分布式可扩展随机森林算法\传统随机森林算法\基于Hadoop平台的分布式可扩展随机森林算法
通过对传统Jaccard算法的研究和改进, 提出了一种基于词向量的Jaccard句子相似度算法\Jaccard算法\基于词向量的Jaccard句子相似度算法
针对高速骨干网上网络流量的高速性与演化特性, 基于在线稀疏学习算法FTPRL, 提出一种在线多任务特征选择学习算法-MT-FTPRL\在线稀疏学习算法FTPRL\在线多任务特征选择学习算法-MT-FTPRL
最后, 使用置信度聚合与传播策略进行视差图优化, 得到高质量的视差图\置信度聚合\传播策略
以往的多样本扩充的人脸算法, 是将新生成的虚拟训练样本与原始训练样本结合在一起, 作为总的训练样本进行人脸识别, 新算法是将不同途径构成的训练样本分别进行参数加权融合, 采用基于协同表示的分类算法进行人脸识别\多样本扩充的人脸算法\基于协同表示的分类算法
最终将改进的TFIDF算法与传统特征提取算法进行对比\改进的TFIDF算法\特征提取算法
该方法由系统学习阶段和动作识别阶段两部分组成\系统学习阶段\动作识别阶段
其次, 在动作识别阶段, 使用模糊神经网络和图模型推理算法进行动作识别, 从而得到识别结果\模糊神经网络\图模型推理算法
提出基于冲突博弈的海量信息智能分类方法, 对信息特征进行提取;在此基础上, 根据海量信息的正交属性确定海量信息的分类策略, 引入纳什均衡策略和帕累托最优策略, 求取海量信息分类问题的最优解, 完善分类策略;利用冲突信息检测方法判断冲突信息检测分类是否存在冲突, 若存在冲突, 则转化为约束满足问题, 通过分析分类问题的约束变量确定分类中的操作冲突内容, 建立海量信息分类中冲突判别的表达式, 实现海量信息的智能分类研究\纳什均衡策略\帕累托最优策略
WML-kN N (weighted multi-label k nearest neighbor) 算法中近邻点个数取固定值, 而没有考虑样本数据的实际特点, 可能会将相似度高的点排除在近邻集外, 或者将相似度低的点包含在近邻集内, 这些都会影响分类器的性能\WML-kN N\weighted multi-label k nearest neighbor
然而, 已有的算法并不能充分地探究标签之间的依赖关系和解决标签缺失问题, 为此提出一种基于神经网络探究标签依赖关系的算法NN＿AD＿Omega, 它能够有效地处理这2个挑战\基于神经网络探究标签依赖关系的算法\NN＿AD＿Omega
本文针对传统CHI特征选择算法忽略高频特征词和放大外围特征词权重的问题, 提出一种基于MapReduce的CHI文本特征选择机制\CHI特征选择算法\MapReduce的CHI文本特征选择机制
通过两个模拟电路诊断实例表明:相比于单核学习算法, 所提方法可以显著提升诊断精度, 并且可以将难以辨识的故障样本更加准确地隔离到相应模糊组中;相比于一般的多核学习算法, 所提方法在取得相似诊断精度的同时, 时间花费更少\核学习算法\多核学习算法
传统社团检测算法大多基于网络拓扑结构, 没有充分利用网络节点的标签等信息, 所以无法合理地解释得到的社团结构\社团检测算法\网络拓扑结构
据此, 提出了一种基于改进在线序列学习机的危险源识别算法HI-OSELM\基于改进在线序列学习机的危险源识别算法\HI-OSELM
为了解决传统的随机森林算法在随机特征选择时, 导致少数比较重要的特征变量被过滤掉的问题, 以及没有考虑特征变量相关性对预测应变量准确性带来的影响, 提出了一种基于随机森林的自适应特征选择算法SARFFS\随机森林算法\基于随机森林的自适应特征选择算法SARFFS
鉴于此, 提出一种新的过采样算法NKSMOTE (New Kernel Synthetic Minority Over-Sampling Technique) \NKSMOTE\New Kernel Synthetic Minority Over-Sampling Technique
针对有标签图片数量较少以及人工标注成本较大的问题, 提出了在主动学习算法的基础上建立计算人脸类标签后验分布的判别模型的方法\在主动学习算法\计算人脸类标签后验分布的判别模型的方法
为了减少候选标记数目以降低偏标记学习难度, 提出了一种基于三元纠错输出码的偏标记学习算法 (PL-TECOC) , 该算法将偏标记学习问题转换为多个二类学习问题, 并对学到的多个二类分类器进行最终集成\基于三元纠错输出码的偏标记学习算法\PL-TECOC
将word2vec和LDA算法相结合, 对文本主题进行提取研究\word2vec\LDA算法
最近的研究表明, 森林优化特征选择算法 (FSFOA) 具有更好的分类性能及较好的维度缩减能力\森林优化特征选择算法\FSFOA
实验结果表明:与FSFOA相比, IFSFOA在分类性能和维度缩减上均有明显提高\IFSFOA\FSFOA
将IFSFOA算法与近几年提出的比较高效的特征选择方法进行对比, 不论是在准确率, 还是在维度缩减上, IFSFOA仍具有很强的竞争力\IFSFOA算法\ IFSFOA
提出了一种基于袋外数据估计的分类误差, 利用改进的网格搜索算法对随机森林算法中的决策树数量和候选分裂属性数进行参数优化的随机森林算法\随机森林算法\随机森林算法
实验结果表明, 相对于SIFT、SURF算法, 该算法在视点、缩放旋转和JPEG压缩变换下有更强的鲁棒性, 在保证识别精度的情况下, 训练速度和识别速度明显提高\SIFT\SURF算法
针对当前的动作识别算法难以有效识别复杂动作的问题, 提出一种人体行为识别算法\动作识别算法\人体行为识别算法
同时, 受组合优化问题的启发, 利用二进制遗传算法对半监督特征提取算法得到的特征空间进行优化\二进制遗传算法\半监督特征提取算法
然后, 通过Hash和点对交换划分算法, 验证图结构特征与划分效果之间的关系\Hash\点对交换划分算法
针对分支定界思想的调度算法运行速度较慢的问题, 提出最有前途分支启发式 (MPBH) 算法\调度算法\最有前途分支启发式 (MPBH) 算法
针对多数隐私保护的频繁模式挖掘算法需要多次数据库扫描以及计数时需要进行多次比较的不足, 提出了一种增量的基于位图的部分隐藏随机化回答 (IBRRPH) 算法\频繁模式挖掘算法\基于位图的部分隐藏随机化回答 (IBRRPH) 算法
利用唑染色方法对种子信息数据进行采集, 通过灰色理论对种子信息数据进行空穴处理和分类等, 同时基于3S技术对耕地信息实施采集;利用CLA匹配算法对种子与耕地进行匹配, 通过量子化PSO对种子投放位置进行更新, 实现作物与耕地的双向选择\唑染色方法\CLA匹配算法
提出一种信号复用/解复用算法, 其基本思想是信号复用算法在仿真器的FPGA中实现, 将仿真信号复用重组, 并在一个仿真周期内通过同组仿真输出通道分批发送;信号解复用算法在接口板卡CPLD中实现, 根据解析出的同步时钟信号和寻址信号, 将重组信号还原, 并发送给被测控制器\信号复用/解复用算法\信号复用算法
因此在分析调度领域海量数据和专业知识的基础上, 建立基于本体的调度知识关系模型及知识表示;考虑数据挖掘与知识结合的关系, 集成支持向量机和CART决策树学习算法, 以实现数据驱动的调度规则获取, 并分析调度知识挖掘框架下调度规则的挖掘过程;将调度知识和人工鱼群算法相结合用于生产调度的优化计算, 改进人工鱼初始化过程\支持向量机\CART决策树学习算法
其中, Pb-topk算法采用差值递增的策略, 减少了需处理的字符串数目;PbCount-topk算法采用匹配数目划分的策略, 进一步缩小了候选集的规模\Pb-topk算法\PbCount-topk算法
通过对已实现的Apriori算法进行优化, 引入FIS-IS算法思想, 从数据库扫描次数和容量消减方向进行改进\FIS-IS算法\Apriori算法
为克服Petri网在推理分析复杂、不确定的故障信息中的不足, 引入置信度最大及深度搜索优先的诊断方法, 将Petri网和模糊推理知识相结合, 提出模糊Petri网故障诊断方法及其概念与规则表示, 采用反向推理算法根据已发生的故障来定位故障源, 给出推理算法的具体步骤\模糊Petri网故障诊断方法\反向推理算法
首先介绍了存储系统中基于纠删码的单磁盘错误重构优化方法的研究背景与研究意义, 给出了纠删码的基本概念与定义, 并分析了单磁盘错误重构优化的基本原理;接着归纳了现有的一些主流单磁盘错误重构方法的构造算法及其优缺点与适用范围, 并分类介绍了一些用于优化单磁盘错误重构效率的新型纠删码技术;最后指出了存储系统中基于纠删码的磁盘错误重构方法的进一步研究方向\基于纠删码的单磁盘错误重构优化方法\单磁盘错误重构方法的构造算法
最后我们针对DFTL算法, 设计了一个验证框架, 在这个验证框架和形式化的NAND闪存模型的基础上, 对DFTL算法的的一些基本性质进行了验证\DFTL算法\DFTL算法
为了提高温度场重建的精度, 提出了基于萤火虫算法的温度场重建方法\萤火虫算法\温度场重建方法
首先, 介绍了一种节点影响力排名不依赖于整个网络的现有影响力最大化算法;然后, 通过预训练k, 找到对现有算法具有最佳优化效果且与选择种子数无关的k值;最后, 通过计算图的k-核过滤不属于k-核子图的节点和边, 在k-核子图上执行现有影响最大化算法, 达到降低计算复杂度的目的\影响力最大化算法\影响最大化算法
在空间co-location模式挖掘过程中, 引入实例间的相互作用率和对象的季均收益, 定义了对象作用率、套间总收益和增益率等概念, 并提出挖掘高增益率co-location模式的基础算法 (NAGA) 和有效的剪枝算法 (NAGAJZ) \基础算法 (NAGA) \有效的剪枝算法 (NAGAJZ)
首先收集商品的相关数据, 建立特征值数据库;其次利用基于有监督学习的支持向量机 (SVM) 算法建立分类器, 求解刷单行为的判断结果;最后通过朴素贝叶斯公式计算商品刷单行为的概率, 反馈给买家, 为其提供购物的参考数据\持向量机 (SVM) 算法\朴素贝叶斯公式
但单一智能算法在解决很多复杂问题时依然存在不足, 利用算法之间互补性的混合算法便应运而生, 并且取得了较好的实验效果, 被越来越多的国内外学者所关注\单一智能算法\混合算法
首先引入带形状参数的均匀B样条基函数, 剖析形状参数的几何意义;其次定义带形状参数的三次均匀B样条曲线, 分析曲线的基本性质, 并阐述形状参数对曲线的调节功能;最后将形状参数引入到均匀B样条曲面的表示中, 重点讨论B样条曲面的基本性质以及形状参数对曲面形状的影响, 并给出了具体的实例\三次均匀B样条曲线\带形状参数的均匀B样条基函数
双阈值中, 第一阈值控制OMP算法迭代次数, 得到CoSaMP算法的最优初始输入;第二阈值控制信号的重构精度, 以此实现精确快速地重构出稀疏信号\OMP算法\CoSaMP算法
然后根据K-medoids的聚类结果, 合并小文件块之后再进行DELTA压缩\K-medoids\DELTA压缩
然后在此基础上, 运用线性等分插值和Cardinal样条曲线相结合的拟合算法, 对视点追踪路径进行了优化, 解决了漫游过程中视点跳跃现象和失真现象\线性等分插值\Cardinal样条曲线
频繁模式挖掘作为众多挖掘算法中的一类基本算法, 研究主要包括项目集合、项目序列和时间序列等各种数据中的频繁模式挖掘\频繁模式挖掘\频繁模式挖掘
文中提出了一种针对海量通信数据的频繁通信子图并行挖掘算法PMFCS\PMFCS\针对海量通信数据的频繁通信子图并行挖掘算法
实验结果表明, 该方法能够有效识别特定事件的意见领袖, 改进后的LeaderRank算法相比LeaderRank等算法能够更有效地识别意见领袖\ 改进后的LeaderRank算法\比LeaderRank
提出一种基于NVM的Shuffle优化策略——NV-Shuffle\于NVM的Shuffle优化策略\NV-Shuffle
首先提出了一种通过HTM进行ACID事务处理的软硬件解决方案——持久化HTM (persistent HTM, PHTM) \持久化HTM \PHTM
实验结果表明, AutoTest能够有效支持大批量测试用例的设计和生成, 根据OED (正交实验设计) 算法生成的测试用例与IPO组合算法得到的用例相比, 具有更为理想的测试覆盖率\OED (正交实验设计) 算法\IPO组合算法
与RSSI算法的对比仿真结果表明:该算法能快速达到演化均衡, 用户平均收益高于RSSI算法, 接入网络的用户分布更均衡, 能合理利用网络资源\RSSI算法\RSSI算法
因此, DWFM的分块大小和边界更加符合数据特性, 减少了参数设置对重复数据删除算法性能的影响, 在处理不同类型的数据时, 可以有效地消除更多的重复数据\DWFM\重复数据删除算法
传统的缓存污染防御策略无法全面覆盖各种攻击方式, 为此提出一种可调控的浏览器缓存污染防御策略\缓存污染防御策略\可调控的浏览器缓存污染防御策略
实验比较了MTi及ADIS16480内置的卡尔曼算法和该文构造的自适应卡尔曼算法, 结果证明了后者的有效性\卡尔曼算法\自适应卡尔曼算法
为了SSL/TLS协议的安全性与性能能同时满足用户的需求, 基于国家商用密码算法 (国密算法) 的安全性强于通用密码算法、性能弱于通用密码算法的现状, 在Open SSL基础上设计一种SM2与RSA自动切换的算法以满足在性能达标的前提下提高系统的安全性\基于国家商用密码算法 (国密算法) \通用密码算法
CMT-SC提出了平稳特征参数 (S参数) 和拥塞特征参数 (C参数) , 基于路径的往返时间评估路径状态;依据S参数和C参数, CMT-SC将无线环境下的丢包类型分为无线随机丢包和拥塞丢包, 分别执行相应的拥塞控制机制\CMT-SC\CMT-SC
同时因马氏距离考虑了特征描述子向量间的相关性, 在匹配时用马氏距离双向匹配方法代替欧氏距离进行匹配, 并用RANSAC (随机抽样一致性) 方法消除误配点\马氏距离双向匹配方法\RANSAC
为了从复杂工况下获取滚动轴承故障信息, 提出了一种基于广义形态滤波和多分辨奇异值分解 (MultiResolution Singular Value Decomposition, MRSVD) 相结合的方法\MultiResolution Singular Value Decompositio\MRSVD
该算法的重点是通过CHAN算法初步计算出移动台位置的中间估计结果, 并建立残差函数来衡量中间结果的准确程度, 通过残差加权的方式优化CHAN算法在非视距环境中的性能\CHAN算法\CHAN算法
为解决这一问题, 在ALOHA算法的基础上提出了一种基于CSMA/CD改进的混合RFID防碰撞算法\ALOHA算法\基于CSMA/CD改进的混合RFID防碰撞算法
分析了基于卷积的离轴数字全息重构的基本原理, 建立了离轴数字全息三维重构的一般过程, 通过最小范数法对图像进行解包裹计算\基于卷积的离轴数字全息重构\最小范数法
其基本思想是, 通过生成指数多项式空间的指数B样条细分法, 得到具有相同空间再生性的插值细分法\指数B样条细分法\插值细分法
对此, 利用疾病公开数据库构建了包含基因、疾病、表型这3类异构类型节点的疾病信息网络, 并设计了基于疾病信息网络的相似基因搜索算法gSim-Miner\gSim-Miner\基因搜索算法
针对这一在线优化问题, 提出了一个基于李雅普诺夫优化理论的任务调度算法JOSA, 该算法只使用当前时间片的系统信息进行调度\在线优化问题\任务调度算法JOSA
为提供低成本高效益的可用性, 并提高云存储的性能和负载均衡, 本文提出一种动态副本管理机制DRM (Dynamic Replica Management scheme) \动态副本管理机制DRM\Dynamic Replica Management scheme
通过多个数据集对两种选取方法实验, 结果表明基于贪婪策略选取方法可高效捕获流场的关键特征, 基于蒙特卡洛方法选取流线更加均匀, 保持了流场全局变化规律, 两种方法的结合得到更优化的流场可视化效果\基于贪婪策略选取方法\ 基于蒙特卡洛方法
通过对比实验及实验结果分析发现, 相比PCPIR-V算法, H-PCPIR-V算法在服务端的计算代价下降30%左右, 客户端的计算代价下降10%左右, 通信代价下降40%左右\PCPIR-V算法\ H-PCPIR-V算法
对相同规模的问题提出的算法比Newmark算法快, 优于Newmark算法\Newmark算法\Newmark算法
设计遗传与蚁群融合算法 (GAAA) 对模型进行求解, 分析接力模式和混合模式下的效率问题, 并将GAAA与CPLEX求得的解进行对比分析\蚁群融合算法\GAAA
为了解决这一问题, 提出一种新的图分割方法:通信均衡标签交换方法\图分割方法\通信均衡标签交换方法
对此, 对FP-growth算法的挖掘过程进行改进, 提出一种基于SOM (self-organizing map) 划分的FP-growth算法\FP-growth算法\基于SOM (self-organizing map) 划分的FP-growth算法
该算法针对语音识别阶段的方法进行改进:首先对输入的测试语音信号进行预处理, 包括预加重、分帧加窗和端点检测, 然后提取预处理语音信号的特征参数矢量, 并通过截取测试语音特征矢量起始部分长度与库模板矢量进行最优路径匹配 (最优时间规整) , 匹配后只保留失真度较小的部分库模板矢量继续进行下一轮最优路径匹配, 如此反复截取测试语音特征矢量的起始不同部分进行最优路径匹配与参考模板保留, 直至参考模板保留唯一\最优路径匹配\最优时间规整
首先介绍了图编辑距离的相关概念;然后简述了基于启发式搜索技术的精确图编辑距离算法, 重点分析了基于二分图匹配的近似图编辑距离算法;最后对现存的一些图编辑问题进行了总结, 并对未来的发展趋势进行了展望\基于启发式搜索技术的精确图编辑距离算法\基于二分图匹配的近似图编辑距离算法
分布式模型检测是一种缓解状态空间爆炸的有效途径, 已有文献提出了定性的分布式模型验证算法, 然而定量LTL验证算法并行化问题还未得到有效解决\定性的分布式模型验证算法\定量LTL验证算法
在此基础上禁忌搜索算法又将其能耗降低到1942, 这进一步说明了提出的启发式算法能够产生高质量的近似解\禁忌搜索算法\启发式算法
压缩采样匹配追踪 (CoSaMP) 算法的性能受初始支撑集选择的制约, 初始支撑集选择不准确不仅影响重构精度, 还会降低重构速度\CoSaMP\压缩采样匹配追踪
该算法按照元素的元素覆盖值从大到小的顺序依次处理元素, 并在求解碰集的过程中加入启发式策略和剪枝策略, 使得搜索空间极大减少;利用邻接链表存储输入的极小冲突集合簇, 邻接链表相对于用矩阵作为存储结构有较好的空间开销且通过邻接指向能快速地找到元素可以覆盖的集合簇中的元素;每得到一个碰集便使用极小碰集判定规则进行筛选, 因此算法结束时可以产生而且仅产生所有的极小碰集\启发式策略\剪枝策略
接着, 用归一化最小均方自适应滤波算法优化相位谱补偿算法的补偿因子\归一化最小均方自适应滤波算法\相位谱补偿算法
实验结果表明, 该算法能取得比Chan算法与最小二乘估计法这些经典算法优异的性能, 使得定位精度大大增加\Chan算法\最小二乘估计法
由于一般的基于哈希表的TCP查找算法的性能会在TCP会话过多的情况下急剧恶化, 且会导致计算机查找TCP会话时产生缓存占用过多的情况, 因此提出了一种优化后用来支持高性能计算网络中计算机查找大量TCP会话的高效的TCP查找算法\基于哈希表的TCP查找算法\支持高性能计算网络中计算机查找大量TCP会话的高效的TCP查找算法
第一次是对心音信号进行小波变换后, 采用最优阈值实现小波去噪, 该阈值函数的自适应选择既可消除背景噪声, 也不会导致信号某些微弱特性的消失;第二次自适应阈值的选择是对心音信号进行分段的过程中, 通过对阈值的选择, 达到心音最优的分段结果\小波变换\最优阈值
模型包括三个部分:基于物理能力和社会关系资源提供力的任务承包方选择策略、基于动态综合关系网的任务分配协商过程和基于直接社会关系资源的任务再分配机制\任务承包方选择策略\任务再分配机制
针对二进制协议报文格式逆向分析中字段切分问题, 提出以格式关键词为逆向分析目标, 通过改进的n-gram算法和最佳路径搜索算法实现对二进制协议格式关键词的最优定界\n-gram算法\最佳路径搜索算法
与VDV和AutoReEngine经典算法相比, 所提算法的F值平均提升约8个百分点\VDV\AutoReEngine
同时由于Ad Hoc网络资源有限性, 文中对现有的COOP缓存发现策略引入了核心节点概念, 提出一种改进的E-COOP策略\E-COOP策略\COOP缓存发现策略
利用有效的交替方向乘子法 (alternating direction method of multipliers, ADMM) 对这些模型进行求解\交替方向乘子法\alternating direction method of multipliers, ADMM
以新一代应用层协议HTTP/2为基础, 提出了一种新的隐蔽信道方法——H2CSC\隐蔽信道方法\H2CSC
文中部署了OpenStack云管理平台, 并对传统的线性回归和马尔可夫链进行分析, 总结出它们现有的弊端, 并充分结合两种算法对云平台进行预测\线性回归\马尔可夫链
该算法是LASSO算法在张量空间的一个扩展, 首先使用加权向量对张量做模乘运算, 将张量空间变换到向量空间;然后在该空间上使用LASSO算法对目标值进行回归分析, 得到该方向上的加权向量, 采用交替迭代算法依次优化各个方向的加权向量;最后, 使用各个方向的最优加权向量和张量数据做模乘运算得到预测变量值\LASSO算法\LASSO算法
同时相比于经典的AC改进算法, AC-IM算法具有更大跳跃距离和耗时更少的特点\AC改进算法\ AC-IM算法
针对此问题, 提出一种最优正则化参数的核FCM算法, 首先在核FCM的目标函数中引入正则化项和正则化参数;然后推导出用L曲线法寻优正则化参数所需的迭代更新公式;最后用迭代更新公式设计最优正则化参数的核FCM算法\核FCM算法\核FCM算法
针对该问题, 提出了一种基于结构分解的增量图模式匹配算法Inc＿CFLS\增量图模式匹配算法\Inc＿CFLS
针对传统K-均值算法对初始聚类中心选择较为敏感的问题, 提出了一种基于融合集群度与距离均衡优化选择的K-均值聚类 (K-MCD) 算法\K-均值算法\基于融合集群度与距离均衡优化选择的K-均值聚类 (K-MCD) 算法
算法将像素值和坐标映射到高维特征空间中, 通过对该特征空间中的每个点赋予适当的权重, 使加权K均值和归一化割的目标函数的优化在数学上等价\加权K均值\归一化割的目标函数
实验结果表明, WKK-SLIC算法在评估超像素分割的几个标准上优于SLIC算法\WKK-SLIC算法\SLIC算法
图结构聚类 (SCAN) 是一种著名的基于密度的图聚类算法, 该算法不仅能够找到图中的聚类结构, 而且还能发现图中的Hub节点和离群节点\图结构聚类\基于密度的图聚类算法
提出了对基于图松弛优化聚类进行快速近似提升的两种方法:一个是基于k均值聚类, 另一个是基于随机投影树\基于k均值聚类\基于随机投影树
为了减少数据噪声, 在谱多流形聚类 (Spectral M ulti-M anifold Clustering, 简称SM M C) 的基础上引入一个噪声消除项, 能够在迭代优化的过程中输出一个降噪稀疏投影, 该投影进而可用于提取“干净”数据进行训练\谱多流形聚类\噪声消除项
其次, 采用SIFT算法提取关键点, 以K-means聚类方法计算关键点描述符集合的聚类中心, 经拟合得到步态特征进行识别\SIFT算法\K-means聚类方法
等度量映射 (ISOMAP) 算法是一种被广泛应用的非线性无监督降维算法, 通过保持各个观测样本间的测地距离进行等距嵌入, 从而实现高维空间向低维空间的坐标转换\度量映射 (ISOMAP) 算法\非线性无监督降维算法
针对以上问题, 对传统的K-means算法进行研究, 将随机初始化中心点的算法进行改进, 提出一种随机均匀初始化中心点算法\传统的K-means算法\随机均匀初始化中心点算法
在此基础上理论推导出余弦K-means算法及其拓展算法的簇内中心点计算方法, 并进一步改进了聚类初始簇中心的选取方案, 形成新的文本聚类算法MCSKM++\余弦K-means算法\新的文本聚类算法MCSKM++
该方法首先利用BTM学习整个Web服务描述文档集的隐含主题, 通过推理得出每篇文档的主题分布, 然后应用K-Means算法对Web服务进行聚类\BTM\K-Means算法
实验结果表明, Kn MOABC的性能优于三个最新的多目标人工蜂群对比算法\Kn MOABC\多目标人工蜂群对比算法
算法在基本果蝇优化算法的基础上采用分群策略和动态半径, 在群A中从种群位置开始以动态半径探索新的可行解, 在群B中则通过非支配个体之间的交叉操作进行密集搜索\基本果蝇优化算法\分群策略
对四类实例的计算结果表明, FirBFO和SecBFO都非常适于求解大规模的D{0-1}KP实例, 能得到最优解或近似比接近1的近似解\FirBFO\SecBFO
针对矩形装填物的特点, 提出了启发式格局更新策略, 以引导抽样算法在解空间中进行有效行走\启发式格局更新策略\抽样算法
在第二阶段交替调用邻域搜索子程序和跳坑策略子程序对矩形块的优先级排序进行优化\跳坑策略\邻域搜索
设计了遗传算法对模型求解, 通过将部分约束条件嵌入算法结构简化了模型求解难度, 并对算法迭代过程中的不可行解采用逐时刻基因调整策略进行修复\遗传算法\逐时刻基因调整策略
仿真表明, 相比于单参数优化方法, 所提联合优化算法的性能平均提高了32%和85.9%\单参数优化方法\联合优化算法
在两个公开的数据集上的实验结果表明, 该方法快捷、高效, 克服了传统聚类解释性差以及PSO算法易于陷入局部最优解的缺点, 选出了数目较少分类性能较强的基因\传统聚类\PSO算法
然后, 对约束条件和两个目标函数进行了转换, 采用双子串的染色体编码方式, 以及带精英策略的非支配排序遗传算法的算子结构和进化框架对问题进行求解\精英策略\非支配排序遗传算法
为了实现云环境中科学工作流调度的执行跨度和执行代价的同步优化, 提出了一种多目标最优化进化遗传调度算法MOEGA\多目标最优化进化遗传调度算法\MOEGA
基于引力移动算法原理, 通过构造一个基于亲和度概念的系数对种群个体受到的引力合力公式作适当的变换改造基本引力移动算法\引力移动算法\基本引力移动算法
该算法首先利用粒子群算法对LQG参数进行离线优化, 得到一组准最优LQG参数, 将其作为在线调节初始值, 然后引入免疫粒子群算法对LQG参数进行在线实时优化\粒子群算法\免疫粒子群算法
该算法模拟了音乐创作中乐师们凭借自己的记忆, 通过反复调整乐队中各乐器的音调, 最终达到一个美妙的和声状态的过程;全局和声搜索算法嵌入了位置更新和小概率变异策略\全局和声搜索算法\位置更新和小概率变异策略
启发式搜索算法将组合测试用例集生成问题转化为搜索问题, 并使用元启发式算法生成用例集\启发式搜索算法\元启发式算法
在运行所选实例时, 该算法比串行算法加速约4至30倍, 比独立运行遗传算法加速约2至3倍\串行算法\独立运行遗传算法
为了得到更加有效的参数训练方法, 本文基于群智能算法中的布谷鸟搜索 (Cuckoo Search, CS) 算法进行改进拓展\群智能算法中的布谷鸟搜索\ CS
传统的果蝇优化算法 (Fruit Fly Optimization Algorithm, FOA) 容易陷入局部最优, 而且传统果蝇个体味道浓度判定值S是非负数, 不能解决最优解是负数的优化问题\果蝇优化算法\FOA
针对以上问题, 多重改进策略被应用到果蝇优化算法中\多重改进策略\果蝇优化算法
优化后期, 引入GA算法的交叉、变异操作来扩大粒子的搜索空间以提高粒子的多样化, 避免粒子过早收敛到局部解, 从而提高BP神经网络算法的精度\GA算法\高BP神经网络算法
通过对智能算法和01背包问题的探索, 文中提出了贪婪蛙跳算法 (GFLA) 来解决01背包问题\贪婪蛙跳算法\GFLA
不同于传统的蛙跳算法, GFLA总会在每次模因搜索过程中更新全局最优解, 以便在接下来的全局搜索过程使用最新的全局最优解进行搜索, 从而扩大解的搜索空间\蛙跳算法\GFLA
除了蛙跳算法这类传统的局部搜索和全局搜索策略之外, 针对01背包问题, 在计算适应度值的阶段, 本工作提出了贪心策略并分别将其应用于drop和add两个步骤\蛙跳算法\贪心策略
本文将GL算子引入到多种人工蜂群算法变种的侦察蜂阶段, 通过有效组合多个优秀个体的信息产生更有希望的新实物源, 防止算法早熟\GL算子\人工蜂群算法
首先对软件系统抽象形成复杂网络图, 然后改进粒子群优化算法, 使用最短路径初始化种群, 使用概率选择的方式更新粒子位置, 最后给出概率选择粒子群算法的全局收敛性证明\粒子群优化算法\概率选择粒子群算法
基于Pareto支配的多目标演化算法在处理高维多目标优化问题时会面临收敛压力丧失的缺点, 基于分解的多目标优化算法在处理Pareto前沿不规则的问题时鲁棒性较差\基于Pareto支配的多目标演化算法\基于分解的多目标优化算法
针对点覆盖的研究主要集中在启发式或近似算法, 其主要不足是无法实现全局最优\启发式\近似算法
首先采用新的惯性权重自适应方法, 很好地平衡粒子的搜索行为, 减少算法陷入局部极值的概率, 然后在算法陷入局部极值时, 引入混沌优化策略, 对群体极值位置进行调整, 以使粒子搜索新的邻域和路径, 增加算法摆脱局部极值的可能\惯性权重自适应方法\混沌优化策略
针对传统的状态空间进化算法转移矩阵的不足, 设计一种基于非均匀变异等算子改进的状态空间转移矩阵\基于非均匀变异等算子改进的状态空间转移矩阵\状态空间进化算法转移矩阵
采用改进的克隆选择策略指导聚类过程, 构造基于激素调节的克隆选择模糊聚类新算法\改进的克隆选择策略\基于激素调节的克隆选择模糊聚类新算法
然后, 将主动和被动项目调度问题作为单一的综合问题来制定, 并利用Markov决策过程对上述项目调度优化问题进行建模, 有针对性地设计了一种基于随机图的动态规划求解方法\Markov决策\一种基于随机图的动态规划求解方法
通过对大规模问题的特点分析, 提出了随机动态的协同进化策略, 将其加入动态多种群粒子群优化算法中, 实现了对种群粒子和决策变量的双重分组\随机动态的协同进化策略\动态多种群粒子群优化算法
复杂的单目标优化问题是进化计算领域的一个研究热点问题, 已有差分进化和协方差进化被认为是处理该问题的较有效方法, 其中, 差分信息类似于梯度可以有效地指导算法朝着最优解方向搜索, 而协方差则是基于统计的方式来生成较优的子代种群\差分进化\协方差进化
分析已有多目标进化算法在保持种群多样性方面的不足并提出一种基于解空间划分的自适应多目标进化算法 (space division based adaptive multiobjective evolutionary algorithm, 简称SDA-MOEA) 来解决多目标优化问题\多目标进化算法\基于解空间划分的自适应多目标进化算法
引进差分进化思想改进人工蜂群算法, 并对跟随蜂的搜索行为进行更准确的描述\差分进化思想\人工蜂群算法
算法根据程序实体覆盖矩阵对个体进行编码, 以程序实体覆盖平均百分比作为适应度函数, 采用随机抽样选择算子和佳点集交叉算子产生新一代种群\随机抽样选择算子\佳点集交叉算子
蚁群算法是模仿蚂蚁觅食行为的一种新的仿生学智能优化算法\蚁群算法\仿生学智能优化算法
该方法基于粒子群算法生成测试用例, 结合混合的优先级one-test-at-a-time策略和基于动态调整的简化粒子群算法生成组合测试用例集, 排除了速度因素对粒子优化过程的影响\粒子群算法\基于动态调整的简化粒子群算法
然后, 重点分析了FWA-PF (fireworks algorithm particle filter) 的收敛性, 阐述了FWA-PF的运行机制\FWA-PF\FWA-PF
仿真实验表明, MSW-SDCOA算法在费用优化效果上比MW-DBS算法提高了约14%\MSW-SDCOA算法\MW-DBS算法
MW每次选择具有最大权值的子句作为规约子句;LC&MW每次选择最长子句作为规约子句, 若最长子句存在多个, 则在多个最长子句中选择具有最大权值的子句作为规约子句\MW\LC&MW
差分进化算法是进化算法中一种性能较为优良的全局数值优化算法, 已在人工智能、信号处理等方面取得广泛应用, 但当前研究往往仅考虑进化过程中某一代种群的分布信息, 而忽略进化过程中多代种群累积的分布信息, 造成信息利用不充分\差分进化算法\全局数值优化算法
蝙蝠算法是一种新型的群智能优化算法, 在求解连续域优化问题上取得了较好的优化效果, 但在离散优化领域的应用较少\蝙蝠算法\群智能优化算法
该算法在初始位置选取时利用混沌思想使初始值均匀分布在解空间中, 算法后期收敛时, 使用禁忌搜索跳出局部最优, 避免早熟收敛\混沌思想\禁忌搜索
在空间方面, 首先利用部分匹配预测 (PPM) 算法通过轨迹已经行驶的部分路段对其下一时刻可能的位置进行预测;然后通过删除预测成功的路段来减少轨迹数据的存储代价\部分匹配预测\PPM
通过改进贝叶斯算法, 建立一种更加准确的信任度预测方法\信任度预测方法\贝叶斯算法
首先利用吸收Markov链中状态转移的无后效性和吸收性设计节点状态转移概率归一化算法, 并证明完整攻击图可以映射为吸收Markov链, 进而给出了基于通用漏洞评分标准的状态转移概率度量方法, 最后提出攻击状态节点访问次数和路径长度的期望值预测步骤流程\基于通用漏洞评分标准的状态转移概率度量方法\节点状态转移概率归一化算法
本文提出一种基于多元特征构造的社团演化预测方法, 从动态网络中提取社团的结构 (微观、介观、宏观) 、时序、行为特征, 并采取针对多重长度演化链的集成方法进行分类\基于多元特征构造的社团演化预测方法\针对多重长度演化链的集成方法
首先, 利用主成分分析 (PCA) 对三维地震属性进行降维处理, 在降低地震属性的维数的同时消除变量之间的相关性\主成分分析\PCA
实验结果表明, 利用改进PSO算法优化HKELM构建构造煤厚度预测模型的预测误差较小, 可以推广用于实际采区的构造煤厚度预测\PSO算法\HKELM
基于此, 提出了一系列为网络中不同类型的连边分配边权重的方法, 最后通过随机游走的方法进行网络链接的预测\为网络中不同类型的连边分配边权重的方法\随机游走的方法
提出了基于成绩分布的教室座位分区划分方法和同伴影响的预测结果修正方法, 提高了成绩预测的精度\基于成绩分布的教室座位分区划分方法\同伴影响的预测结果修正方法
仿真实验表明:在精度方面, 该方法相比于传统的马尔科夫模型预测方法提高了35%, 相比于神经网络预测方法提高了19%\马尔科夫模型预测方法\神经网络预测方法
对此, 设计并提出一种基于活动网络的微博用户影响力分析方法—ANR\基于活动网络的微博用户影响力分析方法\ANR
ANR利用用户之间的交互行为构建微博用户活动网络, 以活动网络为基础, 考虑用户间的交互强度以及用户在网络中的活跃度, 对用户属性特征和交互行为特征进行了量化, 进而利用在该模型上的改进PageRank算法对用户影响力进行预测\ANR\改进PageRank算法
文中采集了股票交易的历史数据作为数据集, 对数据使用了归一化和主成分分析方法进行预处理, 降低了数据维度, 有利于简化模型和降低计算复杂度\归一化\主成分分析方法
然后, 根据不同分解项的特性分别采用最小二乘法和核极限学习机对其进行预测\最小二乘法\核极限学习机
由于核极限学习机均存在一定的参数敏感特性, 因此提出使用改进的果蝇优化算法来对核极限学习机的相关参数搜索寻优, 以提高其预测精度\改进的果蝇优化算法\核极限学习机
随后提出MOFES (multi-objective optimization feature selection) 方法来尝试平衡这两个可能矛盾的优化目标\MOFES\multi-objective optimization feature selection
基于TSMP算法, 进而提出E-TSMP算法, 该算法基于子序列模式匹配法及对近期发布新专辑的附加处理, 实现更精准的预测\TSMP算法\E-TSMP算法
