实验结果表明, 所提方法能够准确地判断待测语音是否为翻录语音, 其识别率达到了99.26%, 与静音段梅尔频率倒谱系数 (MFCC) 算法、信道模式噪声算法和长时窗比例因子算法相比, 识别率分别提高了约26个百分点、21个百分点和0.35个百分点\长时窗比例因子算法\识别率
采用样本方差提取裂缝区域, 提出一种偏差处理方式提取裂缝像素点, 减少后续像素处理个数;进行初步裂缝渗流检测;提出一种裂缝断裂区间相似点判断算法并进一步渗流检测, 避免裂缝断裂现象, 提高检测的精确率\偏差处理方式\精确率
实验结果表明, 改进的Camshift算法减少了原始Camshift算法在初始候选目标时的随机性, 提高了目标检测和跟踪的准确率, 为煤矿的安全生产提供了保证\Camshift算法\准确率
实验结果表明, 该算法检测出来的风切变在定位精度和边缘识别两个方面均优于基于径向或切向的风切变识别算法, 这对判断风切变的位置和强度以及分析不同天气引起的风切变具有重要指导意义\基于径向或切向的风切变识别算法\边缘识别
仿真实验中, 在保证检测时间的情况下, 相对原Faster R-CNN算法检测精确度提高了约8%\Faster R-CNN算法\精确度
在分类检测实验中, 当良性样本和恶意样本数量平衡时, Bagging-SVM和随机森林算法检出率均高达99.4%;当良性样本和恶意样本的数量比为4∶1时, 相比随机森林和AdaBoost算法, Bagging-SVM算法在检测精度不降低的条件下, 检出率提高了6.6%\Bagging-SVM算法\检出率
实验结果表明所提算法的检测性能指标精确度达到91%、准确度达到100%、F1值达到95.3%, 比基于压缩感知的视频篡改检测算法在性能指标上有一定程度的提高\基于压缩感知的视频篡改检测算法\F1
实验结果表明, 改进算法能够在400×300的分辨率下以810帧/秒的速度运行, 消除鬼影和抑制光照突变的速度要比经典Vi Be算法快3倍以上, 同时在普通场景中的运动目标的检测效果和消除阴影的能力也明显优于原算法\Vi Be算法\消除阴影的能力
仿真结果表明, 改进后的Canny算法对油管裂纹有更显著的检测效果, 在裂纹检测的连贯性上取得了较好效果, 减少了检测工作量, 降低了成本\Canny算法\检测工作量
实验结果表明, 针对背景较复杂的自然场景图像中的中文文本, TDSI算法在自建图像数据库中获得了较好的准确率、召回率和F值\ TDSI算法\F值
进行了半导体蚀刻过程故障检测仿真实验, 实验结果表明SP-LNSLOF检测出了全部21个故障, 比主元分析 (PCA) 、核主元分析 (k PCA) 、基于k近邻的故障检测 (FD-k NN) 、局部离群因子 (LOF) 方法具有更高的检测率\LOF\检测率
理论研究与实验结果表明, 该边缘检测算子对图像的边缘细节特征刻画得更精细, 抗噪性更强, 优于常用的整数阶微分边缘检测算子, 边缘检测效果很好\整数阶微分边缘检测算子\抗噪性
网络结构完全采用卷积层实现, 不仅用卷积进行特征提取, 而且用卷积层进行预测, 采用多任务学习, 大大提高了检测效率并降低了模型复杂度\多任务学习\模型复杂度
基于真实数据集的实验结果表明, MACSPMD对未知和逃避型恶意代码进行检测的准确率分别达到了94.55%和97.73%, 比其他基于API调用数据的恶意代码检测方法的准确率分别提高了2.47%和2.66%, 且挖掘过程消耗的时间更少\MACSPMD\准确率
仿真结果表明, 在检测概率几乎不变的情况下, 可以使改进算法的平均检测次数少于唐检测算法, 检测次数不受信号强度的影响;当信号不存在时, 改进算法能够更快地剔除噪声单元\唐检测算法\检测次数
为了提高检测的准确性, 进一步研究了将运行时验证和贝叶斯网络推断相结合的方法\贝叶斯网络推断\准确性
最后在光线合适的室内环境中, 用提出的取走物检测方法进行了实验, 结果表明, 该方法能有效地检测出取走物且能显露出被取走物品的大体形状, 场景适应性良好\取走物检测方法\适应性
通过仿真数据和真实高光谱图像实验证明, 相比于非实时AMF, 实时AMF只需少量的存储空间便可得到同样甚至更高的检测精度\实时AMF\精度
为验证算法的效率和鲁棒性, 我们将该算法应用于模拟数据中, 结果显示所有模拟过程均在15秒内完成驱动通路检测, Megnet算法比Dendrix和Multi-Dendrix算法运行时间更短且结果准确率更高\Multi-Dendrix\运行时间
实验结果表明, 在嵌入率为100%、时长为10 s时, 与索引分布特征 (IDC) 方法和梅尔频率倒频系数 (DMFCC) 方法相比, 提出CBN方法的检测准确率分别提高了25个百分点和37个百分点;在时间性能方法, 检测一段10 s的语音时间约为21 ms, 能够实时检测\CBN方法\准确率
实验结果表明ILNS-kNN方法对所设置的六类故障的检测率高于97%\ILNS-kNN\检测率
在不同测试视频序列上进行算法对比验证, 结果表明, TLD-STCS算法能自适应目标遮挡、旋转等复杂情景下的目标跟踪, 具有很高的鲁棒性, 尤其是在目标快速移动且运动模糊情况下具有很好的抗干扰能力和很高的成功率\TLD-STCS算法\成功率
实验对比结果证明, 相比单一使用帧间差和边缘检测的方法, 该方法在F值上提升约9%\边缘检测\F值
首先, 针对在数据收集过程中会出现空缺值的问题, 通过K-means算法对缺失的属性值进行填充, 以获得完整的数据集;其次, 针对朴素贝叶斯算法计算概率时会出现过低估计的问题, 将概率进行适当放大, 以解决结果下溢的问题;第三, 针对朴素贝叶斯算法容易忽略属性之间的关联性问题, 对不同的属性值进行了加权处理, 以提高检测的正确率;最后, 根据实际情况中钓鱼网站出现概率较小的情况, 通过调整钓鱼网站与可信网站的概率比值, 以此来进一步提高检测的正确率\朴素贝叶斯算法\正确率
实验验证本文方法在复杂背景下显著性目标检测具有较好的准确性和鲁棒性\显著性目标检测\鲁棒性
实验结果表明, 该方法与其他优秀跟踪算法比较跟踪精度有明显提升\跟踪算法\精度
针对现有群体骚乱行为检测算法运算效率和检测正确率均较低的问题, 提出了一种基于群组运动模式变化分析的行为检测算法\行为检测算法\检测正确率
实验结果表明, 采用所提方法检测群体骚乱行为的虚警率和漏警率均较低, 平均检测耗时短\检测群体骚乱行为\平均检测耗时
针对Canny算法在处理噪声图像时存在的不足, 为提高其准确性和鲁棒性, 提出一种基于截断奇异值的低秩矩阵恢复方法, 以及一种更加准确的双噪声凸优化模型和求解方法\截断奇异值\鲁棒性
为验证其有效性, 在不同噪声浓度以及混合噪声情况下进行实验, 结果分析表明, 基于低秩矩阵恢复的边缘检测算法可以更好地保留完整的边缘信息, 提高边缘检测的准确性及鲁棒性\边缘检测\鲁棒性
该算法使用改进的BGSO算法优化RF进行选择性集成以得到最优子集成分类器, 并使得检测模型随数据流的变化而自适应更新, 提高了检测准确性并节省了检测时间, 对优化算法MBGSO和二进制粒子群算法 (binary particle swarm optimization, BPSO) 进行了实验对比\BPSO\准确性
仿真实验结果表明:该优化算法优于BPSO算法, MBGSO-ARF算法在准确率上较其余算法都有提升, 且集成模型大小得到了压缩\MBGSO-ARF算法\准确率
实验显示, 本文算法目标识别率达到90.61%, 误检率达到21.25%, 分别优于传统基于SURF特征的运动目标检测算法66.60%的识别率、31.91%的误检率和基于新的局部不变性特征ORB匹配的目标检测算法87.573%的识别率、26.80%的误检率\目标检测算法\误检率
仿真实验以信标节点比例、通信半径、节点总数以及网络规模作为变量对NFSL与DV-Hop和质心算法的定位精度进行比较, 仿真结果证明了该算法的有效性, 且其定位精度随信标节点数的增加而大幅提高, 与传统定位算法相比该算法定位精度最大可提高约23%\质心算法\定位精度
运用Hadoop平台进行实验验证, 从任务调度效率与资源使用率角度将剪枝算法与公平调度算法、遗传算法和GRAPHENE算法进行对比验证\剪枝算法\资源使用率
实验表明, 与同类型其他算法相比, P-NSMT算法具有更好的准确性和时间效率, 特别适应于网络规模大、终端配送节点数目较少的物流网络\P-NSMT算法\时间效率
仿真实验表明, 与现有机会路由算法相比, 提出的算法具有较高的消息成功投递率, 较小的消息冗余和消息平均时延\机会路由算法\消息平均时延
实验结果表明, 在无故障非均匀模式下, 该算法相对于普通的拥堵感知算法的饱和吞吐率提高了3%12%左右, 在故障模式下, 该算法较常用自适应算法的优势更加明显\拥堵感知算法\饱和吞吐率
实验结果表明, 在包含有8个工作节点的WordCount基准测试中, TSAW-Storm的系统延迟和节点间数据流大小相比Storm默认调度算法分别降低了30.0%和32.9%, 且各工作节点的CPU负载标准差仅为Storm默认调度算法的25.8%;此外, 在与在线调度算法的对比实验中, TSAW-Storm在系统延迟、节点间数据流大小和CPU负载标准差方面分别降低了7.76%、11.8%和5.93%, 且算法的执行开销明显降低, 有效提高了Storm系统的运行效率\线调度算法\CPU负载标准差
ONE仿真的实验结果表明, CVCTM与无线自组网按需平面距离向量路由协议 (AODV) 相比, 消息投递率增加了近5%, 网络开销减少了近10%, 簇结构重组次数减少了近25%;与基于传统分簇路由 (CBRP) 算法和动态源路由 (DSR) 协议相比, 消息投递率增加了近10%, 网络开销减少了近25%, 簇结构重组次数减少了近40%\基于传统分簇路由 (CBRP) 算法\簇结构重组次数
仿真实验结果表明, 改进的DV-hop定位算法的精度比经典DV-hop提高了28%左右\经典DV-hop\精度
仿真实验结果表明, 在没有增加额外硬件设备的情况下, 相比于DV-Hop算法, HDV-Hopw算法的定位误差平均降低了11%左右\HDV-Hopw算法\定位误差
仿真结果表明, 与非交叠分簇算法相比, 该算法能有效降低节点间的传输延时并建立多条通信路径, 提升系统的可靠性\非交叠分簇算法\传输延时
仿真结果表明, 与一些经典路由协议相比, 该路由算法能有效提高无线自组网的能量效率和网络生存时间\路由算法\网络生存时间
仿真结果表明, 与传统最佳质量协作节点选择算法 (BQCNS) 、能量公平性协作节点选择算法 (EF-CNS) 和随机协作节点选择算法 (R-CNS) 相比, 基于主客观赋权的多属性决策算法不仅降低系统误码率, 而且能够获得更长的系统生存期\多属性决策算法\系统生存期
实验结果表明, 与minStar算法相比, 新算法将全局最大通信延迟降至原来的50%\minStar算法\全局最大通信延迟
一方面, 与仅使用已经实现的QoS-oriented TDMA协议相比, 同时使用QoS-oriented TDMA协议和面向安全应用消息传输的网络选择算法的异构车联网, 在高速场景和市区场景中安全应用消息的接收概率分别提高了13.7%和10.4%, 传输时延分别减少了8.6%和11.5%\面向安全应用消息传输的网络选择算法\传输时延
另一方面, 面向安全应用消息传输的网络选择算法在高速场景和市区场景中, 与匹配博弈网络选择算法相比, 安全应用消息的接收概率分别提高了11.6%和7.5%, 传输时延分别减少了13.2%和15.3%\匹配博弈网络选择算法\传输时延
仿真结果表明, 与传统的洪泛算法相比, 提出的非结构化P2P网络搜索机制查询时间更短, 查询消息量更少, 搜索效率更高\洪泛算法\查询时间
实验结果表明, 所提出的路由算法实现了较高的投递成功率和较低的投递时延\路由算法\投递时延
仿真结果表明, 与基于RSSI的质心定位算法相比, RSSI-T-QN算法提高了定位精度, 平均定位误差降低了4%\ RSSI-T-QN算法\平均定位误差
实验结果表明, 与成簇随机选簇首 (Random) 、非成簇的能耗优化 (EC) 算法相比, 所提算法在网络能耗最优时, 系统生存周期延长了约60个百分点、72个百分点\非成簇的能耗优化 (EC) 算法\系统生存周期
与最短路径 (SPF) 算法和贪婪背压算法 (GBRA) 相比, 在数据生成率为80 kb/s时, 所提算法紧急型业务丢包率分别减少了81.3%和67.7%, 关键型业务丢包率分别减少了79%和63.8%\贪婪背压算法 (GBRA)\丢包率
MATLAB仿真平台上的实验结果表明, 与原DV-Hop算法相比, 改进算法对定位精度有了6%-10%的提高\原DV-Hop算法\定位精度
评估结果 (包括准确率、错误距离、运行时间) 表明: (1) 溯源算法普遍对网络结构较为敏感; (2) 多数算法对疾病传播参数具有鲁棒性; (3) 相对于其他算法而言, 动态消息传递算法尽管耗时几乎最长, 但具有最高的准确度; (4) 在耗时较短的算法中, 无偏中介中心性具有相对较小的误差距离\动态消息传递算法\耗时
仿真结果显示, 与基于均匀分簇的改进的低功耗自适应分簇 (I-LEACH) 算法、基于ABC的低功耗自适应分簇 (ABC-LEACH) 算法和基于ACO的低功耗自适应分簇 (ANT-LEACH) 算法相比, FCM-SI在100 m×100 m, 100个节点的初始网络条件下将网络生命周期分别提高了65.2%、49.6%和29.0%\基于ACO的低功耗自适应分簇 (ANT-LEACH) 算法\网络生命周期
仿真结果表明, OED算法在组网网络的数据吞吐量和数据传输成功率方面优于ED算法和EDLQ算法, 能够避免因队列溢出导致的数据包丢失;通过增大节点容量, OED算法的数据通过率相对于ED算法和EDLQ算法分别提升了20%和8%;路由算法的选择不影响流星余迹节点间链路的平均持续时间和平均中断等待时间\EDLQ算法\数据通过率
实验结果表明, 与传统的分布式故障诊断 (DFD) 算法相比, 诊断精度提升了9.84个百分点, 并且当节点故障率高达50%时, 该算法仍能达到95%的诊断精度\分布式故障诊断 (DFD) 算法\诊断精度
仿真结果表明, 基于沙堆模型的负载均衡算法在丢包率和吞吐量方面相比同类算法分别改善了10.4%和7%\基于沙堆模型的负载均衡算法\吞吐量
最后, 利用人工网络和真实网络对提出的重叠社区发现算法进行验证, 实验结果表明:该算法在社区发现质量和计算效率方面都优于许多已有重叠社区发现算法\重叠社区发现算法\计算效率
仿真结果与分析表明, HRCM A算法与现有基于兴趣划分社区的BEEINFO算法相比, 在网络吞吐量上提高了至少3\BEEINFO算法\网络吞吐量
在四种真实数据集上对算法进行实验与比较分析, 结果表明, 与原始LPA算法相比, 该算法具有更高的准确性和稳定性, 同时能够减少传播过程中的迭代次数, 能快速收敛得到结果\LPA算法\收敛
从5G信道编码需支持更广泛的码块长度和更多码率的角度进行仿真, 结果表明, 与传统译码算法相比, 改进的Mixed log-FFT-BP算法性能相差不大, 约为0.10.2dB, 且能够降低译码复杂度, 更利于硬件平台的实现\Mixed log-FFT-BP算法\性能
仿真实验表明, HPLR算法的累计百分比在同一重加入时延内均大于对比算法NICE以及BFN, 并当累计百分比达到100%时, HPLR算法平均所需的重加入时延比BFN算法小0\BFN算法\重加入时延
HPLR算法的平均重加入时延分布在1\HPLR算法\平均重加入时延
实验结果表明, DCDLB路由算法在延长网络生命周期和降低数据转发延迟方面优于LEACH, HEED和CRVB路由算法\LEACH\降低数据转发延迟
在3个真实的图数据集上的实验结果表明, SNS算法比其他图抽样算法保留了更多的拓扑属性, 且执行效率比FFS更高\其他图抽样算法\执行效率
在使用相同网状遮挡物掩膜的情况下, 使用SAIST算法修复得到的图片在峰值信噪比 (PSNR) 和结构相似性 (SSIM) 上分别比Farid等提出算法提高了3.06和0.02\Farid等提出算法\SSIM
新的掩膜检测算法联合SAIST修复算法的总体修复效果对比Farid等提出算法及Liu等提出的算法 (LIU Y Y, BELKINA T, HAYS J H, et al.Image de-fencing.Proceedings of the 2008 IEEE Conference on Computer Vision and Pattern Recognition.Washington, DC:IEEE Computer Society, 2008:1-8) 有了明显提升\Image de-fencing\总体修复效果
通过使用分离迭代与优化梯度算法对组稀疏表示模型的L1范数最小化问题进行求解, 提高了修复算法的鲁棒性\优化梯度算法\鲁棒性
最新标准的图像压缩算法JPEG2000核心是在小波变换的基础上, 利用率失真优化算法对所有码块的嵌入式压缩码流进行适当的截取, 得到最优的编码率失真性能, 提高编码性能\小波变换\编码性能
该算法利用基于小波的Contourlet变换可以有效地稀疏表示图像纹理区域的特性, 根据码块熵最小化原则优化WBCT方向分解, 降低了码块内系数的复杂程度, 提高了EBCOT上下文模型编码效率;通过EBCOT自适应算术编码与率失真优化截断方法生成压缩码流\EBCOT自适应算术编码\效率
0平台上的测试结果表明, 在低延时应用场景下, BSBM算法背景图像主观质量较好;在YUV的3个方向上, 平均BD-Rate增益可以达到19\BSBM算法\BD-Rate增益
多输入多输出 (MIMO) 穿墙雷达实验结果显示, 与传统Camshift和Meanshift算法相比, 改进后算法的跟踪航迹误差分别降低了40.99%和43.09%, 获得了更加准确和平滑的目标运动航迹\Meanshift算法\跟踪航迹误差分
在算法的时效性方面, 根据图像相似块的统计性特性, 引入直方图统计的方法来减少最终用于修复的样本标签, 提高改进算法的时效性\直方图统计\时效性
与基于非负矩阵分解 (NMF) 的哈希算法相比, 所提算法在高斯噪声下检索精度提高了近40%, 且在JPEG压缩攻击、中值滤波攻击、缩放攻击和扭曲攻击下检索精度与之相差无几\NMF\检索精度
提出了一种利用Jaccard (杰卡德) 度量, 结合MGC度量, 计算图像碎片之间的相似度, 再利用贪心策略还原图像\贪心策略\MGC度量
实验结果表明, 该算法在保证匹配精度的基础上, 处理速度较经典的SIFT算法提高了41倍\SIFT算法\ 处理速度
基于像素点预测的可逆信息隐藏 (Reversible Data Hiding, RDH) 是当今一种低失真、高容量的信息隐藏策略, 特别是对于差值扩展和直方图平移算法而言, 准确预测可以同时提高数据容量和减小图像失真\RDH\图像失真
结果表明, 该方法不仅可以获得较高的主观图像质量评价, 而且在客观上相比于单纯地使用BM3D算法去噪, 运算时间明显缩短\BM3D算法\运算时间
利用尺度不变特征变换 (SIFT) 算法从受攻击的图像提取特征点, 与少量鲁棒性较强的原始特征点匹配, 用RANSAC算法挑选匹配点对, 根据特征点对间的坐标关系, 用最小二乘法拟合仿射矩阵;根据仿射矩阵对图像进行几何校正;为提高算法的抗剪切性能, 将水印信息先进行LT码编码, 充分利用LT码的纠删性能抵抗剪切\LT码编码\抗剪切性能
实验结果表明, 与基于NSCT-SF-PCNN, CST-SCM等现有融合方法相比, 本文算法在客观评价指标MI、IE上有一定提高, 既能有效地利用源图像的轮廓信息, 又能保持源图像的细节信息\CST-SCM\IE
传统Criminisi修复算法优先权不合理且不能自适应计算, 易导致错误填充和纹理延伸问题, 而在更新已知区域全局匹配, 不仅提高了时间复杂度也降低了匹配准度, 而对搜索空间添加阈值限制则会降低修复质量\传统Criminisi修复算法\修复质量
为此, 提出了一种基于兴趣域检测的空间金字塔匹配方法可以有效改善分类准确率\基于兴趣域检测的空间金字塔匹配方法\分类准确率
实验结果表明, 所提方法比使用标准的空间金字塔匹配算法得到的平均准确度均值提升超过12%, 同时在与三种主流算法的对比中, 所提方法平均准确度均值最高, 并且在超过一半的图像类别中获得了最高的平均准确度\标准的空间金字塔匹配算法\平均准确度
实验结果表明, 与经典的双三次插值和改进前的K-SVD图像重建算法相比, 该图像重建算法较好地复原了图像的高频细节信息, 提高了重建图像质量, 同时大幅度降低了字典训练时间\经典的双三次插值\字典训练时间
实验结果表明, 与基于凸包缺陷的手势特征提取算法和基于改进k-曲率的手势特征提取算法相比, 该算法分别缩短了44.3%和71.9%的特征提取时间\基于改进k-曲率的手势特征提取算法\特征提取时间
实验结果表明, 该算法比连通域搜索算法和投影算法具有更高的切分精度, 在多文种图像单词切分中具有更高的有效性\投影算法\切分精度
实验结果证明:提出的基于NSCT的区域自适应插值算法与当前经典插值算法相比, 在处理图像纹理细节和边缘方面具有明显优势, 同时获得了较好的客观评价数据, 且时间复杂度较低\基于NSCT的区域自适应插值算法\时间复杂度
实验结果表明与基于纹理特征的变化检测算法、UDWTKEAN算法和NSCTKFCM算法相比, 本文所提出算法由于使用了双稀疏变换提高了检测的精度\NSCTKFCM算法\检测的精度
首先, 提取图像结构信息, 并对图像进行区域划分以缩小样本的裁剪与检索范围;其次, 为了改进离差平方和 (SSD) 方法对块的结构信息匹配的忽视, 在像素块匹配计算中引入结构对称匹配约束, 有效避免了误匹配, 提高了图像块匹配精度及样本搜索效率;然后, 通过引入结构因子和置信度, 结合传统的优先权计算, 得到突出结构作用的优先级公式;最后, 利用目标块与四邻域块间的重叠区域计算四邻域参照优先级, 并根据四邻域提供的可靠参照信息, 依据改进的块匹配方法裁剪样本集并检索最佳样本块, 直至所有目标块都检索匹配到最佳样本, 完成修复\改进的块匹配方法\搜索效率
实验结果表明, 与局部互信息、多通道局部方差和残差复杂性 (MCLVRC) 、多通道稀疏诱导的相似性测度 (MCSISM) 、多通道Rank Induced相似性测度 (MCRISM) 多模态相似性测度相比, 均方根误差分别下降了30.86%、22.24%、26.84%和16.49%\MCLVRC\均方根误差
所提算法与偏微分方程放大算法、非局部变换域放大算法和偏微分方程耦合空域非局部模型放大算法进行仿真实验比较, 在强边缘、弱边缘和细节纹理具有较好的放大效果, 弱边缘和纹理细节图像在平均结构相似性测度上高于改进复扩散放大算法、非局部变换域放大算法\非局部变换域放大算法\平均结构相似性测度
实验结果表明, 所述方法从主观视觉效果和客观评价都优于几个流行的基于多尺度变换的图像融合方法, 与基于NSCT融合图像对比, 两组实验融合质量指标分别提高了261.06%、48.31%、5.15%、142.95%、21.62%和372.85%、54.62%、4.73%、163.07%、25.40%\基于NSCT融合图像\融合质量指标
实验表明, 该算法在视觉观察和参数比较上都优于当前主流的超分辨率算法\主流的超分辨率算法\视觉观察
实验结果表明, 相比已有的脑肿瘤MRI图像分割算法, 所提算法在分割精度上有了一定程度的提升\脑肿瘤MRI图像分割算法\分割精度
通过对比实验和定量分析, 结果表明RSIDA算法能够较好地恢复雾气降质遥感图像的清晰度和色彩, 提高遥感图像的质量, 且运算效率能够满足实时性需求\RSIDA算法\运算效率
实验结果表明, 该方法使得图像中的边缘、直线和曲线特征得到了更好的恢复, 而且去噪后的PSNR更高, 相较于传统阈值处理方法去噪效果更好\传统阈值处理方法\PSNR
实验结果表明, 改进后的停止函数结构能够使弱边缘的识别能力大大提高, 大误差轮廓演变为精确轮廓的速度更快, 迭代速度提高30%以上\改进后的停止函数结构\迭代速度
对标准布谷鸟搜索算法进行改进, 加快算法收敛速度和寻优效率, 采用改进布谷鸟搜索算法对主动轮廓模型的能量最小化控制点进行搜索, 通过不断迭代找到新的控制点, 实现图像的分割\改进布谷鸟搜索算法\寻优效率
为验证其性能, 在不同噪声浓度情况下进行实验, 结果表明, 改进的边缘检测算法可以更完整地保留边缘信息, 提高边缘检测的准确性, 得到较理想的边缘轮廓信息\改进的边缘检测算法\准确性
分割速度上, DGAN的0.63 s略慢于FCNNet的0.46 s, 但远快于Deeplab的1.31 s\Deeplab\分割速度
DGAN均衡的分割准确率和分割速度为基于图像的蓝藻语义分割提供了可行的技术方案\基于图像的蓝藻语义分割\分割速度
实验结果表明, 所提方法比一些经典的超分辨率重建方法在峰值信噪比 (PSNR) 、结构相似度 (SSIM) 和抗噪性上具有更好的重建效果\经典的超分辨率重建方法\抗噪性
提出了一种使用自适应正则化参数并结合空间关系的算法, 同时将核距离替换传统的欧式距离进行计算, 对强噪声下的核磁共振图像进行分割, 大大提高了分割的鲁棒性\使用自适应正则化参数并结合空间关系的算法\鲁棒性
研究结果表明, 基于广度优先算法的边缘连接算法可以减少Canny算子检测结果中的图像断裂点, 提高对Canny算子检测的正确率, 有效地改善了边缘图像检测的连通性\Canny算子\正确率
为提高图像伪造内容的检测精度, 对向量点积耦合相似聚类的图像伪造检测算法进行研究\图像伪造检测算法\检测精度
采用软阈值编码器和正交匹配追踪 (OMP) 算法正交化视觉词典的方法, 以提高单级计算结构的识别率, 并进一步构造两级计算结构, 获取图像更准确的特征, 以提高图像的识别率\正交匹配追踪\识别率
实验表明, 采用软阈值编码器和OMP算法能提高单级计算结构提取特征的能力, 提高大样本数据集中图像的识别率\OMP算法\识别率
实验结果表明, 改进后的One-Cut图像分割算法显著提升了图像分割效率, 提高了分割精度, 得到了较好分割结果\ 改进后的One-Cut图像分割算法\分割精度
实验结果表明, 该方法与基于单一CNN特征的细粒度图像分类相比提升了13.31%的准确度, 证明了多特征组合对细粒度图像分类的积极作用\基于单一CNN特征的细粒度图像分类\准确度
实验结果表明, 该改进SURF算法在应用于机器人进行柔性装夹时, 对工件图像的平均匹配时间由SURF算法的214.10 ms减少到86.29 ms;而且匹配精度方面比原SURF算法提高了2.6%, 因此, 所提算法能够有效提高柔性装夹机器人工件图像的匹配速度和匹配精度\SURF算法\匹配精度
首先利用SLIC算法将单个像素点聚类为超像素块, 其次通过密度峰值聚类算法 (DPCA) 对超像素块进行聚类, 将基于单个像素属性的图像聚类分析改变为基于超像素的分析, 可以提高分割结果的稳定性及准确性\聚类\准确性
实验表明, 相较于其他传统分割算法, 所提方法在肺部肿瘤区域分割上具有更高的精确度和更好的稳定性\其他传统分割算法\稳定性
首先, 对掌纹掌脉图像利用非下采样Contourlet变换 (NSCT) 进行分解, 将得到的低频和高频子图像分别利用区域能量和图像自相似原理进行融合;然后, 对融合后的图像利用近邻二值模式 (NBP) 提取纹理特征, 获得特征向量;最后, 通过计算特征向量间的汉明距离比较融合图像间的近似程度来计算等误率 (EER) \NBP\EER
同时, 针对稀疏表示求解复杂度较高的问题, 采用基于Cholesky分解的正交匹配追踪算法快速求解出稀疏系数, 联合高频残差字典实现超分辨率重建, 并对稀疏重建的高频图像使用迭代反投影进一步改善图像质量, 极大地提高了算法的执行效率及图像重建效果\正交匹配追踪算法\执行效率
实验结果表明, 该方法分割效果优于经典的阈值分割算法, 平均运行效率比最快的多阈值分割算法提高17.75倍\经典的阈值分割算法\运行效率
该算法首先将可视水印嵌入医学图像中;其次利用回归型支持向量机对水印图像的像素值进行预测, 并计算出预测误差, 利用纹理度等级自适应确定合适的亮度调节阈值, 根据阈值生成一幅全局定位图, 将全局定位图加入到原始图像中, 以增强算法的鲁棒性;最后利用全局定位图和预测误差之间的相互关系生成一个可视可逆的水印, 从而对医学图像进行加密保护\回归型支持向量机\鲁棒性
通过加入二阶振荡粒子群优化Otsu算法最佳阈值选取, 加快分割算法收敛速度, 提高图像分割效率\二阶振荡粒子群优化Otsu算法\分割效率
实验结果表明, 该算法实现阈值分割仅需25 ms, 比传统Otsu算法提高了约88%, 比迭代最佳阈值法节省至少90%的时间, 全局收敛性优于标准粒子群Otsu算法, 在分割速度提高的同时能较好地实现缺陷准确分割\标准粒子群Otsu算法\分割速度
在转化为灰度图像后, 该方法在保留粗糙度、对比度和方向度等纹理特征方面优于传统Gabor方法和LBP方法\BP方法\方向度
基于上述方法对道路交通类和市容环境类两类案件图像进行二分类实验, 平均精度达到97.5%, F1-Score达到0.98, 性能超过了LSVM、SAE以及传统的CNN等方法;同时该方法又对电动车乱摆放类、乱扔垃圾类、机动车违章停放类、垃圾桶周围脏乱类共四类案件进行四分类实验, 平均精度为90.5%, F1-Score为0.91, 性能依然超过了LSVM、SAE以及传统的CNN等方法\传统的CNN\平均精度
实验结果表明, 本文所提算法对目标与背景之间界限模糊的图像的分割效果以及对图像边缘的识别能力均优于传统的最大类间方差算法和最大熵算法, 且具有更好的有效性和鲁棒性\传统的最大类间方差算法\鲁棒性
经实验表明此算法有效提高了推荐算法的精度\推荐算法\精度
最后通过实验表明, 在不同的数据集上, 该算法与传统矩阵分解算法相比在稀疏用户 (评价项目比较少的用户) 评分预测准确性上有显著提高\传统矩阵分解算法\准确性
最后, 运用信任关系与相似度获取用户之间的加权关系, 从而得到融合用户信任度与相似度的推荐算法\推荐算法\相似度
实验结果表明, 比起没有引入三度好友路径的信任度算法, 引入三度好友路径信任度的混合好友路径信任度算法其F1-measure评价指标增加了3到4个百分点, 能有效提高好友信任度计算的准确性以及好友推荐的有效性\信任度算法\有效性
实验表明, 该算法由于融入了对微博用户关系和用户个性化标签的重要性分析, 因此与基于标签和协同过滤的个性化推荐算法相比具有更高的重要微博用户推荐准确率\个性化推荐算法\准确率
实验结果显示, 相比现有的社交推荐算法, 所提算法有更小的平均绝对误差和均方根误差, 同时算法的时间复杂度与数据集的数量之间为线性关系\社交推荐算法\时间复杂度
为提高协同过滤推荐算法的效率及准确率, 提出一种基于属性向量典型性的排序推荐算法\排序推荐算法\准确率
在Hadoop分布式环境下进行实现, 实验结果表明, 相比于传统推荐算法, 该方法更加高效和准确\传统推荐算法\准确
通过实验测试对五种动作的识别率均达到90%以上, 并与3D Trajectories等方法进行对比, 实验得到的综合识别率高于对比方法, 具有明显的优势\3D Trajectories\综合识别率
实验结果表明, 该方法对石刻和书法字的识别率达到99.1%, 是一种高效的石刻书法字识别方法\石刻书法字识别方法\石刻和书法字的识别率
另外, 该算法也有效地提升了k近邻的预测效率\k近邻\预测效率
中文命名实体识别在多个重要领域有广泛的运用, 提出一种基于转移学习的算法进行中文命名实体识别, 旨在提高识别的准确率和召回率\中文命名实体识别\召回率
另一方面, 集成分类算法已成为提高模型准确率和稳定性的有效策略\集成分类算法\稳定性
结果表明, 所提出的算法比传统线性分类算法具有更高的效率和准确度\线性分类算法\准确度
无需专门设计光学成像系统, 也无需校准或者三维重建, 仅需单相机采集一幅图像即可对其几何形状进行识别, 避免使用多个相机采集图像导致的不同步问题, 提高识别准确率, 相比传统图形几何形状识别方法操作步骤简便, 算法简单, 有效解决图形被部分遮挡时无法识别的问题\传统图形几何形状识别方法\识别准确率
该方法首先使用K-Means聚类方法以分析不同类别间的关系, 并构造类别层次关系图, 在此基础上使用支持向量机方法进行分类, 通过使用不同的特征集合, 保证了分类的准确率\支持向量机\准确率
该系统每0.4s对1.6s内的动作进行一次判定, 利用卷积神经网络对图片的分类实现实时性的人机交互, 系统在60m范围内的识别准确率在93%以上, 在室内和室外环境下, 操作者可以通过模仿指令动作方便地控制无人机\卷积神经网络\准确率
这些都会降低识别率, 为解决此问题, 提出了基于非线性距离和夹角组合的最近特征空间嵌入方法\非线性距离和夹角组合的最近特征空间嵌入方法\识别率
将所提算法与网格算法等进行了比较, 结果表明所提算法的参数设定更加准确, 分类准确率有显著提高, 且算法复杂度并没有明显增加\网格算法\算法复杂度
针对这一问题, 提出了一种使用密集帧率采样的标题生成方法 (dense frame rate sampling based captioning model, DFS-CM) , 将视频分为多个长度统一的片段, 提取片段中所有视频帧的深度CNN (convolutional neural network) 特征, 然后使用均值或最大值方法, 降低了特征数量, 增强了特征的稀疏程度;同时, 还改善了模型的训练策略, 增强了模型的稳定性和泛化能力\ DFS-CM\泛化能力
问题转化型方法和算法适应型方法是多标记学习中主要的两类研究方法, 其中问题转化型方法因其独立分类算法得到了广泛的关注, 而已有的问题转化型方法存在或忽略标记间相关性, 或算法复杂过高, 或算法性能不稳定的问题\立分类算法\算法性能
实验结果表明, 所提方法在1∶3的不平衡率下, 与VGGNet-SVM方法相比, 少数类的精确率提高了31个百分点, 召回率提高了71个百分点\VGGNet-SVM方法\精确率
针对传统的动态时间弯曲 (DTW) 度量方法易出现过度弯曲现象且计算复杂度高、算法效率低等问题, 提出一种基于路径修正的动态时间弯曲 (UDTW) 度量方法\基于路径修正的动态时间弯曲 (UDTW) 度量方法\算法效率
实验结果表明, 相比于传统单机模式下的随机森林特征选择算法, 该算法在分类的准确性和运行效率上效果良好\随机森林特征选择算法\运行效率
实验表明, 相较于传统的Jaccard算法, 该算法在短文本相似度计算的准确率上有较明显的提升\Jaccard算法\短文本相似度计算的准确率
实验验证, 在相同测试集下, USC方法的F值较传统分类方法高18\USC方法\F值
实验结果表明, 在影像像素级分类问题中, 使用遗传算法均衡化取样的全卷积网络分类器相较标准卷积神经网络分类器, 对不同类别样本的分类精度普遍较好;相较标准全卷积网络分类器, 能够更加均衡地训练每一类样本数据, 进一步提升召回率, 解决样本不均衡所带来的问题, 并最终达到89\遗传算法\召回率
相对传统稀疏分类算法, PCRC融合了集成学习, 能更好地解决小样本问题, 且CRC计算复杂度低于SRC\SRC\计算复杂度
实验结果表明, 提出的网页分类算法具有和采用支持向量机相当的准确性, 并且在使用词性标注技术后, 网页分类结果的F1值又提升了3.35%\网页分类算法\F1值
为提高场景文本识别算法的计算效率和精度, 提出基于文本线局部极值区域两阶段场景文本序列识别方法\文本线局部极值区域两阶段场景文本序列识别方法\精度
通过对比同一测试环境下的测试集, 发现利用渐进式学习方法具有更高的建模效率和更好的识别准确率, 并对识别错误的验证码进行分析\渐进式学习方法\识别准确率
这要求危险源识别算法在保证识别准确度的前提下还需具备在线处理数据的性能\危险源识别算法\准确度
结合项目背景, 针对燃气公司现有的离线音频文件, 提出了声学特征和领域情感词典混合算法, 并将其应用于客服热线数据的情感分析以及客户情感 (负向、非负向) 的识别中;最后, 通过召回率、准确率和精确率衡量了算法性能\声学特征和领域情感词典混合算法\精确率
以提升高光谱遥感图像分类准确度为目标, 提出一种基于二阶矩空谱联合稀疏编码的遥感图像分类方法\基于二阶矩空谱联合稀疏编码的遥感图像分类方法\高光谱遥感图像分类准确度
实验表明, 与多个流行的偏标记学习算法相比, PL-TECOC在人工数据集和真实数据集上均取得了较好的分类性能\偏标记学习算法\真实数据集
目前大部分面向增强现实的场景识别算法一般采用构建线性高斯金字塔解决尺度不变性问题, 此方法容易造成边界模糊和细节丢失, 降低识别精度\场景识别算法\识别精度
实验结果表明, 相比于常见的特征提取和特征加权算法, 提出的算法在查全率和查准率方面均呈现出明显优势\和特征加权算法\查准率
首先, 在任务分配过程中, 结合空间众包中多类型任务和用户的特点, 对贪婪分配算法改进, 提出基于距离ε值分配 (ε-DA) 算法;然后, 将任务分配给附近的用户, 以提高任务完成质量;其次, 利用分支定界思想 (BBS) , 根据专业匹配分数的大小, 对任务序列进行调度;最后, 找到最佳的任务序列\分支定界思想 \专业匹配分数
通过MPBH算法, 使得在每次任务分配过程中实现局部最优化, 与分支定界思想的调度算法相比, 在运行速度上提高了30%\调度算法\运行速度
实验结果显示, 在预处理阶段ITD-FTT算法比TD-FTT算法计算时间减少了70.12%;在查询阶段ITDFTT比TD-INE算法和TD-A算法在遍历节点个数上分别减少了46.52%和16.63%, 响应时间比TD-INE算法和TD-A算法分别降低47.46%和18.24%\TD-A算法\响应时间
实验结果表明, 与顾铖等提出的算法相比, IBRRPH算法的效率提高幅度超过21%\ IBRRPH算法\效率提高幅度
实验对所提算法和轨迹隐私保护经典算法 (k, δ) -anonymity进行了对比, 实验结果表明:k-CS算法在数据可用性、查询误差率、运行时间等方面优于 (k, δ) -anonymity算法;平均信息丢失率比 (k, δ) -anonymity算法降低了20%左右;算法运行时间比 (k, δ) -anonymity算法减少近10%\ (k, δ) -anonymity\算法运行时间
仿真结果表明:相比传统未分组算法, 所提算法的信干噪比 (SINR) 和吞吐量有明显提高, 其中, 系统吞吐量低于4 Mb/s的概率降低为30%;同时, 与未分组算法相比, 所提算法公平性提高了12%, 使用户获得更高的满意度\传统未分组算法\公平性
在电力线多径信道下进行仿真实验, 相比传统的时域消噪和频域消噪算法, 所提算法在误比特率为0.01时可以分别实现2 d B和0.5 d B的性能提升, 而随着误比特率的降低, 它们之间的性能差距将会更大\频域消噪算法\误比特率
仿真实验表明, 所提算法能有效识别信任联盟及其结构的突变, 且其准确性和运行效率均高于经典社区发现算法\经典社区发现算法\运行效率
实验采用不同级别大小的遥感影像进行测试, 结果表明ParaTile在面对不同规模的数据时, 无论从速度还是算法稳定性上都较现有算法和工具具有显著优势, 特别是当数据量越大时, 这种优势愈加明显\ParaTile\算法稳定性
提出的生成控制流图的算法, 基于PHP内置函数解析PHP程序, 生成抽象解析树, 进而生成控制流图;对内置特征、入口点和敏感点进行建模, 精确分析数据流;提出基于有效路径的污点分析方法, 提高了分析的准确性, 实现了基于变量回溯的路径遍历算法\基于变量回溯的路径遍历算法\准确性
为了提高Fast-ICA算法的收敛速度, 提出两个有理非线性函数用于代替tanh和gauss, 使得改进的Fast-ICA算法在提高计算速度的同时保持或提高信号的分离性能\Fast-ICA算法\计算速度
模拟仿真和真实数据的实验均显示MIMA算法具有较好的时间复杂效率和精度\MIMA算法\精度
实验结果表明, 改进的ICP算法既能配准整体与部分模型, 也适用于两个完整模型间的配准, 提高了ICP算法的精确度\ICP算法\精确度
在进行数据集和决策树形式化描述的基础上, 将基尼指数增益率作为确定连续条件属性最优二分原则, 采用递归算法生成叶节点中对象为同一类别的二叉决策树\递归算法\基尼指数增益率
实验结果表明, 相对于传统DTW方法, 余弦DTW算法对检测运动的准确性具有更高的精确度\余弦DTW算法\精确度
首先利用形状相似性进行形状基本特征描述, 采用语义差异法对不同主题的两两形状进行差异性比较, 通过相关分析和回归方程获取高辨别性形状特征;其次根据形状特征的属性表现构建面状、条状和环状3类形状, 执行在不同形状编码组合下的视觉搜索实验;最后结合方差分析和最小显著性差异检验, 分析形状特征、特征属性和特征复杂性对认知绩效的影响\语义差异法\认知绩效
与现有的并行算法相比, 新算法同样能够生成最大逻辑列, 并且减少了通信开销与计算中的数据冗余, 有效提高了运行速度\现有的并行算法\计算中的数据冗余
实验结果表明, 该方法与加密的云数据多关键字排序搜索 (MRSE) 方法以及基于层次聚类索引的加密数据多关键字排序搜索 (MRSE-HCI) 方法相比, 在相同的搜索文件数量、返回文件数量、搜索关键字数量条件下搜索时间平均缩短了44.3%和34.2%、32.4%和13.2%、36.9%和19.4%, 准确率提升了10.8%和8.6%\MRSE-HCI\准确率
结果显示, 应用k-核过滤算法后:与原PMIA算法相比, 影响范围最多扩大13.89%, 执行时间最多缩短8.34%;与原核覆盖算法 (CCA) 相比, 影响范围没有太大差异, 但执行时间最多缩短28.5%;与Out Degree算法相比, 影响范围最多扩大21.81%, 执行时间最多缩短26.96%;与Random算法相比, 影响范围最多扩大71.99%, 执行时间最多缩短24.21%\Random算法\执行时间
进一步提出了一种新的影响最大化算法GIMS, 它比PMIA和IRIE的影响范围更大, 执行时间保持在秒级别, 而且GIMS算法的k-核过滤算法与原GIMS算法的影响范围和执行时间差异不大\原GIMS算法\影响范围
实验结果表明, 该算法不仅避免了AIC算法产生的块效应, 而且在不同的RTP丢包概率下, 该算法比AIC算法得到的峰值信噪比有0.32.5 d B的提升\AIC算法\峰值信噪比
该方法首先对文件进行切割分块, 通过对文件块进行两两DELTA压缩, 得出各自压缩文件的大小, 作为两个文件块之间的相似度\DELTA压缩\相似度
通过得到的相似度进行K-medoids聚类, 作为DELTA压缩前的预处理步骤\DELTA压缩\相似度
测试结果表明, 该方法提高了压缩率, 并减少了DELTA压缩中查找指纹的次数, 降低了压缩时间\DELTA压缩\压缩率
其次, 根据能量捕获的随机特性, 假设能量到达过程符合伯努利随机过程, 提出了一种近似最优能量分配策略, 推导出系统平均吞吐量的上、下界限及其常数差值, 并进一步求得系统近似信道容量\近似最优能量分配策略\信道容量
该方法由基于卡尔曼滤波的时延估计和基于时延差控制的拥塞控制算法两部分组成, 能够有效减少数据包乱序现象, 提高传输系统的吞吐性能\基于时延差控制的拥塞控制算法\吞吐性能
仿真结果表明, CVSS策略的平均帧丢失数、平均时延性能优于KCV策略\KCV策略\平均时延性能
仿真结果表明, 相比于具有自适应周期时间的交叉轮询算法和离线动态带宽分配算法, 该算法在字节丢失率和平均接入时延性能方面有明显提高\离线动态带宽分配算法\平均接入时延性能
为了有效地求解该问题, 提出了MSAING (maximum sequential pattern matching with one-off and general gaps condition) 算法:首先, 利用Reverse策略使模式与序列达到最佳的匹配状态;然后, 使用线性表的结构使匹配过程中消耗的时间和空间大幅度地降低, 同时, 利用回溯机制提高匹配的成功率;最后, 根据insideChecking机制判断模式串是否会产生内部重复现象, 以进一步提高算法的执行效率\MSAING (maximum sequential pattern matching with one-off and general gaps condition) 算法\执行效率
实验结果表明:该方法能够实现多对多的实例匹配关系的事件日志融合的目标, 相对于随机方法生成初始种群, 启发式方法能够加快免疫进化的速度\启发式方法\免疫进化的速度
实验结果表明:利用该路由算法所构造的硬件单元与以往同类设计相比, 面积减少了近30%\路由算法\面积
由于已有的聚类算法在计算轨迹相似性时忽略了轨迹几何特征的影响, 其产生的轨迹模式可能使得一些重要的细节特征失真, 因此引入了轨迹简化策略, 可快速压缩并合理保留轨迹几何特征;继而利用轨迹折线序列落在轨迹形成的梯形范围内长度和本身长度的比值作为相似性度量, 可在较小的计算开销下准确判断不同时间跨度上的轨迹间相似性并进行聚类\轨迹简化策略\计算开销
实验结果表明, 相比与顺序调度和聚类调度, 这种粗粒度任务调度算法在任务总执行时间和完成时间上都具有优越性\粗粒度任务调度算法\完成时间
对所提出的算法在相同的室内场景中仿真实验, 结果说明, 相比RFID读写器部署优化算法, 该算法能够更好地降低定位区域的整体误差\RFID读写器部署优化算法\定位区域的整体误差
在多种数据集上的实验结果表明, 相比固定长度分块 (FSP) 和CDC算法, DWFM在数据的重删率上提升10%左右, 在指纹计算和对比开销方面减少了18%左右\DWFM\对比开销
在计算机上进行仿真, 其中与改进最小二乘 (MLS) 算法和训练序列 (TR2) 算法相比, ACE算法符号定时相关峰值对比度提高至原来的3倍;在飞行状态下系统误码率 (BER) 为10-2时有10 dB信噪比增益, 在地空信道到达状态下BER为10-3时有3 dB信噪比增益\ACE算法\信噪比增益
仿真结果表明, ACE算法进一步提升了时频同步精度和误码性能\ ACE算法\误码性能
PRES得出的参与者信誉度在[0.0, 1.0]范围内, 且集中分布于[0.0, 0.2]和[0.8, 1.0]区间, 使得群智感知网络容易选择合适的参与者, 且评估结果表明PRES评估的准确率均在90%以上\PRES\准确率
仿真实验结果表明, 在1 m虚拟网格且RSSI噪声标准差为3 dBm的条件下, 算法定位误差小于2 m的概率大于94.2%, 其定位精度优于位置指纹匹配算法, 且无需建立RSSI指纹数据库, 大大减少了定位工作量\位置指纹匹配算法\定位精度
基于NS-2.35的仿真结果表明, CMT-SC能够有效提升吞吐量, 丢包类型识别准确率较高\CMT-SC\识别准确率
实验结果表明, 改进的SIFT算法保留了SIFT算法对模糊、压缩、旋转和缩放等不变性优势, 并提高了匹配速度, 正确匹配率平均增加10%15%\SIFT算法\正确匹配率
在室内环境中, 由于地形复杂和遮挡物增多, 非视距问题使CHAN算法的定位精度明显下降\CHAN算法\定位精度
仿真结果表明, 改进算法有效缩短了标签识别时间, 提高了标签识别效率\改进算法\标签识别效率
通过重构软件对CCD采集的全息图进行重构, 在重构的过程中, 比较了OpenMP的不同并行方法对重构时间的影响\OpenMP\重构时间
结果表明, OpenMP并行方法可以有效地提高数字全息三维重构的速度, 并得到了理想的重构效果\OpenMP并行方法\重构的速度
与具有相同再生性的其他插值细分法相比, 所提细分法具有更小的支撑与更大的自由度\插值细分法\自由度
RPTM-trees根据主题集合的主题个数及关键主题对订阅进行两步分区索引, 使其对订阅的分区能力更强, 从而显著提升查询匹配的效率\RPTM-trees\查询匹配的效率
在此基础上, 利用数据分块思想, 提出了自适应分块的墙体轮廓提取算法, 解决了墙线段断开的情况, 有效地提取到墙体的轮廓及其中的坐标点, 从而实现了墙体、门窗的三维重建, 提高了BIM建模效率\墙体轮廓提取算法\建模效率
实验结果表明, GXTrans和GJTrans有较高的转换效率, 实现了大规模地理本体高效转换及对基础地理信息的语义体系组织;将TDB和RDF结合, 可以有效提高大规模RDF数据查询效率和利用率\GJTrans\利用率
实验结果表明, 相同压缩比条件下, PSNR值比非自适应的分组KL变换/整数小波变换/SPIHT (KLT/IWT/SPIHT) 压缩算法提高了6dB, 运算时间减少, 压缩性能明显提高\压缩算法\压缩性能
使用Matlab编程验证效果, 验证结果表明, 该学习算法比传统的外积法、正交设计法具有更好的效果, 对原始信息还原率提高了5%-11%\学习算法\信息还原率
仿真实验结果表明, 与动态时间规整算法和支持向量机算法相比, 方法具有较低的错误拒绝率和错误接受率, 能明显提高身份认证的准确性\支持向量机算法\准确性
对比一些基于FPGA设计的卷积计算算法, 算法的计算器件的平均性能是它们的1\基于FPGA设计的卷积计算算法\平均性能
实验结果证明:op CD-k算法在保证语音识别正确率的前提下, 可以显著提升DBN模型的训练速度\DBN模型\训练速度
仿真结果表明, 在低信噪比 (SNR) 情况下, 与SAMP算法相比, 信道估计精度均有提高, 特别是信噪比在010 d B时, 其估计精度提升4 d B, 算法的运行时间减少约61%\SAMP算法\算法的运行时间
实验结果表明, 在非平稳噪声和低信噪比 (小于0 d B) 条件下, 该算法较好地削弱了噪声的变化对算法性能的影响, 不仅有较高的信源失真率 (SDR) , 提高了11.5个数量级, 而且运算速度也有一定程度的提高, 使得基于非负矩阵分解的语音增强算法更实用\语音增强算法\信源失真率
但是, 用现有的图分割算法处理非均衡图数据会造成各个子图之间通信量不均衡, 从而影响了计算效率\图分割算法\计算效率
为提高鲁棒性, 引入了一种基于L1范数度量的FLDA及其优化求解算法\基于L1范数度量的FLDA及其优化求解算法\鲁棒性
实验结果表明:在很多情形下, 相比于传统的L2范数FLDA, L1范数FLDA具有更好的分类精度和鲁棒性\L1范数FLDA\鲁棒性
首先推导了Lasso的对偶问题, 根据对偶问题的特性得出基于对偶多面投影的Screening加速技巧, 最后将Screening加速技巧引入Lasso特征选择算法, 并在多个高维数据集上进行实验, 通过加速比、识别率以及算法运行时间三个指标验证了Screening加速技巧在Lasso算法上的良好性能\Lasso算法\算法运行时间
该模型用L1范数来约束正反向重构误差, 通过利用加速逼近梯度 (APG) 算法求得正反稀疏系数矩阵, 根据目标正负模板集和候选模板集之间的距离度量得到权重矩阵\APG\距离度量
该算法在复杂环境视频序列下, 相比传统目标跟踪算法具有较高的鲁棒性\目标跟踪算法\鲁棒性
实验结果表明, 与传统DTW算法相比, 该算法在保证识别精度不变的前提下, 能大幅减少孤立词语音识别系统的计算开销, 有效提高孤立词语音识别系统的识别效率\DTW算法\识别精度
仿真实验结果 表明, 采用优化的稳定匹配算法来初始化将部署容器时, 不仅SLA违规较低, 而且比FirstFit, MostFull以及Random算法分别约节能12.8%, 34.6%和30.87%, 其中使用欧氏距离作为稳定匹配算法偏好规则的节能效果最好\稳定匹配算法\欧氏距离
结合TF-IDF算法思想, 提出了特征频率、森林频率以及伪梯度提升决策树, 解决了梯度提升决策树随着迭代次数的增加, 错误数据被边缘化的问题\伪梯度提升决策树\森林频率
为此, 文中提出了MPDG (Mining distinguishing sequence Patterns based on Density and Gap constraint) 算法, 该算法应用网树结构挖掘满足密度约束和间隙约束的对比模式, 在仅需扫描一遍序列库的情况下, 该算法可计算当前模式的所有超模式的支持度, 从而提高挖掘效率\Mining distinguishing sequence Patterns based on Density and Gap constraint\支持度
基于核范数的矩阵回归方法 (Nuclear norm based Matrix Regression, NMR) 对人脸图像中因遮挡和光照变化等噪声引发的误差具有很强的鲁棒性\NMR\鲁棒性
最后, 在不同网络条件下实验验证了启发式算法的性能, 并且在模拟网络环境中所提可生存SFC映射方法能保证SFC的成功运行率在59\可生存SFC映射方法\成功运行率
采用SPEC2006、Graph500、CFD算法测试数据进行测试, 压缩后的网络包数据量平均减少32.8%48.7%\CFD算法\网络包数据量
选取均方根误差作为性能评价指标, 将该方法和具有代表性的两种算法, 即传统的最小二乘法和经典的Chan算法进行了比较, 利用实测的五组场景下的总计6 000组定位数据进行了训练与验证\Chan算法\均方根误差
传统的Apriori算法通过支持度阈值和置信度阈值的筛选来挖掘强关联规则, 所挖掘出来的强关联规则并不都是有趣的, 也忽略了负关联规则的挖掘, 失去了负关联规则在决策分析中的重要作用\Apriori算法\置信度阈值
结果显示, 以提出的兴趣度度量为基础进行正负关联规则的挖掘是可行的, 其结果比经典的Apriori算法挖掘方法更实用更有效\Apriori算法\兴趣度度量
仿真结果及性能分析表明, 相比于基于完全频谱感知的资源分配算法, 所提算法对MU造成的干扰更小, 并且获得了更优的吞吐量性能\资源分配算法\吞吐量性能
针对5种常见的数字调制信号进行仿真分析, 结果表明, 在SNR=0dB的信噪比条件下, 基于ST-RFT算法的数字调制信号识别方法的平均识别率可以达到90%, 比基于谱图时频分析法的识别率提高了10.4%;特别是相比于基于瞬时幅度和瞬时频率的特征方法, 4FSK调制信号的识别率可提高9%\基于谱图时频分析法\识别率
通过改进排序算法、基于Multi-stream隐藏通讯时间、解耦数据依赖并实现细粒度并行等优化方法, CUDA版本的VaR计算性能比优化后的CPU单核性能提升了42.6倍, 为快速计算超大数量债券的VaR提供了有效的解决方案\排序算法\计算性能
为了提高分析的准确性, 将第三方SDK的demo应用作为分析对象, 并使用了在分析Android应用中有效的分析方法 (例如静态污点追踪、动态污点追踪、动态二进制插桩等) 和分析工具 (例如flowdroid、droidbox等) \动态二进制插桩\准确性
通过采用多种负载对该方法进行验证实验, 实验结果表明IRR-FTL相比DFTL缓存命中率提高29\DFTL\缓存命中率
实验结果表明, 在20台普通PC机搭建的内存云集群中, 实施数据存储优化策略的系统比原系统在存储处理数据时提高了0.5%, 此外, 提出的数据存储优化策略在不影响系统性能的前提下, 还有效节约了系统在存储处理数据时的内存空间, 并且提高了存储效率\数据存储优化策略\内存空间
仿真结果表明, 相比其他现有的缓存方案, Adaptive缓存放置策略配合改进的E-COOP缓存发现策略, 在查询延迟、能量损耗、数据吞吐量等方面具有显著优势\E-COOP缓存发现策略\数据吞吐量
为了提高云环境下任务的执行效率、降低执行费用, 提出了一种基于相关性的并行任务调度策略\并行任务调度策略\执行费用
实验表明, MAO-DRLS策略能够有效地提升数据副本的利用率, 缩短系统的响应时间\MAO-DRLS策略\响应时间
针对立体视频单个视点中的整帧丢失问题, 提出基于平面运动视差不变性的差错隐藏方案\差错隐藏方案\整帧丢失
通过国产及商用多环境实验, 加速比分别是3.6和5.9, 验证了PIDW算法的性能提升能力\PIDW算法\加速比
通过图像分割实验显示, 本文提出的方法 AGCT＿acc与AGCT在不同数据集上最终生成的云概念参数几乎相同, 即分割效果很接近, 而AGCT＿acc的时间损耗却比AGCT减少很多\AGCT\时间损耗
在真实网络拓扑中进行了链路故障诊断仿真实验, 实验结果表明, 所提方法与现有的经典启发式算法——TOMO相比, 降低了5%30%的误诊率\TOMO\误诊率
仿真结果表明, 与基于生成矩阵满秩上下界计算方法相比较, 基于概率转移函数方法对于均匀度分布码字的性能衡量最大误差降低到0.012 4, 一般码字计算复杂度降低到O (k2) \基于概率转移函数方法\复杂度
首先将输入信号通过部分匹配滤波器进行处理, 当本地伪码和输入信号伪码相位对齐时, 输出信号仅剩下了残余多普勒频偏;然后将该信号进行级联随机共振, 从而提高信号的输入信噪比;最后通过快速傅里叶变换 (FFT) 谱分析, 可以在频谱上得到清晰的谱峰, 进而求出多普勒频偏值\FFT\信噪比
在KDD CUP99数据集上, 对所提算法进行入侵检测仿真, 实验结果证明该算法检测率高, 误检率低, 能够有效提高入侵检测的准确率\KDD CUP99数据集\误检率
具体来讲, 该算法在运算大规模数据时精度优于k均值算法, 并且在保证精度的情况下运行速度远快于基于图松弛优化聚类算法\图松弛优化聚类算法\运行速度
实验结果表明, 与局部敏感哈希、谱哈希等哈希算法相比, 本文算法在准确性和效率上均具有一定的优势\谱哈希\效率
根据DBSCAN算法中的密度参数, 保留各子簇的边界特征样本, 使子簇合并过程的计算效率进一步提高\DBSCAN算法\计算效率
实验结果表明, 相较于一般的K均值聚类算法, 全局K均值聚类算法得到了更好的聚类效果, 同时提升了算法的稳定性\全局K均值聚类算法\稳定性
针对近邻传播算法的偏向参数以及聚类类数对聚类结果准确性的影响\近邻传播算法\准确性
实验结果表明:相对于传统的改进K-medoids算法, IKmedoids算法在有效缩短分类时间的同时保证了聚类准确率, 为进一步分析飞行过程中的燃油消耗提供了新视角\IKmedoids算法\准确率
首先, 定义了Cell网格概念, 并提出了基于Cell的距离分析理论, 利用该距离分析, 无需距离计算, 可快速确定高密度区域的核心点和密度相连关系;其次, 给出了网格簇定义, 将基于位置点的密度簇映射成基于网格的密度簇, 利用排他网格与相邻网格的密度关系, 可快速确定网格簇的包含网格;第三, 利用基于Cell的距离分析理论和网格簇概念, 实现了一个快速密度聚类算法, 将DBSCAN基于数据点的密度扩展聚类转换成基于Cell的密度扩展聚类, 极大地减少高密度区域的距离计算, 利用位置数据的内在特性提高了聚类效率;最后, 在基准测试数据上验证了所提算法的聚类效果, 在位置大数据上的实验结果统计显示, 与DBSCAN、PR-Tree索引和Grid索引优化的DBSCAN相比, CBSCAN分别平均提升了525倍、30倍和11倍效率\ CBSCAN\聚类效果
在此基础上, 以减少通信开销提高分布式轨迹流聚类效率为目标, 提出了一个在线处理分布式轨迹数据流的增量聚类算法 (OCluDTS) \在线处理分布式轨迹数据流的增量聚类算法\分布式轨迹流聚类效率
此外, 为了进一步降低OCluDTS算法的总执行开销, 提出了仅限于聚类更新的远程节点传输聚类结果给协调者节点以及基于协调者节点相似性计算的剪枝策略等优化措施\OCluDTS算法\执行开销
实验结果表明RWNAMOA*dr算法比NAMOA*dr算法的运行时间平均减少了50.69%, 占用的空间平均减少了约10%, 能够为现实生活中加速多目标路径搜索提供理论支撑\NAMOA*dr算法\占用的空间
针对确定性算法难于求解的各项的重量系数和价值系数在大范围内取值的折扣{0-1}背包问题 (D{0-1}KP) , 提出了基于差分演化策略的混沌乌鸦算法 (DECCSA) \DECCSA\价值系数
首先, 采用混沌映射生成初始乌鸦种群;然后, 采用混合编码方式和贪心修复与优化策略 (GROS) 解决了D{0-1}KP的编码问题;最后, 引入差分演化策略提高算法的收敛速度\差分演化策略\收敛速度
对4类大规模D{0-1}KP实例的计算结果表明:DECCSA比遗传算法、细菌觅食算法和变异蝙蝠算法求得的最好值和平均值更优, 能得到最优解或更好的近似解, 非常适于求解D{0-1}KP\变异蝙蝠算法\平均值
该方法通过遗传算法寻优获取几组较优解, 经过计算后作为二进制蚁群算法的初始启发式信息, 利用二进制蚁群算法的全局搜索获取最优解;另一方面, 为充分利用影像的光谱与空间信息, 将波段组合的光谱特征与改进二进制蚁群算法选择的纹理特征融合进行分类, 可以获得更高的分类精度\二进制蚁群算法\分类精度
实验结果表明, 改进二进制蚁群算法与遗传算法、蚁群算法、二进制蚁群算法相比全局搜索能力更强, 且该方法分类精度达到95.63%\二进制蚁群算法\分类精度
采用拥挤距离评价非劣解的优劣, 保留了优秀个体, 并通过精英选择策略, 将非劣解作为遗传操作的个体, 引导算法向最优方向收敛\精英选择策略\拥挤距离
最后在MATLAB环境中, 用实际网络数据进行对比实验验证, 结果表明, 改进的CCN算法在社团划分效率和Q值结果上有更理想的效果\改进的CCN算法\Q值
DPACO算法通过改变参数在不同阶段的值来使算法获得更快的收敛效率, 加入特殊蚂蚁使得算法更好地跳出局部最优解获得全局最优解\DPACO算法\收敛效率
最后通过钢铁锻造任务的云制造资源优选将DPACO算法与原始ACO、PSO、DE算法作比较, 实验结果表明, DPACO算法在求解云制造服务组合问题上能够更好地获得全局最优解, 并具有较高的收敛效率\DPACO算法\收敛效率
但是, 在面对计算机围棋这种复杂的决策过程时, 简单的蒙特卡洛树搜索过程往往由于计算量大, 收敛速度非常慢\蒙特卡洛树搜索\计算量
实验结果说明, 所提算法显著改进了蒙特卡洛树搜索的准确性和效率\蒙特卡洛树搜索\效率
在有向切换网络是周期强连通的且对应的邻接矩阵是随机的而非双随机的条件下, 利用非二次李雅普诺夫函数方法证明了所提多个体分布式次梯度优化算法的收敛性\多个体分布式次梯度优化算法\收敛性
首先, 考虑货物重量、出入库频率和出入库时间等因素, 以货架重心低、出入库频率高、货物离出入库口近等为原则建立货位分配优化模型;然后, 提出一种精英多策略差分进化算法, 通过提取部分精英个体的信息指导变异, 并根据精英个体的拥挤度变化对不同的阶段使用不同的策略, 从而产生高质量的解, 同时加快算法的收敛速度;最后, 通过10个经典测试函数验证了所提算法的有效性, 并基于该方法对某智能制造企业的成品库进行了优化, 得到了满意的货位分配方案\精英多策略差分进化算法\有效性
鸡群优化算法 (Chicken Swarm Optimization, CSO) 是一个全新的群智能优化算法, 简单且具有良好的扩展性\群智能优化算法\扩展性
仿真实验结果表明, 在解决高维问题时, 改进的鸡群优化算法避免了陷入局部极值, 提高了收敛精度, 在DTI-FA图像配准中提高了图像的配准精确度\改进的鸡群优化算法\配准精确度
为提高算法在优质区域的开采能力和算法的收敛速度, 提出一种基于最优解集距离的改进JADE算法 (db-JADE) \基于最优解集距离的改进JADE算法\收敛速度
根据目标个体与最优解集中的最优个体距离确定参与变异的最优粒子概率, 增强对已探测的多个最优区域的勘探能力;采用线性减少的可变规模种群策略, 增强算法前期的全局开采能力和后期的局部探测能力\可变规模种群策略\局部探测能力
借鉴混合蛙跳算法 (SFLA) 的进化机制, 将蜂群划分为多个模因组, 使每个新个体与自身所在模因组的最坏个体进行优劣比较, 能够更加容易保存群体中的“新生”个体, 改善群体的整体质量, 增加算法的深度搜索能力\SFLA\深度搜索能力
通过7个测试函数进行实验, 统计结果表明了SABC算法在求解函数优化问题时具有较好的算法性能\SABC算法\算法性能
首先使用SFM从输入图像中提取稀疏种子点;然后直接在固定的世界坐标系中从所有种子点出发向其邻近三维空间扩展, 得到生长点的初始位置和方向, 并通过优化确定生长点的最终位置和方向, 在优化前和优化中根据生长点的当前位置和方向不断选取和更换最佳主、副图, 提高优化质量;再利用邻域已重建点云有条件地矫正生长点的位置和方向, 并以此作为初值再次优化, 避免优化收敛到局部极值, 提高生长点的重建精度;最后设计光滑、深度和方向三方面的自适应一致性滤波, 在减少误删的同时及时删除误差点, 防止误差蔓延\SFM\重建精度
实验结果表明, 文中算法的重建精度和完整度均明显超过当前流行的PMVS算法;与高精度DAISY算法相比, 在完整度大大提高的前提下, 该算法的精度与其基本持平\高精度DAISY算法\精度
基于非支配排序的多目标优化算法 (NSGA-II) 由于其优异的鲁棒性在过去的十年里已经成为了一种非常受欢迎的多目标优化算法\基于非支配排序的多目标优化算法\鲁棒性
例如, 非支配排序本身具有较高的时间复杂度;在处理高维多目标优化问题时, 传统的非支配排序会面临选择压力丧失的缺陷\非支配排序\时间复杂度
因此, 提出一种NSGA-II的改进算法, 先搜索优化问题的近似极值点, 然后通过极值点将目标空间进行划分, 空间划分后, 只对内部空间的解采用传统的非支配排序和拥挤度距离选择精英解, 以此来提升算法的收敛效率\非支配排序\拥挤度距离
鉴于全局搜索和单原子选择的逼近方式是导致图像稀疏分解贪婪算法复杂度高的主要原因, 对传统的匹配追踪 (MP) 算法进行改进, 提出基于局部字典搜索和多原子匹配追踪 (LMMP) 的逼近算法\逼近算法\复杂度
采用基于二维快速哈莱特变换的内积批量计算方法, 实验计算发现核原子在MP算法相邻代中的位序基本稳定, 最佳原子只需在排序靠前的原子组成的局部字典中搜索, 一次迭代搜索多个非相干原子, 进一步提高匹配追踪算法速度, 逐原子依次更新残差可减小逼近误差\基于二维快速哈莱特变换的内积批量计算方法\逼近误差
理论分析表明, LMMP算法是收敛的, 且时间复杂度比MP算法低数个数量级\MP算法\时间复杂度
从实验结果看出, LMMP算法与其他全局搜索算法相比, 在运算速度和逼近性能上有明显优势\全局搜索算法\逼近性能
在全局迭代过程中采取精英群自学习进化机制, 以对精英空间进行精细搜索, 获得更优解, 进一步提升算法的全局寻优能力, 正确导向算法的进化\精英群自学习进化机制\全局寻优能力
首先, 借鉴过滤法的思路, 通过计算互信息指标, 依据互信息最值过滤原则 (MIMVFC) 获得特征基因候选子集 (FGCS) , 缩小分类操作的范围, 提高特征基因被覆盖的概率;接着, 对粒子群优化 (PSO) 算法进行改进, 引入惯性权重实现自调节可变惯性权重粒子群优化 (IWPSO) 算法, 使得在算法迭代初期有着快速的全局优化能力, 而在算法后期具有较强的局部搜索能力;最后, 运用IWPSO从FGCS中提取核心信息基因子集 (CFGS) , 并基于CFGS对样本进行肿瘤与正常组织的分类\IWPSO\局部搜索能力
基于相同的FGCS, 与目前效果较好的二进制粒子群优化与防治基因算法 (BPSO-CGA) 相比, IWPSO的运算耗时有所增加, 但所获得的CFGS规模减小, 准确率提高;而与经典PSO相比, 所获得的CFGS规模减小、运算耗时减少、准确率提高\经典PSO\准确率
SLTLBO算法为学生构建了更加完善的学习框架, 学生在完成常规“教”阶段与“学”阶段的学习行为之外, 将进一步对比自己与教师、最差学生的差异, 自主完成多样化的学习操作, 以提高自己的知识水平, 提高算法的收敛精度;同时学生通过高斯搜索的自主学习反思行为跳出局部区域, 实现更好的全局搜索\SLTLBO算法\收敛精度
传统的人工蜂群算法 (Artificial Bee Colony algorithm, ABC) 及其在多目标上的扩展 (Multi Objective Artificial Bee Colony algorithm, MOABC) 存在着在高维、多峰函数情况下收敛速度变慢、后期容易陷入局部最优以及寻优精度丢失等问题\MOABC\收敛速度
首先通过改进量子粒子群算法优化的粗糙集对得到的特征向量进行属性约简, 然后经过改进量子粒子群算法优化支持向量机参数\改进量子粒子群算法\支持向量机参数
该算法引入免疫进化理论对野草种群中的最优个体进行免疫进化迭代计算, 并且充分利用最优个体引导不同野草个体进行局部搜索和全局搜索, 能够有效避免算法陷入局部极值, 并且以更高的精度逼近全局最优解\免疫进化理论\精度
首先, 根据问题建立相应的模型, 并将遗传算法运用到问题求解当中;然后, 通过添加算子调节等操作来改进遗传算法, 增加了算法的适用范围, 加快了算法的收敛速度, 提高了算法的效率;最后, 将算法应用于实际生活当中, 并与传统的遗传算法进行对比\遗传算法\效率
实验结果表明, 提出的EIW-PSO算法具有更快的收敛速度和更高的求解精度\PSO算法\解精度
通过对11个标准函数进行仿真实验, 并与标准粒子群和其他改进算法进行对比, 结果表明, 基于健康度的自适应过滤粒子群算法寻优精度高, 收敛速度快\基于健康度的自适应过滤粒子群算法\ 收敛速度
为了改进算法的搜索效率, 还提出了改进的有限圆族法, 用于装填物之间的干涉性判断和干涉量计算\改进的有限圆族法\搜索效率
本文首次将自适应差分进化算法用于软件测试数据的产生, 并与传统软件测试数据产生的算法进行了比较, 实验表明本文算法能够有效地提高自动产生测试数据的效率和性能\传统软件测试数据产生的算法\性能
遗传算法求解多峰函数极值需进行反复多次的迭代运算, 面对大数据样本时会出现运算效率过低的现象, 这极大地限制了遗传算法的实际应用\遗传算法\运算效率
首先, 根据均匀设计理论建立局部搜索算子, 对FA的搜索过程进行改进, 以提升算法的局部开采能力和收敛速度;其次, 利用可变步长策略, 动态地调整算法搜索步长, 以平衡全局和局部的勘探能力和开采能力;最后将均匀局部搜索算子和可变步长进行融合\可变步长策略\开采能力
通过对12个标准测试函数进行仿真实验, 结果表明, UVFA的目标函数均值均明显优于FA、明智步长策略的萤火虫算法 (WSSFA) 、可变步长萤火虫算法 (VSSFA) 和基于均匀局部搜索的萤火虫优化算法 (UFA) , 并且时间复杂度明显降低, 并且在低维和高维问题中均显示出了较好的质量, 具有良好的鲁棒性\UFA\鲁棒性
首先, 运用边收缩方法的启发式策略生成高质量的初始解, 并将其作为种子植入到初始种群中;然后, 利用IGA对模型进行求解, 在提升搜索效率的同时进一步提高解的质量;最后, 运用真实数据和仿真数据进行对比实验\IGA\解的质量
为飞蛾捕焰引入纵横交叉机制和混沌算子, 通过横向全方位交叉寻优减少搜索盲点, 纵向维交叉开发和混沌映射增强跳出局部最优的能力, 火焰信息在种群中纵横交叉呈链式反应传播, 加快收敛速度和避免算法早熟\混沌算子\收敛速度
该算法通过引入模拟退火操作进一步优化参考集中的解, 以提高获得全局最优解的概率\模拟退火\获得全局最优解的概率
通过选择、交叉和变异操作, 实现目标函数的最小化, 大大缩减了车辆行驶距离, 优化了配送路线, 并根据数学模型利用实验数据进行仿真实验, 结果表明混合遗传算法相对于原有的遗传算法提高了全局寻优能力和算法的收敛速度\遗传算法\算法的收敛速度
该算法采用自适应权重法改进了粒子群优化算法, 相较于标准粒子群优化及遗传等传统启发式算法有更快的收敛速度;并采用GPU加速, 实现了高性能的并行计算, 大幅加快了计算速度\传统启发式算法\计算速度
在设计算法中, 引入精英保留机制, 提高收敛速度;引入Levy飞行算子, 避免陷入局部次优\Levy飞行算子\收敛速度
基于虚拟力的无线传感器网络覆盖算法易陷入局部最优, 导致覆盖率低、收敛速度慢\基于虚拟力的无线传感器网络覆盖算法\收敛速度
通过虚拟力方案尽可能分散节点, 提高监测区域的覆盖率, 采用集合划分泰森多边形方案和Minmax算法减少虚拟力末端中覆盖率下降的情况, 使用质心算法提高虚拟力算法的收敛速度\质心算法\覆盖率
相比基于虚拟力的网络覆盖算法, VFVP算法提高了5%左右的覆盖率\VFVP算法\覆盖率
采用基于排列的编码策略, 设计两种局部搜索策略, 提高算法求解性能\局部搜索策略\算法求解性能
实验结果相比自适应蚁群算法和混合遗传算法, 求解质量分别提高13\混合遗传算法\求解质量
实验结果表明, DACQPSO算法在覆盖率指标上比标准粒子群、量子粒子群、混沌量子粒子群算法分别提高了3.350 1%、2.650 2%和1.900 0%, 有效地提高了WSN的覆盖性能\混沌量子粒子群算法\覆盖率指标
仿真实验结果表明, 提出的改进算法在收敛速度和寻优精度上较基本FOA及其几种改进算法有更好的寻优性能\基本FOA\寻优性能
基于分枝限界的完备算法通过定义上下界及剪枝操作, 有效地降低了算法的计算复杂度\基于分枝限界的完备算法\计算复杂度
实验结果表明, 野草猴群算法的求解精度较简易猴群算法有大幅提高\简易猴群算法\求解精度
该算法将种群分为精英和普通两个子群:普通子群采用传统分子动理论优化算法搜索策略进行大范围搜索, 而精英子群则通过协同合作实现精细化搜索, 以提高算法收敛精度;基于个体迁移实现子群间的信息交流, 两个子群通过分工合作共同完成搜索过程\传统分子动理论优化算法\收敛精度
然后对两条改进策略进行了可行性分析, 提出了带观察策略的多目标灰狼算法并进行了算法复杂度分析\带观察策略的多目标灰狼算法\算法复杂度
为了验证该算法的性能, 选择几个高维的经典函数进行实验, 结果表明, 改进的新型蝙蝠算法同基本的蝙蝠算法和粒子群算法相比提高了寻优性能\粒子群算法\寻优性能
结果表明, MOEGA算法不仅可以满足工作流截止时间约束, 而且在降低任务执行跨度与执行代价的综合性能方面也优于其他算法\MOEGA算法\执行代价的综合性能
实验结果表明, UDEPSO算法在优化收敛精度和效率上具有较强的优势\UDEPSO算法\效率
实验结果表明, 双适应度动态遗传算法在耗时和耗能上都具有优异表现, 代价函数可以选出适应于不同调度问题的权值\双适应度动态遗传算法\耗能
使用随机概率变异算子提高算法的收敛速度, 使用随机性强的惯性权重因子提高搜索效率, 加入限幅滤波算法提高学习精度\限幅滤波算法\学习精度
本文通过设计基于特征树子树的新交叉算子, 使得交叉算子环节不再引入新的约束违反项, 实验表明这种方法能显著的提高最终解集的有效产品率, 在超体积指标和有效产品率指标间找到平衡\交叉算子\有效产品率指标
实验结果表明, 与几种经典的启发式算法相比, HMBBO算法具有寻优能力强、收敛速度快、求解质量高的特点, 为解决云计算环境中任务调度问题提供了一种新思路\HMBBO算法\求解质量
采用改进的遗传算法求解上述优化模型, 将某一分块参数组合 (种群个体) 所对应的稠密矩阵乘法的性能值作为该个体的适应度, 通过不断迭代地进行选择、交叉、变异操作, 找到最优的分块参数组合, 使得稠密矩阵运算的性能值最优\遗传算法\运算的性能值
数值实验表明, 基于遗传算法求解得出最优分块参数下的GEMM性能值优于默认分块参数下的性能值, 达到了优化的目的\遗传算法\GEMM性能值
新算法将果蝇种群均匀划分为多个子群, 并引入粒子群算法中的惯性权重和学习因子, 协同调节果蝇移动方向和步长;每隔一定迭代次数重新划分子群, 避免种群单一化, 使算法更易跳出局部最优;对子群最优个体进行SQP搜索, 提高局部寻优性能\粒子群算法\局部寻优性能
云计算的仿真实验结果表明, 与基本的ACO算法、SFLA、改进后的粒子群优化 (IPSO) 算法、改进的人工蜂群算法 (IABC) 相比, 所提算法在QoS的4个指标中有最少的完成时间、最低的消耗成本、最高的满意度和最低的异常数值, 表明所提算法能够有效地运用在云计算资源调度中\IABC\异常数值
其利用SVP算法快速收敛的特性, 提升了SP算法的收敛速度, 且能得到更优的解\SP算法\收敛速度
由实验数据可见, 与SSDM极小化策略相比, 其优点是缩减了求解空间和迭代求解次数, 尤其当求解规模较大问题时, 其极小化效率越高\SSDM极小化策略\极小化效率
实验结果表明, 对于一些较大的实例, 与目前效率最好的Boolean方法相比, SAT-MHS方法高效且易于实现, 求解速度能提高10～20倍, DOEC极小化策略对比传统SSDM极小化策略能达到40倍左右\传统SSDM极小化策略\求解速度
实验结果和分析结果表明, 这些策略均能提高收敛速率和搜索效率, 其中, 生长细胞到入侵细胞的转换策略和死亡细胞到入侵细胞转换策略在一定程度上减少了计算时间, 生长细胞的生长步长调整策略能强化D-ITGO的搜索效率\D-ITGO\搜索效率
为增强生物地理学优化 (Biogeography-based optimization, BBO) 算法的优化性能, 降低其运行时间, 提出了一种差分迁移和趋优变异的生物地理学优化算法 (DGBBO) \DGBBO\运行时间
首先, 将两种差分扰动操作与BBO算法的迁移操作有机融合, 形成差分迁移算子, 提升全局搜索能力并平衡探索和开采;其次, 将趋优操作融入到BBO算法的变异算子中, 替换原变异操作, 形成趋优变异算子, 克服了原变异算子存在的缺陷, 加快收敛速度;此外, 还从多个角度降低算法的计算复杂度\趋优变异算子\计算复杂度
其次, 在粒子学习过程中, 引入烟花爆炸机制, 加强种群粒子的搜索能力\烟花爆炸机制\搜索能力
同时, 引入粒子反向学习理论, 显著提高了服务组合全局寻优能力\粒子反向学习理论\全局寻优能力
首先, 根据标准帝国竞争算法 (ICA) 的流程特性, 设计了自适应参数的改进, 可提高算法的收敛速度;然后, 引入帝国和殖民地双改革变异, 并针对工序排序和选择机器的不同阶段提出多变异改革策略, 可提高算法的局部搜索效率;最后, 创建大陆间国家交流合作机制, 促进优秀国家对外信息交流, 可提高算法全局搜索能力\多变异改革策略\全局搜索能力
算例表明, 与粒子群优化 (PSO) 和两阶段启发式算法相比, 利用并列选择遗传算法进行计算, 目标函数中所有需求点的资源满足程度的方差分别减小了93.88%、89.88%, 成本分别减少了5%、0.15%\并列选择遗传算法\成本
最后, 通过对比实验从规划航路的质量和算法耗时两个角度将所提方法与A*算法、蚁群算法、粒子群航路规划方法进行对比\粒子群航路规划方法\算法耗时
对于优解, 利用全局搜索策略进行预处理, 这样能提高算法的收敛速度和收敛精度\全局搜索策略\收敛精度
对于劣解, 则利用随机搜索策略进行预处理, 这样能扩大搜索范围, 增强搜索能力\随机搜索策略\搜索能力
通过标准测试函数对所提算法进行测试, 结果表明改进策略能够有效提高连续域蚁群优化算法的收敛速度并改善解的质量\连续域蚁群优化算法\解的质量
为鲸鱼的觅食加入信息交流强化机制, 并在捕食引入正余混沌双弦机制, 通过正弦全局搜索减少寻优盲点, 余弦局部开发加快收敛速度, 以及混沌算子增强跳出局部最优的能力, 个体信息在种群中双弦混沌交叉快速传播\余弦局部开发\收敛速度
通过对测试函数结果验证表明, 改进的果蝇算法比FOA算法具有更高的搜索精度和更快的收敛速度\FOA算法\收敛速度
仿真实验结果表明, 与基本鸡群算法和粒子群算法等相比, 改进后的鸡群算法能有效提高算法的收敛精度和收敛速度\改进后的鸡群算法\收敛速度
大规模虚拟机放置是云计算中的一个关键问题, 好的虚拟机放置策略不仅可以提高数据中心的性能、资源利用率, 同时也可以减少数据中心的能耗与维护费用\虚拟机放置策略\性能
实验结果证明, 该放置策略可以使数据中心的能耗降低6%20%, 同时也可使通信的总流量与主干网流量降低5%30%\放置策略\主干网流量
实验结果表明, 与传统调度算法相比, 所提算法能够更快地达到全局收敛, 并得到更加稳定的寻优结果, 提高了寻优的质量和效率;同时, 该算法不仅减少了总任务时间开销, 而且使虚拟机的平均资源利用率稳定在99%以上, 负载也更加均衡\传统调度算法\平均资源利用率
为提高算法的运行效率, 采用狼群算法来搜索最优阈值, 每匹人工狼代表一个可行的二维阈值向量, 狼群通过游走、召唤、围攻这三种智能行为的不断迭代以及狼群间的信息交互来获取最佳阈值\狼群算法\运行效率
仿真结果表明, 与标准粒子群优化二维Otsu算法和传统二维Otsu算法相比, 狼群优化算法降低了分割时间并提高了图像分割精度\狼群优化算法\分割时间
与其它进化算法的对比实验结果表明, 本文的差分进化算法有效提高了benchmark函数的最优值精度, 加快了收敛速度\差分进化算法\收敛速度
为了验证HTPSO的性能, 与利用正弦函数改进惯性权重的粒子群优化算法 (Sin PSO) 、自适应粒子群优化算法 (Sel PSO) 、基于自适应惯性权重的均值粒子群优化算法 (MAWPSO) 和简化粒子群优化算法 (SPSO) 在不同维度下解决8个常用基准函数, 并根据T-test、成功率和平均迭代次数分析了各算法的优化结果\SPSO\平均迭代次数
实验结果表明, HTPSO具有较优秀的收敛能力, 且粒子运动非常灵活\HTPSO\收敛能力
为提高分布式在线优化算法的收敛速度, 对底层网络拓扑依次添边, 提出一种快速的一阶分布式在线对偶平均优化 (FODD) 算法\FODD\收敛速度
最后的数值仿真表明:和ODDA算法相比, 所提出的FODD算法具有更快的收敛速度\FODD算法\收敛速度
仿真结果表明, 与基于传统PSO算法的混合预编码方案相比, 所提改进方案在收敛速度与和速率上都得到优化;其收敛速度提高约100%, 且性能可以达到全数字预编码方案的90%, 因此, 该改进方案能够有效提升系统性能且加快收敛\基于传统PSO算法的混合预编码方案\性能
首先, 在每一次迭代中, 由当前点和前一个点的线性组合构成加速算子重新进行梯度估计, 更新迭代点;其次, 为了改变迭代步长固定的限制, 引入割线线性搜索, 动态确定每次最优迭代步长;最后, 将改进的迭代收缩阈值算法用于求解离焦深度恢复动态优化问题, 加快算法的收敛速度、提高微观3D形貌重建的精度\改进的迭代收缩阈值算法\微观3D形貌重建的精度
在对标准500 nm尺度栅格的深度信息重建实验中, 与ISTA、快速ISTA (FISTA) 和单调快速ISTA (MFISTA) 相比, FL-ISTA收敛速度均有所提升, 重建的深度信息值下降了10个百分点, 更接近标准500 nm栅格尺度;与ISTA相比, FL-ISTA重建的微观3D形貌均方差 (MSE) 和平均误差分别下降了18个百分点和40个百分点\ISTA\重建的深度信息值
通过4种科学工作流的仿真实验结果表明, CGAA算法得到的调度方案在满足工作流调度截止时间约束与降低任务执行代价的综合性能方面优于同类型算法\CGAA算法\执行代价
在算法的第一阶段, 集中计算资源搜索优化问题的极值点, 通过优先选择内部空间的解来提高基于支配算法的收敛性能\支配算法\收敛性能
水波优化算法 (Water Wave Optimization, WWO) 是受浅水波理论启发而提出的一种新兴群体智能算法, 其具有控制参数少、种群规模小、实现简单、计算开销小等优点, 但依然存在局部搜索能力不强、收敛速度较慢等缺陷\水波优化算法\收敛速度
以标准的SATLAB库中变量个数从20250的3 700个不同规模的标准Uniform Random-3-SAT问题对新的算法的性能进行了合理的测试, 并与高效和普通性能改进的GSAT算法的结果作了比较, 结果表明, 该算法具有更高的成功率和更少的翻转次数\GSAT算法\成功率
对此, 提出了一种混合测试用例自动生成算法, 将群体爬山算法思想混合并融入花朵授粉算法中, 保留了寻优精度高等优点, 同时提高了标准花朵授粉算法的脱困能力和运算效率\标准花朵授粉算法\运算效率
实验结果表明, 该算法在测试用例自动生成上精度较高, 同时在收敛速度和计算效率方面比标准花朵授粉算法、粒子群算法有较大提高\粒子群算法\计算效率
提出一种分散功率算法DPM, 用于分布式计算样本协方差矩阵的最大特征值, 通过将平均共识和迭代功率法相结合, 在相对少量样本和有限次数迭代的条件下, 实现了协方差矩阵最大特征值的较快收敛速度和较高精度估计\分散功率算法DPM\精度
对比MECD算法和DST算法, 仿真结果表明, 新算法有效减少了信号样本数和迭代次数, 收敛速度较快, 可获得更高的检测精度\DST算法\检测精度
仿真实验表明, CBCSA具有良好的全局寻优能力和收敛速度, 能快速求得最优解, 且混沌序列的第一映射方式比第二映射方式性能更佳\CBCSA\收敛速度
以系统能效作为优化目标, 利用遗传算法较强的随机搜索能力和优化性能对PBS发射功率进行优化, 改进遗传算法的交叉概率和变异概率, 避免较优解丢失的同时加快算法的收敛速度\ 改进遗传算法\收敛速度
实验选择6个典型的基准开源项目, 以语句、分支和方法作为程序实体, 实验结果表明佳点集遗传算法收敛速度快、稳定性好, 为回归测试提供了一个有效的测试用例优先排序方法, 有助于尽早发现软件缺陷, 降低测试成本\测试用例优先排序方法\稳定性
在蚁群算法迭代过程中, 引入细菌觅食算法的复制操作, 以加快算法的收敛速度;引入细菌觅食算法的趋向操作, 以增强算法的全局搜索能力\细菌觅食算法\全局搜索能力
为了利用改进的FWA优化粒子滤波, 改进了FWA烟花选择策略, 使得烟花选择策略的时间复杂度由O (N2) 降为O (N) \FWA烟花选择策略\时间复杂度
首先, MSW-SDCOA基于数据依赖关系压缩科学工作流, 减少任务节点数从而节省了调度开销;并通过改进HEFT (heterogeneous earliest-finish-time) 算法形成调度序列, 以实现全局多目标优化调度;最后, 通过优化ACO (ant colony optimization) 中信息素更新策略和启发式信息, 进一步改善费用优化效果\ACO\费用优化效果
实验结果表明, CERMW和CERLC&MW相对于先前的#SAT求解算法在求解效率和求解能力上都有显著的提高\#SAT求解算法\求解能力
在求解效率方面, CERMW和CERLC&MW的求解速度是其他算法的1\CERMW\求解效率
在求解能力方面, CERMW和CERLC&MW在限定时间内可解的测试用例更多\ CERMW\求解能力
借助自适应协方差矩阵进化策略的思想, 充分利用进化过程中累积的种群分布信息, 同时, 由于自适应协方差矩阵存在收敛早熟、易陷入局部最优的缺点, 先后对变异和交叉操作进行相应改进, 以平衡算法的全局搜索能力和局部搜索能力\自适应协方差矩阵进化策略\局部搜索能力
仿真实验结果表明:该算法收敛速度快, 求解数值精度高, 对初值的依赖程度低, 在SVM参数优化中具有更好的性能、更高的分类准确率, 是一个极其有效的参数优化方法\SVM\分类准确率
元启发式算法相比较启发式算法求解精度高, 但算法运行时间长, 基于精英策略的蚁群算法虽能加快收敛速度却易陷入局部最优\基于精英策略的蚁群算法\收敛速度
实验证明改进后的蚁群算法降低了最大完成时间和不平衡程度, 提高了云资源的利用率\改进后的蚁群算法\云资源的利用率
仿真结果表明, 在一定条件下, 与自适应的二四叉树相比, 改进后的算法可以在减少空闲时隙数的同时提高算法的吞吐率\自适应的二四叉树\空闲时隙数
为进一步提高萤火虫算法 (firefly algorithm, FA) 的收敛速度和计算精度, 提出一种布谷鸟算法 (cuckoo search, CS) 初始化萤火虫初始种群的算法 (CSFA) \CSFA\CS
最后将CSFA算法应用到压力容器设计问题中, 应用结果表明CSFA算法不管是最优值、最差值还是平均值和标准差都要好于SBSM算法, CPSO算法, HPSO算法, TVDFPA算法对压力容器问题的求解值\TVDFPA算法\标准差
对待预测事件已知的热度时间序列进行缩放变化, 并使用最小二乘法选取类模型库中均方误差和最小的模型对该事件进行预测\最小二乘法\均方误差和
实验结果表明, 相比CIA和GoDIN这两种完全基于PPI网络的方法, HPMM的精确度与F值更高\HPMM\精确度
实验仿真结果表明, 与当前预测性能较好的、基于最小二乘局部预测的可逆图像水印算法相比, 所提算法在嵌入相同的数据时拥有更高的峰值信噪比 (PSNR) \基于最小二乘局部预测的可逆图像水印算法\PSNR
将深度堆叠森林应用于Eclipse数据集的缺陷预测中, 实验结果表明, 该算法在预测性能和时间效率上均比深度森林有明显的提升\深度森林\预测性能
