首先, 建立匹配点样本集合, 并在每帧中随机选择匹配点计算其匹配代价和置信度;其次, 更新集合并将置信度高的匹配点向邻域传播, 随着时间的持续会由粗到精得到深度图;最后, 用深度信息改进Vi Be算法 (visual background extractor, 视觉背景提取) 得到最终的检测效果\Vi Be算法 \visual background extractor\视觉背景提取
对拍摄的彩色油管裂纹图像选用灰度化、直方图均衡化、对数变换相结合的方式进行预处理, 取得较好的预处理效果\灰度化\直方图均衡化\对数变换
首先利用基于图论的视觉显著性算法 (graph-based visual saliency, GBVS) 提取包含目标人脸的显著图, 并对该显著图进行阈值分割和形态学等操作得到初步的二值人脸目标区域\基于图论的视觉显著性算法\graph-based visual saliency\GBVS
同时为验证算法的有效性, 我们将该算法应用于肺癌数据和神经胶质瘤体细胞突变数据中, 结果显示Megnet算法不仅比Dendrix和Multi-Dendrix算法检测的基因集合具有更高的生物相关性和统计显著性, 而且还检测出一些可供生物验证的新候选基因集合, 并且这些检测的基因集合与已知的P53、RB、RAS和PI3K等信号通路及细胞循环和细胞凋亡通路具有较高的重叠\Megnet算法\Dendrix\Multi-Dendrix算法
该方法采用每个属性值的均匀性来构建属性序列, 以此定义属性集序列并构建邻域类序列;进而, 通过分析邻域类序列中对象的变化情况来检测离群点, 并设计出相应的离群点检测算法 (Sequence-based Mixed Attribute Outlier Detection, SM AOD) , 该算法在计算单属性邻域覆盖的方式上改进了传统的逐一比较计算模式\离群点检测算法\Sequence-based Mixed Attribute Outlier Detection\SM AOD
首先, 在每个检测设备节点处实现卡尔曼滤波、快速傅里叶变换 (FFT) 等复杂计算, 使网络负载与传输大量原始振动数据的传统方案相比降低了约95%, 缩短了网络传输时间和工作站的计算时间, 提高了系统的实时性和计算能力\傅里叶变换 \FFT\卡尔曼滤波
针对现有的离群点检测算法对于不规则形状数据集和复杂分布的多维数据集检测精度较低的问题, 提出了一种基于相似度剪枝的离群点检测算法\离群点检测算法\离群点检测算法\相似度剪枝
针对传统的单一检测算法很难对不同种类的攻击都有很好检测效果的问题, 提出一种结合极限学习机与改进K-means算法的入侵检测方法\极限学习机\改进K-means算法\入侵检测方法
主要针对核相关滤波 (KCF) 跟踪算法无法解决目标跟踪中尺度变化及目标丢失问题, 提出了一种改进的核相关滤波目标跟踪算法\核相关滤波\KCF\核相关滤波目标跟踪算法
其次, 从社交媒体数据类型的角度出发, 分析和总结了社交媒体事件检测方法的优缺点以及适用场景, 传统媒体中常使用的基于Single-Pass、基于突发项等原理及实现简单, 但是适用场景具有局限性, 基于聚类的方法可实现无监督的事件自动检测, 但其大部分实现都相对复杂\Single-Pass\聚类\无监督的事件自动检测
使用经典Canny边缘检测算法作用于分解后去除冗余信息的主成分上, 将图像的边缘检测转化为对主成分的边缘检测, 可以在有效地去除脉冲噪声和高斯噪声干扰的同时, 更好地保留边缘信息\Canny边缘检测算法\边缘检测\边缘检测
该方法首先对图像进行超像素分割, 计算超像素颜色空间分布, 得到初始显著图;利用似物性检测方法获取多个目标窗口, 由窗口建立搜索区域, 结合二值化的初始显著图优化目标窗口;再利用多窗口特征对超像素做前景对象预测, 获取前景显著图;其次建立背景模板, 计算稀疏重构误差获取背景先验图;最后融合两种显著图, 得到最终显著检测结果\似物性检测\二值化\背景先验
其次, 提出了解决上述模型的两种启发式部署算法:基于贪婪算法的控制层部署算法 (GA-CPA) 和基于粒子群优化 (PSO) 算法的控制层部署算法 (PSO-CPA) \基于贪婪算法的控制层部署算法 (GA-CPA) \基于粒子群优化 (PSO) 算法\控制层部署算法 (PSO-CPA)
与GN算法、Fast Newman算法和改进的标签传播算法的实验结果相比, 该模型可以更加准确地找到各个社区的成员\GN算法\Fast Newman算法\改进的标签传播算法
针对节点约束型链路分离问题中的两条链路需经过各自必经点集的特点, 提出一种以遗传算法和迪杰斯特拉算法为基础的节点约束型链路分离算法\遗传算法\迪杰斯特拉算法\节点约束型链路分离算法
理论分析和仿真表明, 与GLRM算法和LEACH算法相比, Improved-IDDR算法的路由策略的能耗下降幅度分别为21.2%和23.7%;而该算法的时延分别降低了15.23%和17.93%;该算法的所传输数据包的完整性也更好\GLRM算法\LEACH算法\ Improved-IDDR算法
针对传统DV-Hop算法定位精度不高的问题, 提出基于加权因子的混合DV-Hop算法——HDV-Hopw, 其采用两种策略对传统DV-Hop算法进行改进\DV-Hop算法\DV-Hop算法——HDV-Hopw\DV-Hop算法
人工鱼群算法 (AFSA) 是一种新型的巡游策略, 具有鲁棒性强, 全局收敛好以及对初值不敏感等优势, 所以将人工鱼群算法与加权质心算法相结合\人工鱼群算法 (AFSA)\加权质心算法\人工鱼群算法
首先, 给出了ESGR节能地理路由算法和GPS与RSSI相结合的节点定位及预测算法;然后, 在两个算法的基础上提出了一种基于能源高效性的路由实时搜索算法来搜索能源消耗最小的实际路由;最后, 提出了一种新的路由空洞解决方案, 该方案避免了传统方案中的不足\ESGR节能地理路由算法\GPS与RSSI相结合的节点定位及预测算法\基于能源高效性的路由实时搜索算法
仿真实验就无线传感器网络中的信标节点数量、节点总数和节点间的通信半径为变量来比较传统DV-Hop定位算法、加权DV-Hop定位算法和模拟退火的加权DV-Hop定位算法的定位误差\模拟退火的加权DV-Hop定位算法\传统DV-Hop定位算法\加权DV-Hop定位算法
最后, 作者总结了该文中介绍的所有溯源算法的适用性和时间空间复杂度, 讨论了它们的实际应用以及后续的免疫措施, 并提出未来的研究趋势, 包括研究更准确的极大似然估计算法以提高算法的准确度、挖掘并利用传播过程中的信息以提高现有溯源算法的效率, 以及考虑动态人际接触网络以提高算法的实用性等\溯源算法\极大似然估计算法\溯源算法
在仿真网络和真实网络上的实验结果表明该微观结构极大团是社区结构的核心, 异步算法ALPA-A较同步算法ALPA-S更易于收敛以及同步算法ALPA-S具有较好的社区检测质量、自适应性和健壮性, 能够适应多种类型拓扑结构的社会网络\异步算法ALPA-A\同步算法ALPA-S\同步算法ALPA-S
针对小波变换不能充分稀疏表示图像的二维几何特征, 从而影响基于小波变换的传统图像压缩算法对图像纹理特征保持效果的问题, 提出一种基于WBCT变换的EBCOT压缩算法\小波变换\基于小波变换的传统图像压缩算法\基于WBCT变换的EBCOT压缩算法
在样本块精确匹配方面, 改进算法对图像进行预处理以获得图像的先验信息, 并利用先验信息约束算法偏移映射图的初始化, 从而转变Patch Match算法中对图像偏移映射图的全局随机初始化为在先验信息指导下的约束初始化;在像素块匹配过程中, 利用均值法和夹角法来判断不同类别像素块的相似度, 从而提高样本块的匹配精度\Patch Match算法\均值法\夹角法
与以往的3D模型匹配、2D图像匹配等方法不同, 提出了一种新型的基于2D图像变换的更具有人体贴合性的虚拟试衣算法\3D模型匹配\2D图像匹配\基于2D图像变换的更具有人体贴合性的虚拟试衣算法
首先, 利用冗余小波变换对图像进行多尺度分解, 将源图像分解为一个相似平面和一系列小波平面, 该多尺度分解能够有效地提取源图像中的细节信息;然后, 对相似平面和小波平面分别采用引导滤波的加权融合规则来构造加权映射, 从而得到相似平面和小波平面的加权融合系数;最后, 进行冗余小波逆变换, 即可得到融合结果图\冗余小波变换\引导滤波的加权融合规则\冗余小波逆变换
对传统关键帧图像选取算法进行改进, 提出一种基于运动方向和自适应阈值的关键帧手势图像选取算法, 通过比较相邻帧手势图像之间的运动方向和质心距离, 选择出运动方向或距离发生明显改变的关键帧手势图像进行指尖特征选取;在对关键帧手势图像进行特征提取的过程中, 提出一种基于局部极值的指尖特征提取算法, 通过构造距离函数并结合凸包过滤, 寻找手势轮廓曲线上的局部极值点, 确定手势中存在的指尖特征\基于运动方向和自适应阈值的关键帧手势图像选取算法\基于局部极值的指尖特征提取算法\凸包过滤
首先, 通过FAST算法检测特征点, 并根据Harris角点响应函数以及网格划分相结合的方式进行筛选;然后, 在计算直线描述子的基础上构建哈希表和投票表决, 从而得到粗匹配对;最后, 采用基于匹配质量的提纯方法剔除误匹配\FAST算法\Harris角点响应函数\基于匹配质量的提纯方法
该方法利用表盘的颜色直方图分布特征和亮度梯度特征在整幅图像中定位出表盘作为感兴趣区域, 通过光照均衡处理消除阴影影响, 应用ORB算法计算待测图像与模板图像之间的透视变换矩阵, 并对表盘区域进行倾斜校正;采用自适应阈值进行表盘区域的二值化处理, 通过表盘刻度线向心性计算得到指针旋转中心, 并由改进的霍夫直线检测算法进行指针定位检测, 通过指针偏转角度及表盘格局计算获得相应读数\ORB算法\自适应阈值\改进的霍夫直线检测算法
首先, 采用基于Guided滤波的Retinex图像增强算法对现场采集的变压器套管图像进行了预处理, 然后采用基于改进的SIFT特征匹配算法对待测图像进行精确定位, 利用基于最大熵阈值法 (OET) 图像分割方法提取了套管的边缘\基于Guided滤波的Retinex图像增强算法\基于改进的SIFT特征匹配算法\基于最大熵阈值法 (OET) 图像分割方法
为了减少搜索匹配块的时间, 在基本分形压缩算法的基础上, 先对图像块进行处理, 基于主成分分析法 (PCA) 对图像块进行降维, 然后选取图像块中最有效的向量信息作为主成分, 忽略掉信息量较小的一些向量, 仅用保留两个信息量最大的主成分向量描述图像特征, 实现降维分析-特征显示的目的\基本分形压缩算法\主成分分析法\PCA
为了提升PCANet对抗噪声的能力, 提出了局部球面规范化方法, 并将其嵌入PCANet的卷积层, 从而拓展了PCANet特征的丰富性\PCANet\PCANet\PCANe
广义主成分分析 (GPCA) 则是基于图像矩阵的主成分分析推广算法, 它不改变像素间的空间位置关系, 而且计算量也显著降低\广义主成分分析\GPCA\基于图像矩阵的主成分分析推广算法
与GPCA的推广类似, 在图像二维矩阵上推广最大噪声分离方法, 提出一种广义最大噪声分离 (GMNF) 算法\广义最大噪声分离\GPCA\最大噪声分离方法
首先对图像进行低层特征提取, 用“视觉词袋”描述图像;然后对图像特征分别进行K-means聚类和基于支持向量机的多类别分类, 得到图像相似性关系和类别信息;计算语义标签和图像之间的概率关系, 并将图像类别信息作为权重融合到标签的统计概率中, 得到候选标注词集;最后以候选标注词概率为依据, 利用改善的关联规则挖掘算法挖掘文本关联度, 并对候选标注词集进行等频离散化处理, 从而得到最终标注结果\K-means聚类\基于支持向量机的多类别分类\改善的关联规则挖掘算法
利用人脸特征检测算法检测出源人脸和目标人脸的特征点;基于特征点, 利用Delaunay三角剖分的方法将目标人脸转化为三角网格;采用调和映射的方法计算得出所有网格点在源人脸图像中的对应坐标;在获得网格点纹理坐标后, 就可以实现源人脸到目标人脸的映射\人脸特征检测算法\Delaunay三角剖分的方法\调和映射的方法
在水印嵌入过程中, 将原图像进行分块, 对每个块进行Fibonacci置乱和离散小波变换 (DWT) , 选择出低频子带, 用于水印嵌入\Fibonacci置乱\离散小波变换 \DWT
首先, 利用显著性检测算法和最大类间方差法获得显著性图以及目标图像, 排除了背景对初始种子点选取的干扰;然后, 计算出显著性图的质心, 并将其作为初始种子点;最后, 采用改进的基于区域生长的脉冲耦合神经网络对目标图像进行分割\显著性检测算法\最大类间方差法\改进的基于区域生长的脉冲耦合神经网络
首先采用一种改进的混合鲁棒权重函数来计算图像块的相似性权重;再利用预去噪后的图像构造新的方法噪声, 并与两级去噪框架相结合;最后将提出的混合鲁棒权重函数和改进的方法噪声应用到两级非局部均值去噪方法中\改进的混合鲁棒权重函数\混合鲁棒权重函数\两级非局部均值去噪方法
首先, 提出了改进的引导滤波算法以便去除掌纹结构, 并设计了反模糊细节增强模型增强掌静脉结构图像;然后, 提出了一种改进的分块增强算法, 可以在增强掌纹结构图像的同时滤除掌静脉结构信息, 再利用基于Sobel算子的反锐化掩模算法以便突出掌纹主线条结构信息;最后, 对单幅近红外手掌图像中获取的掌静脉和掌纹图像进行融合识别\改进的引导滤波算法\改进的分块增强算法\Sobel算子
对无人机采集的待检测公路图像, 该算法首先利用SIFT提取关键点, 然后利用KNN以及最优节点优先搜索算法进行特征匹配\SIFT\KNN\最优节点优先搜索算法
首先, 在预处理阶段使用高斯型同态滤波器增强油位计图像对光照的适应性, 并通过中值滤波、二值化以及图像形态学等操作突出油位计的指针区域;然后, 根据油位计轴心颜色不同于黑色指针颜色这一特殊属性, 遍历指针像素找出颜色发生突变的坐标点, 进而准确求出油位计的轴心坐标;再根据轴心位置选定包含油位计指针的感兴趣区域, 对感兴趣区域进行霍夫变换即可准确地检测出指针位置;最后, 以红色为标准分割出油位计的起点和终点位置, 进而运用角度法自动识别出油位计的读数\高斯型同态滤波器\中值滤波\角度法
因此, 首先对FAsT-Match算法进行改进, 将通过对得到的仿射变换矩阵进行模糊c均值聚类而得到的目标区域作为新的目标图像, 然后采用原始的FAsT-Match算法进行定位, 最后将新目标位置返回到原始目标图像中\FAsT-Match算法\模糊c均值聚类\原始的FAsT-Match算法
通过小波变换把低分辨率人脸图像分解为3种不同分辨率的人脸图像, 分别采用快速PCA和Gabor小波对每一种分辨率下的人脸图像集进行全局特征和局部特征的提取\小波变换\快速PCA\Gabor小波
针对多分辨率局部与全局特征的融合提出不同的特征融合策略, 对其得到的人脸特征选取Jackknife (刀切法) 与k近邻分类器相结合的方法进行最终的分类和对比\Jackknife\刀切法\k近邻分类器
首先, 根据Gabor滤波和四元数欧拉公式, 推导出四元数Gabor滤波, 并将彩色图像用四元数矩阵表达;其次提出四元数Gabor滤波卷积算法处理彩色图像, 得到多尺度多方向的彩色纹理特征图像;最后对得到的彩色纹理特征图像进行Tamura统计特征的提取\Gabor滤波\四元数Gabor滤波\四元数Gabor滤波卷积算法
实验结果表明, 与Tarel算法和中值滤波算法相比, 该算法得到的去雾图像具有更好的视觉效果;与引导滤波算法相比, 该算法去雾效果更为彻底, 天空区域颜色还原准确, 且运算速度更快\Tarel算法\中值滤波算法\引导滤波算法
SIFT (尺度不变特征变换) 算法与Harris角点检测算法作为两种经典的图像特征点提取算法, 在不同的图像处理中, 两者体现出的图像特征点提取性能也不同\尺度不变特征变换\SIFT\Harris角点检测算法
对此, 分析了几种典型的改进后的中值滤波算法, 在此基础上提出了一种新的自适应加权中值滤波算法 (WAMF) \中值滤波算法\自适应加权中值滤波算法\WAMF
实验结果表明, 与基于小波树的WaTMRI和基于TV的TVCMRI、FCSA等重建算法相比, 其能在滤除噪声的同时有效改善MRI图像的细节信息\基于小波树的WaTMRI\基于TV的TVCMRI\FCSA
针对现有无线射频识别系统密钥生成算法中WiKey算法存在的安全与成本问题, 提出了一种改进的基于部分假名ID的RFID系统密钥无线生成算法\WiKey算法\密钥生成算法\基于部分假名ID的RFID系统密钥无线生成算法
实验验证了配电智能终端应用软件安装监控、数据加密存储、数据访问控制、数据安全删除和消息处理及安全认证等功能\数据加密存储\数据访问控制\数据安全删除
对于种子密钥长度为8字节的RC4算法, 前256字节的恢复成功率都超过了91%;相应的, 种子密钥长度为16字节的RC4算法, 前256字节的恢复成功率都超过87%;种子密钥长度为22字节的RC4算法, 前256字节的恢复成功率都超过了81%\RC4算法\RC4算法\RC4算法
首先采用粗糙集的决策树方法建立故障诊断决策表, 然后离散化处理特征数据;接着采用可辨别矩阵约简算法进行属性约简, 删除冗余信息, 形成精简的决策表;最后使用C4.5算法构造出最终决策树, 并用该方法与直接使用C4.5算法所生成决策树进行对比分析\决策树\可辨别矩阵约简算法\C4.5算法
文中提出了一种基于差分隐私保护的关联规则挖掘方法, 数据拥有者使用拉普拉斯机制和指数机制在数据发布的过程中对用户数据进行保护, 数据分析者在差分隐私的FP-tree上进行关联规则挖掘\基于差分隐私保护的关联规则挖掘方法\FP-tree\关联规则挖掘
实验选取VCM执行密码运算的速度作为性能参考指标, 结果表明, 该机制下VCM使用高级加密标准 (AES) 算法加密时速度提高了16.35%, 使用安全散列算法 (SHA256算法) 加密时速度提高了12.25%\高级加密标准 (AES) 算法\安全散列算法\SHA256算法
提出一种可变保序编码方案gmOPE, 基于广义平衡二叉搜索树 (AVL-N) 进行保序编码, 允许用户自定义加密算法与调整策略, 保证加密的信息保留明文的顺序关系, 使用户能直接对数据库中密文进行高效的顺序相关查询\gmOPE\广义平衡二叉搜索树\AVL-N
提出了一种特别的特征表示方法, 并在此基础上提出了一种基于特别的特征表示方法的局部线性K最近邻算法 (locally linear K-nearest neighbor method, L2KNN) , 并将之应用到人脸识别中\基于特别的特征表示方法的局部线性K最近邻算法\locally linear K-nearest neighbor method\L2KNN
针对目标视觉跟踪过程发生的目标漂移和错误匹配问题, 提出一种基于SDAE (stacked DAE, 堆叠去噪自编码器) 网络和在线Deep Boost学习 (Online Deep Boost, ODB) 策略的多目标视觉跟踪算法\在线Deep Boost学习\Online Deep Boost\ODB
为解决由于植物叶片特征的相似性以及叶片旋转导致植物识别率较低的问题, 提出一种基于降维局部二值模式 (LBP) 与叶片形状特征相结合的植物叶片识别方法\降维局部二值模式\LBP\叶片形状特征相结合的植物叶片识别方法
为此, 在分析已有研究成果的基础上, 基于Cohn-Kanade库表情, 选用卷积神经网络、支持向量机和Adaboost三类算法作为研究对象, 通过算法结构设计和参数优化分别得到三类算法相对较优的算法结构, 并根据识别过程和识别结果进行了三类算法的对比分析\卷积神经网络\支持向量机\Adaboost
为解决在大规模网络流量上使用SVM (support vector machine) 算法时训练速度慢的问题, 提出一种基于并行DAGSVM (directed acyclic graph support vector machine) 的网络流量分类方法\网络流量分类方法\directed acyclic graph support vector machine\DAGSVM 
针对共同空间模式特征提取算法 (CSP) 不能对频域信息进行处理, 且在导联数较少的情况下应用效果不佳的问题, 提出将希尔伯特-黄变换 (HHT) 与CSP相结合的算法\共同空间模式特征提取算法 \CSP\希尔伯特-黄变换 (HHT) 与CSP相结合的算法
其次, 总结了近年来提出的比较重要的方法, 从机器学习的角度, 将其分为浅层学习的方法和深度学习的方法;而从学习到的模型角度又可将其分为直接的方法 (即基于检测的方法) 和间接的方法 (如基于像素的方法、基于纹理的方法以及基于角点的方法) \像素的方法\纹理的方法\基于角点的方法
本文在高斯分布主题模型假设和统计流形学习框架的基础上, 提出一种基于统计流形的文本距离度量方法 (Text Metric on Statistical Manifold, TM SM) \统计流形的文本距离度量方法\Text Metric on Statistical Manifold\TM SM
进而, 提出了具体实现算法, 支持向量双效分类器 (Doubled-Informed classifier based on Support vectors, DISV) \支持向量双效分类器\ DISV\Doubled-Informed classifier based on Support vectors
对现有的特征选择方法分成Filter、Wrapper、Embedded三类, 分析了各类算法的性能原理\Embedded\Wrapper\Filter
针对SAX算法在各序列段表示符号一致时无法区分时间序列间的相似性这一缺陷, 提出了一种基于始末距离的时间序列符号聚合近似表示方法 (SAX＿SM) \SAX算法\始末距离的时间序列符号聚合近似表示方法\SAX＿SM
受限玻尔兹曼机 (Restricted Boltzmann Machine, RBM) 是一种有效的特征提取算法, 受视觉皮层稀疏表示的启发, 人们试图将稀疏这一概念引入到RBM中, 以期学习到原始数据的稀疏表示, 提高其特征提取性能\受限玻尔兹曼机\Restricted Boltzmann Machine\RBM
目前的主流方法是基于条件随机场 (conditional random fields, CRF) 的方法, 但是该方法需要大量的人工特征, 并且存在实体标签的全文非一致性问题\基于条件随机场\conditional random fields\CRF
然后, 对每种描述子分别进行向量量化编码、稀疏编码和局部约束线性编码, 从而获得六种特征\局部约束线性编码\稀疏编码\向量量化编码
因此, 对WML-kNN算法进行了改进, 提出WML-GkN N (WML-granular kNN) 算法\WML-kNN算法\WML-GkN N \WML-granular kNN
混合神经网络由卷积神经网络 (Convolutional Neural Network) 与BP神经网络组成\混合神经网络由卷积神经网络 \Convolutional Neural Network\BP神经网络
通过对特征的信息增益排序快速找到最优候选特征子集, 利用序列前向浮动搜索算法 (sequential forward floating search, SFFS) 约简并提取影响可疑订单的相关维度\浮动搜索算法 \sequential forward floating search\SFFS
68%, 优于当前的LBF、ESR、SDM算法\LBF\ESR\SDM算法
大量实验结果表明, 相比RAM、RWM算法, DISQtop-K方法的索引创建时间较短且占用空间较少, 能有效处理大规模标签图中的动态Top-K兴趣子图查询\RAM\RWM算法\ DISQtop-K
频繁模式挖掘算法众多, 如数据流频繁闭项集挖掘、不确定数据流的最大频繁项集挖掘和不确定数据的频繁模式匹配\数据流频繁闭项集挖掘\不确定数据流的最大频繁项集挖掘\不确定数据的频繁模式匹配
GDLMPP首先将样本等价映射到一个低维子空间, 然后在此子空间求解最佳投影矩阵, 从而有效解决了小样本问题, 并从理论上验证了当类内散布矩阵非奇异时, GDLMPP等价于DLMPP\GDLMPP\GDLMPP\DLMPP
鉴于此, 提出一种基于LLVM的新的编译时的混淆实现方法, 并结合拟态防御思想提出一种新的软件防御策略, 其能有效防御针对软件的多种恶意攻击\基于LLVM的新的编译时的混淆实现方法\拟态防御思想\软件防御策略
通信顺序进程 (communicating sequential process, CSP) 是一种经典的形式化方法, CSPM是在CSP基础上提出的一种函数式语言\通信顺序进程\CSP\CSP
为了减小真实的海量时空轨迹聚类的存储开销和计算量, 针对车辆轨迹挖掘提出了海量时空轨迹的梯形带相似聚类算法 (Feature Preserved-Trapezoidal Belt, FP-TB) \梯形带相似聚类算法\Feature Preserved-Trapezoidal Belt\FP-TB
与经典mean shift算法、Fragment算法以及经典KCF算法进行对比, 对比结果表明, 该算法处理目标跟踪过程中受遮挡、光照、尺寸等影响时, 跟踪效果最佳, 处理速度可达48fps\mean shift算法\Fragment算法\KCF算法
针对如何量化度量数据集稀疏度及稀疏度对不同类型FIM算法性能影响等问题, 首先回顾并讨论了已有的度量方法, 然后提出两种新的量化度量数据集稀疏度的方法 (基于事务差异度的度量方法和基于FP-Tree的度量方法) \FIM算法\基于事务差异度的度量方法\基于FP-Tree的度量方法
该算法首先对各局部节点均应用单传感器的IMM-GPDA算法跟踪多机动目标, 并将其各模型的状态估计、协方差估计、模型概率、组合新息及其协方差矩阵等滤波结果送至融合中心;在航迹关联判决结束后, 融合中心根据各模型对应似然函数的大小融合不同传感器关于同一目标的模型状态估计及其协方差矩阵, 并提出利用三维 (3-D) 证据进行直接融合的改进D-S算法对来源于同一目标的不同传感器的各模型概率进行有效融合, 然后依此概率来更新各目标的状态估计并反馈至各局部节点, 使之获得更为精确的状态预测;最后, 将该算法与基于D-S证据组合规则的分布交互式多模型多传感器联合概率数据关联 (DIMM-MSJPDA-DS) 算法进行仿真对比分析\IMM-GPDA算法\D-S算法\DIMM-MSJPDA-DS
Lasso (Least absolute shrinkage and selection operator) 是目前广为应用的一种稀疏特征选择算法\Lasso\Least absolute shrinkage and selection operator\稀疏特征选择算法
对此, 展开两个方面的工作:提出一种新的动态系统状态空间划分方法;在定性LTL分布式验证算法的基础上给出了定量模型检测并行化验证算法\动态系统状态空间划分方法\定量模型检测并行化验证算法\定性LTL分布式验证算法
例如, 在宽度为10的任务图上, 当深度为8时, 无迁移、随机迁移与饱和迁移的能耗分别为5461、3357和2271能量单位, 而给出的启发解对应的能耗仅为2111\无迁移\随机迁移\饱和迁移
为了缓解此问题, 提出了一种有效的鲁棒LSTSVM方法, 即基于L1-范数距离的LSTSVM (LSTSVML1D) \鲁棒LSTSVM方法\基于L1-范数距离的LSTSVM\LSTSVML1D
因此, 文中创新性地将机器学习中的几种相似度计算方法作为稳定匹配算法的偏好规则, 同时将已经拟分配过容器的虚拟机继续加入偏好列表, 从而将一对一的稳定婚姻匹配算法改进为多对一的稳定匹配, 解决了将容器整合到虚拟机上的初始化部署问题\相似度计算方法\稳定匹配算法\稳定婚姻匹配算法
将具有噪声抑制能力的高维梯度方向 (High-dimensional Gradient Orientation, HGO) 特征嵌入NMR, 提出了一种基于高维梯度方向特征的NMR方法 (High-dimensional Gradient Orientations-based NMR, HGO-NMR) 极大地提升了NMR的识别性能\基于高维梯度方向特征的NMR方法\High-dimensional Gradient Orientations-based NMR\HGO-NMR
提出了一系列加速初始的GPU版本的方法:动态冗余算法、混合精度算法、粒子排序算法\动态冗余算法\混合精度算法\粒子排序算法
经典多维标度法 (classical multidimensional scaling, CMDS) 是一种常用的数据降维和可视化方法\classical multidimensional scaling\CMDS\经典多维标度法
通过合理地选择标志点集, 确保LMDS (landmark multidimensional scaling) 能得到与CMDS一致的解\LMDS\landmark multidimensional scaling\CMDS
其次, 提出2种启发式的模型求解算法, 其中, 面向关键SFC的主备服务路径构建算法采用贪心思想交替进行节点和链路映射, 以减小SFC服务时延, 并在主备服务路径之间建立桥接路径, 以提高路径切换速度和降低路径切换过程的丢包率;面向普通SFC的失效服务路径重建算法引入最大流问题求解失效节点的最佳重映射位置, 以提高成功恢复的失效普通SFC数目, 并利用改进的Dijkstra最短路径算法选择时延低的重映射路径\面向关键SFC的主备服务路径构建算法\面向普通SFC的失效服务路径重建算法\改进的Dijkstra最短路径算法
阐述了工业机器人轨迹规划的概念及其分类, 就各个领域的轨迹规划算法进行了全面综述, 包括基本轨迹规划和最优轨迹规划, 指出了各类轨迹规划算法中所存在的问题和未来的发展方向\轨迹规划算法\基本轨迹规划\最优轨迹规划
研究发现, 同步挤压小波变换可将随机噪声压缩为点状噪声或者颗粒噪声, 并聚集分布, 基于噪声这一分布特点, 从而选用中值滤波, 可达到很好地抑制噪声的目的;而传统小波变换后, 随机噪声在大小尺度上均有分布, 比较分散, 用中值滤波不能达到好的滤波效果\中值滤波\小波变换\同步挤压小波变换
使用加权残值法中的伽辽金法, 并利用无网格法中的径向基函数法插值虚边界上的虚拟源函数, 形成了虚边界无网格伽辽金法, 具有边界元法和无网格法的共同优点\伽辽金法\虚边界无网格伽辽金法\径向基函数法插值
针对经典关联规则挖掘算法——Apriori算法存在的产生候选项目集效率低和频繁扫描数据库等缺点, 对Apriori算法的原理及效率进行分析, 提出一种基于预判筛选策略的频繁项集挖掘算法\Apriori算法\Apriori算法\基于预判筛选策略的频繁项集挖掘算法
为了提高模式挖掘的效率同时保证一定的完备性, 提出一种满足One-Off条件的带有间隔约束的单序列模式挖掘算法FOFM (fast one-offing mining) \满足One-Off条件的带有间隔约束的单序列模式挖掘算法\FOFM\fast one-offing mining
仿真实验表明PK-PCS策略在车辆隐私保护、满意度、数据损失方面整体优于现有PCS策略和K-PCS策略\PK-PCS策略\PCS策略\K-PCS策略
基于此提出了自相关函数的语音端点检测方法, 并对比了经典的双门限法——基于短时平均能量和短时平均过零率的双门限判决法\语音端点检测方法\双门限法\双门限判决法
经实验验证, 动态自适应编码量化方法较传统的Hash量化方法有显著的改进, 理论证明:动态自适应编码方法和距离度量方式对原始数据的近邻结构保持优于传统固定位数量化编码及海明距离度量方式\态自适应编码量化方法\Hash量化方法\动态自适应编码方法
首先, 利用群决策发生算法处理个体决策的聚合问题;其次, 利用改进的重心比较法和区域截集法分别处理隶属函数中隶属程度问题和模糊不确定程度问题;最后, 根据对隶属函数的处理结果得到综合比较计分值并作为方案选择的依据\群决策发生算法\重心比较法\区域截集法
因此, 提出了一种基于张量的正则化多线性回归算法 (multilinear LASSO, m LASSO) \正则化多线性回归算法\multilinear LASSO\ m LASSO
首先提出相应的资源利用率和响应时间模型, 并提出一种结合变异算子的多目标粒子群优化算法 (Multi-Objective Particle Swarm Optimization with Mutation Operator, MOPSOM) 用于解决虚拟机部署问题\多目标粒子群优化算法\Multi-Objective Particle Swarm Optimization with Mutation Operator\MOPSOM
因此本文提出一种基于网页聚类的正文信息提取的方法, 该方法主要有2个部分组成:第一, 基于网页的结构特征对网页进行聚类;第二, 面向相似网页集合的正文位置特征生成\网页聚类的正文信息提取的方法\网页的结构特征对网页进行聚类\面向相似网页集合的正文位置特征生成
将不加权算术平均组对法 (UPGMA) 进行改进, 通过该算法将密集区域的数据合并得到可以反映数据分布的若干数据点, 再由最大最小距离算法从中选出彼此相距较远的点, 作为传统K-means算法的初始聚类中心, 从而使K-means算法有一个可以反映数据分布特征的输入\不加权算术平均组对法\传统K-means算法\K-means算法
将提出的算法与模糊C均值算法、差分算法、粒子群算法进行比较, 实验结果表明, 就类的数目和聚类中心而言, 该算法可以自适应地修正类的数目并且提供最优的聚类中心\模糊C均值算法\差分算法\粒子群算法
提出一种多路径高斯核模糊C均值聚类算法 (MGKFCMs) , MGKFCMs算法首先取核目标函数及模糊隶属度函数中的核函数为高斯核函数;然后利用梯度法得到聚类中心迭代公式, 并基于该迭代公式和粒子群算法作聚类中心的并行参数迭代, 在每一次聚类迭代时, 选择聚类目标函数值小的路径作为参数迭代最终路径\多路径高斯核模糊C均值聚类算法\MGKFCMs算法\粒子群算法
为了使云制造资源更加有效地分配到各个制造任务中, 提出了一种动态参数蚁群算法 (Dynamic Parameter Ant Colony Optimization, DPACO) \动态参数蚁群算法 \Dynamic Parameter Ant Colony Optimization\DPACO
为了提高猴群算法的性能, 在猴群算法的爬过程中, 引入好动策略, 给出改进算法, 并将其应用到求解旅行商问题\猴群算法\猴群算法\好动策略
根据货品堆置方向和三空间分割装载策略, 使用基于顺序表示的遗传基因编码方式, 将装箱过程中三维“切割与组合”问题转化为适应度函数的可行性解, 改进标准细菌觅食算法中的趋化操作, 引入基于余弦的自适应步长计算方法\三空间分割装载策略\基于顺序表示的遗传基因编码方式\基于余弦的自适应步长计算方法
为改进果蝇算法应用于云计算中的不足, 提出一种改进的混沌元胞果蝇算法 (CCF) \果蝇算法\改进的混沌元胞果蝇算法\CCF
该算法的核心思想是利用改进的粒子滤波算法, 对粒子簇进行迭代更新;当粒子簇方差较大时, 通过改进的启发式函数, 结合误差函数优化策略规划来寻找机器人自定位的最优解\改进的粒子滤波算法\误差函数优化策略\改进的启发式函数
Wang-Landau (WL) 抽样算法是一种改进的蒙特卡罗方法, 已被成功地运用于蛋白质结构预测等优化问题\抽样算法\WL\蒙特卡罗方法
针对上述问题, 提出一种基于虚拟力和泰森多边形划分的分布式覆盖 (virtual force Voronoi partition, VFVP) 优化算法\基于虚拟力和泰森多边形划分的分布式覆盖\VFVP\优化算法
基于数学抽样调查的科学性, 制定一种基因打分准则来准确筛选相关基因;为防止粒子陷入局部最优解, 利用半初始化及模拟退火算法的Metropolis准则改进PSO算法\模拟退火算法\PSO算法\半初始化
提出了3种求解算法:迭代动态规划算法、基于分枝限界的完备算法和遗传进化算法\迭代动态规划算法\基于分枝限界的完备算法\遗传进化算法
迭代动态规划算法使用动态规划策略放置尽可能多的未加工物体到背包中, 然后每次迭代取出加工完成的物品后再使用动态规划放入尽可能多的剩余未加工物品, 直至所有物品被加工完成\迭代动态规划算法\动态规划策略\动态规划
最后通过地图选址实验, 将改进的小生境遗传算法与多样性测度结合, 成功提高了遗传算法的性能\改进的小生境遗传算法\多样性测度\遗传算法
因此提出结合基于元素覆盖集合度 (degree of element coverage, DOEC) 极小化策略的SAT求解极小碰集的方法 SAT-MHS (satisfiability problemminimal hitting sets) \元素覆盖集合度\DOEC\极小化策略的SAT求解极小碰集的方法 
其次, 提出比现有的基于子超集检测极小化策略 (sub-superset detecting minimization, SSDM) 更为高效的DOEC极小化策略进行极小化处理\基于子超集检测极小化策略\SSDM\DOEC极小化策略
在实验部分, 首先对文中提出的并行化算法进行系统的参数调整, 给出适合组合测试用例集生成的推荐参数配置;接着将文中所提算法与串行遗传算法和独立运行遗传算法进行比较\并行化算法\串行遗传算法\独立运行遗传算法
种群进化寻优中引入全局最优引导策略和动态惯性策略, 个体的寻食学习通过动态惯性策略进行自我调整, 并同时接受子群与种群中的最优个体引导, 以平衡局部搜索和全局搜索之间的关系\全局最优引导策略\动态惯性策略\动态惯性策略
首先, 利用贪心算法求出局部最优解, 并用它来初始化所提新型算法的当前最优解及模拟退火算法的初始解;然后, 采用模拟退火算法来不断更新当前最优解\贪心算法\模拟退火算法\模拟退火算法
该算法将3-SAT问题中的每一个变量形成一个任务, 在GSAT算法的基础上, 引入任务分配与调度指导贪心搜索;同时, 在保留原有贪心搜索的前提下, 根据任务分配与调度的思想和3-SAT问题的特点, 设计了两种新的策略—分配策略和调度策略共同完成整个贪心搜索过程\GSAT算法\调度策略\分配策略
核心化操作挖掘出全局最优的顶点集, 而启发式操作改变网络拓扑, 使下一轮核心化操作能够继续, 两者交叉执行实现解精度优化\核心化\启发式\核心化
基于非均匀变异算子的状态空间进化算法 (NUMSEA) 是一种具有新颖性的实数编码进化算法\NUMSEA\实数编码进化算法\基于非均匀变异算子的状态空间进化算法
该矩阵突破了传统的状态空间转移矩阵, 并在此基础上增加了非均匀变异算子以及非均匀算术交叉算子\状态空间转移矩阵\非均匀算术交叉算子\非均匀变异算子
引入了协方差信息对差分算子进行改进, 提出了一种基于邻域差分和协方差信息的进化算法 (DEA/NC) 来处理复杂的单目标优化问题\差分算子\基于邻域差分和协方差信息的进化算法\DEA/NC
通过对基于扩展规则的#SAT求解器的深入研究, 发现选择规约子句的顺序对极大项空间的大小有着较大的影响, 因此提出两种加速#SAT求解的启发式策略:MW和LC&MW\MW\LC&MW\启发式策略
该算法利用布谷鸟算法来优化FA算法的初始种群, 使得萤火虫迭代时得到的位置有助于加速CSFA算法收敛并找到全局最优解\布谷鸟算法\FA算法\CSFA算法
实验结果显示, 与已有的基于路网的并行轨迹压缩 (PRESS) 算法相比, CTPM的空间压缩比和时间压缩比平均分别提高了43%和1.5%, 同时时间压缩误差减小了9.5%\基于路网的并行轨迹压缩\PRESS\CTPM
使用相同真实数据的实验结果证实, 与随机阈值算法相比, 基于统计预测的自适应阈值算法的效用值提升了7%;与贪心算法相比, 其效用值提升了10%\随机阈值算法\基于统计预测的自适应阈值算法\贪心算法
实验结果表明, TPAODE算法比PNB和PTAN算法具有更好的缺陷预测性能, 仅需标注少量正例样本的跨项目缺陷数据, 即可具有较好的软件缺陷预测性能\TPAODE算法\PNB\PTAN算法
实验结果证明, 该模型获得了很好的性能, 优于目前最优的多示例多标记学习、多标记学习的预测方法和CAFA蛋白质功能预测方法\多示例多标记学习\多标记学习的预测方法\CAFA蛋白质功能预测方法
首先, 针对基于协同过滤的Web服务可靠性预测方法, 对用户的相似性、服务相似性以及预测值的计算方法都进行了适当的改进;其次, 将k-means聚类算法与Slope One算法进行集成, 进而用于开展Web服务可靠性预测\基于协同过滤的Web服务可靠性预测方法\k-means聚类算法\Slope One算法
实验结果表明, ANR算法的预测结果比基于粉丝数排序的方法和基于好友关系网络的PageRank方法的预测结果更加准确和合理\ANR算法\基于粉丝数排序的方法\基于好友关系网络的PageRank方法
