在对360个恶意样本和300的正常样本进行的检测中, 所提方法可达到90.8%的召回率和90.3%的正确率\召回率\正确率
相比于传统车牌识别算法, 提出的方法极大地提高了复杂场景下的车牌识别率, 同时在处理高分辨率的图片时具有更高的车牌定位率\车牌识别率\车牌定位率
与传统方法的比较结果表明, 该算法的检测正确率较高, 可达93.5%, 误检率较低, 仅为1.6%, 在实际应用中具有较高的参考价值\正确率\误检率
实验结果表明, 该算法与传统渗流算法的精确率基本保持一致, 降低了裂缝连接算法导致的误检测率, 检测速度明显提高\精确率\误检测率
结果显示, 此方法在时间执行效率和检测率上比其他相关工作表现更优\执行效率\检测率
结果验证了这两种方法在特征测量上的有效性及互补性\有效性\互补性
实验表明, 检测器基数不变的情况下, 该算法明显提升了每代种群在进化过程中的检测范围, 精简了记忆检测器的数量, 提高了检测阶段系统的检测率\检测范围\检测率
实验结果表明所提模型在数据不平衡时仍具有较高的检出率和分类精度, 可检测出绝大多数恶意软件\检出率\分类精度
经过在多个数据集上的实验验证, 该算法能保证正确率在90%以上的情况下, 检测速率达到75 f/s\正确率\检测速率
实验结果表明, 该方法具有更高的检测率及更低的检测代价, 其性能胜过多个基线系统\检测率\检测代价
实验结果表明, 该算法的定位准确度较高, 为97.5%, 算法运行时间低至0.62s, 具有一定实用价值\准确度\算法运行时间
实验结果表明, 该方法的查全率和查准率均超过了80%, 与其它方法的检测结果相比具有较高的准确性\查全率\查准率
该方法充分利用了超像素与像素显著性计算的优势, 在提高检测速度的同时获得更高的检测精度\检测精度\检测速度
大量结构化和半结构化道路图像的检测实验证明了该方法能够有效提高道路检测的精度, 同时能提升空间线模型对不同宽度道路检测的鲁棒性\精度\鲁棒性
实验结果表明, 采用Ge Force GTX 1080 GPU时, 该算法对各类车型识别准确度较为平衡, 平均检测准确率高达72.2%, 每秒检测帧数46.57, 在雨天、晴天、夜晚、强光和树荫等各种复杂场景下均有较好的适应性, 适用于真实视频监控下智能交通系统精确实时的要求\准确率\适应性
实验结果验证了各分析功能的实时性和准确性, 并对比部分功能在相关文献中的实验结论, 以表明该系统方案的有效改进\实时性\准确性
实验结果证明, 该方法可有效地滤除其他非目标物体, 对车辆进行有效地筛选, 准确率达95.5%, 且检测效率较高, 适合在路面场景下对汽车进行有效的检测与追踪\准确率\检测效率
对于客观拍摄条件的不稳定性和景物的时延变化带来的干扰具有很好的鲁棒性, 同时对于明显变化的图像景物区域的检测准确率高\准确率\鲁棒性
在实际高速公路路面数据库上的实验结果表明, 该算法有效地提升了路面裂缝检测的精度, 具有良好的鲁棒性\精度\鲁棒性
最后的实验结果表明:与其他常用的异常检测方案相比, 该方案能够更有效地检测物联网设备的异常行为, 具有较高的准确性和较低的误报率\准确性\误报率
文中提出一种两阶段的字幕检测和提取算法, 将字幕帧和字幕区域分开检测, 从而提高检测效率和准确率\效率\准确率
实验结果表明, 该方法能够生成精确视差图, 有效提取V视差图中道路直线并实现路面障碍物精确提取, 提高检测召回率和精确率\召回率\精确率
理论分析、仿真与实验数据均表明, 与传统分段方法相比, 所提方法平均压缩比提高约51.8%, 平均能量消耗降低约50.5%\平均压缩比\平均能量消耗
仿真结果表明, 相比基于贪婪边界转发路由GPSR (greedy perimeter stateless routing) 和按需距离矢量路由 (Ad Hoc on demand distance vector routing, AODV) , PWRA算法的数据包传输率、端到端传输时延性能得到了有效提高\数据包传输率\端到端传输时延性能
仿真结果表明, 该方法提高了节点可信判断的准确率, 提高了车联网中车辆节点行为决策的准确率\节点可信判断的准确率\行为决策的准确率
仿真实验表明RI-MDS具有较高的定位精度和漂移节点检测性能, 具备有效性和实用性\定位精度\漂移节点检测性能
实验结果表明, 该路由协议能够在网络存在间歇性连接时获得较高的传递成功率和较低的传递时延\传递成功率\传递时延
根据模型进行了仿真实验, 结果表明该模型具有较高的准确性和效率\准确性\效率
分别在计算机合成的动态网络以及真实网络中检验了所提算法的准确性和有效性, 并将其与其他算法进行对比\准确性\有效性
实验结果表明, 所提算法对动态网络中的社团检测仍有很高的准确性和有效性\准确性\有效性
为研究复杂网络的拓扑结构及其可靠性, 针对随机网络和无标度网络具备不同的度分布特性, 提出基于复杂网络度值标准差的网络可靠性函数, 采用解析方法证明该可靠性函数具备全局收敛性和严格单调性;通过仿真模拟方法, 考虑随机破坏和蓄意攻击两种网络失效模式, 研究随机网络和无标度网络可靠性与失效边比例的关系, 对仿真结果进行合理分析, 验证网络可靠性函数的可行性和有效性\可行性\有效性
实验结果表明, 该算法可以有效提高测距精度, 改善系统的定位精度, 比传统加权质心算法的定位精度提高了34.6%, 且定位平均误差不超过0.5m, 可满足室内定位精度要求\定位精度\平均误差
实验结果表明, 基于MRⅡ算法的三层二值BAM网络极大地提高了网络的存储容量和模式区分能力, 同时保留了二值网络特定的优势, 具有较高的理论与实用价值\模式区分能力\网络的存储容量
仿真结果表明, 相比IEEE 802.15.3c定义的协议及HTLL-MAC协议, PCHEH-AP的数据时延至少降低了8.98%, MAC层吞吐量也提升3.90%\数据时延\MAC层吞吐量
仿真测试结果表明该算法在中等规模网络中收敛时间更短, 能进一步提高多源组播通信的平均传输速率\平均传输速率\收敛时间
仿真结果表明, 所提EECR协议有效地提高了数据包传递率, 降低了节点能量消耗\数据包传递率\节点能量消耗
最后通过实验验证了优化机制能够减少计算任务的执行时间, 提升整个shuffle过程的执行效率\执行效率\计算任务的执行时间
实验结果表明, EEBDAG不仅具有较低的节能比率, 而且具有较低的链路利用率, 为ISP解决互联网节能问题提供了一种全新的方案\节能比率\链路利用率
仿真结果表明, 所获得的路由方案具有较少的共享链路, 有效降低了链路拥塞和传输延迟\链路拥塞\传输延迟
仿真结果表明, 与其他相关机会路由相比, ORALB可以有效减小数据包的传输开销, 提高传输可靠性\传输开销\传输可靠性
相比传统的三进制域位串行模乘器, 优化后的设计在面积和功耗上分别下降37.1%和43.5%\功耗\面积
仿真实验结果表明:与低功耗自适应集簇 (LEACH) 协议、分布式能量有效非均匀成簇 (DEBUC) 协议相比, CRPMM协议在大规模网络中具有明显的优势, 能够有效均衡节点能耗, 延长网络生命周期\节点能耗\网络生命周期
实验结果表明, 在不同的能量补给场景下, CCOS与EBCS相比, 当前网络中的可用节点数提高了约8%, 数据传输成功率提高了约5%\可用节点数\数据传输成功率
在ndnSIM平台进行仿真, 结果表明该方案提高了路由节点缓存命中率, 减小了获取内容的平均跳数\路由节点缓存命中率\获取内容的平均跳数
实验结果表明, 提出的算法相比其他两种算法有较高的定位精度, 同时能够有效地利用网络中的通信量, 减少节点的能量消耗\网络中的通信量\节点的能量消耗
实践表明, 动态重传算法在降低能耗的同时, 能够提高数据传送的成功率\能耗\数据传送的成功率
实验结果表明, 该算法复杂度以及有效性更具优势\复杂度\有效性
实验数据表明, 与MoX-MAC、MOBINET、ME-ContikiMAC相比, MS-MAC协议在端到端传输时延、能耗性能方面得到有效提高\端到端传输时延\能耗性能
仿真结果表明, UCOD与分布式能量均衡非均匀分簇协议 (DEBUC) 和基于非均匀分簇的无线传感器网络分层路由协议 (HRPNC) 相比, 网络生命周期延长了28.4%和13.7%, 丢包率在簇首损坏50%的情况下降低了39.1和27.5个百分点\网络生命周期\丢包率
实验结果表明, 网关测试平台使用ZigBee多网关协作方案, 可以降低网络功耗和数据时延, 增加网络的数据吞吐量, 达到了提高无线传感器网络系统工作能力的目的\网络功耗\数据时延
通过在Mininet仿真平台中部署并与ECMP以及GFF路由机制相比较, 在链路高负载情况下, 丢包率分别下降了90%和80%, 而吞吐量分别能够提升44%和11%, 实验结果展示了FLAT的优越性能\丢包率\吞吐量
796Mpps的单线程吞吐率, 这是经典跳表查找速度的三倍\单线程吞吐率\查找速度
仿真结果表明, 针对不同的车辆移动速度和数据传输距离条件, 该混合路由协议的数据包传递率和丢包率指标优于GPSR和GPSR-R两种路由协议\丢包率\数据包传递率
实验结果表明, 该算法能够在显著降低恢复时间和时间复杂度的情形下, 同时保证可存活连接的存活度接近当前网络的最优存活度\恢复时间\时间复杂度
当网络节点数在10～100变化时, 提出的算法比现有算法在恢复时间上的平均优化高达34.42%, 同时在存活度上的误差不超过1%\恢复时间\存活度
MGC (马氏梯度相似度度量) 是其中一种很有效的度量, 但在实际运用过程中, 如果碎片中有大量相似物体存在时, 算法不能很好地还原图像, 会出现类似于“乱码”的情况\马氏梯度相似度度量\MGC
对比实验结果表明, 该方法对手势的判别和左右手判别具有更高的性能、更强的鲁棒性\鲁棒性\性能
实验结果表明, 改进的算法有效地提高了图像的互信息量、平均梯度等指标, 完好地保留图像的纹理与边缘等细节信息, 融合图像效果更好\互信息量\平均梯度
实验结果表明, 与已有算法相比该算法的分类精确度可达92.9%, 具有较好的准确度\准确度\分类精确度
实验结果表明, 相比前沿的人脸识别算法, 所提方法不仅识别精度高、算法时间复杂度低, 且具有较好的实用性\识别精度高\算法时间复杂度低
实验结果表明, 该改进算法对7种手势的平均识别率达到95%以上, 且计算速度快, 能够满足实时性的需求\平均识别率\计算速度
实验结果表明, 512×512灰度图像Lena在峰值信噪比 (PSNR) 大于36 d B时最大嵌入容量133 313 bit\峰值信噪比\PSNR
实验和理论分析证明, 在复杂自然场景图像中, 该方法不仅时效性强, 而且具有很好的识别准确度, 能够有效降低不同生长时期的玉米螟颜色变化带来的影响\时效性\识别准确度
实验结果显示, 与当前水印技术相比, 所提算法具有更强的鲁棒性与更低的篡改率\鲁棒性\篡改率
结果表明, 视觉上, 使用该算法去噪后的图像去噪效果较好且图像边缘和细节比较清晰;定量评价标准上, 使用该算法去噪后的图像的PSNR和SSIM都较高\PSNR\SSIM
实验结果表明, 改进算法能有效降低数据的复杂度, 在保证图像重构几乎不受影响的情况下, 缩短了编码时间\数据的复杂度\编码时间
实验结果表明, 与当前图像伪造检测方案相比, 提出的方案的精度与效率更高, 对模糊、噪声、JPEG压缩等伪造具有更强的检测性能\精度\效率
算法的主要优点是为图像每个点定义自适应参数, 并且将这个参数同时应用到目标函数的两项表达式当中, 既减少了参数数量, 又增强了分割效果\参数数量\分割效果
实验结果表明, 提出的算法修补后的图像视觉效果好, 并在峰值信噪比、特征相似度等主要图像质量评价指标上优于现有几种经典的图像修补方法\峰值信噪比\特征相似度
同时对优化算法的查全率和连通分量给出了定量评估\查全率\连通分量
仿真分析结果表明, 与当前图像伪造检测算法相比, 所提算法具有更高的检测效率与精度\检测效率\精度
然后改进能量函数中表观重叠惩罚项, 并结合颜色直方图加速技术, 优化网络图结构, 显著降低网络图的复杂度, 从而提高图像分割的效率及精度\效率\精度
实验结果证明, 该算法提高了特征点提取的速度以及配准精度\配准精度\提取的速度
实验结果表明, 该方法具有较高的分割速度与正确率\分割速度\正确率
实验表明, 与现有算法相比, 改进算法对高、中、低各级别的噪声都能鲁棒地进行预测, 尤其在低水平噪声方面表现出色, 在预测准确度和执行效率两方面具有显著的综合优势\预测准确度\执行效率
实验结果表明, 所提方法具有更好的视觉效果和更明显的细节信息\视觉效果\细节信息
实验结果表明, 该方法具有较高的效率和准确率, 能有效分割出多目标服装图像\效率\准确率
实验结果表明, 本文算法能提高图像清晰度以及光谱保留度, 在图像完整度和细节考量上远好于其他算法\图像清晰度\光谱保留度
为了与其他具有对比度增强效果的医学图像可逆信息隐藏算法比较载密图像的对比度增强效果, 采用了针对对比度失真的无参考图像质量评价标准 (NR-CDIQA) 作为实验客观依据\NR-CDIQA\对比度失真的无参考图像质量评价标准
理论分析和仿真实验表明, 与频率域信息隐藏算法相比, 提出的算法隐蔽性强、隐藏容量高, 能抵抗基于图像特征和变换域系数变化的隐密分析\隐蔽性强\隐藏容量高
与3组参考文献的5组对比实验结果表明, 峰值信噪比 (PSNR) 提高了1.123.56 d B, 结构相似性指数提高了0.020.04\峰值信噪比\PSNR
结果表明, 所提算法在清晰度和信息丰富度上分别提高了0.0102和0.0121, 提取出的ROI图像在迭代训练中的迭代次数降低了200次\清晰度\信息丰富度
实验结果表明, 该算法面对多种复杂环境的影响, 能比较有效快速地获取结构光光带中心, 具有较高的提取精度和良好的鲁棒性, 进而对后续三维图像系统的测量任务提供良好的精度保障\鲁棒性\精度
在医学图像上进行了实验验证, 计算JS指标来定量分析分割精度\JS指标\分割精度
实验结果表明, 所提可视可逆算法不仅可应用于传统医学图像, 还首次应用于弥散加权图像, 且该算法具有较好的鲁棒性和可逆性, 能有效避免像素点溢出问题, 实现可逆水印的正确提取, 提取水印后的图像与原始图像没有任何差异\鲁棒性\可逆性
实验结果表明, 所提算法能够有效实现夜间有雾图像的去雾处理, 恢复的图像细节丰富、色彩自然, 在方差、平均梯度、信息熵等指标上均有较高的提升\方差\信息熵
实验结果表明:与当前哈希技术相比, 所提算法具备更高的鲁棒性与篡改检测精度\篡改检测精度\鲁棒性
实验结果表明, 与当前图像加密技术相比, 所提算法具有更高的安全性与抗明文攻击能力\安全性\抗明文攻击能力
实验结果表明, 该方法相比已有的图割方法在分割的精确度和效率上有较大的提高, 具有更好的效果\分割的精确度\效率
在BTDA中, 用户将二级文件块更新审计任务代理给半可信第三方, 因此在二级文件块更新审计过程中, 用户可以离线, 从而减少了用户端的通信量和计算量\计算量\通信量
测试结果表明, 该模型获得了较高的整体预测精度, 预测准确性优于其它模型, 改善了协同过滤推荐效果\预测精度\预测准确性
实验表明, 所提方法的正确率达到了83.32%, 与消歧结果最好的单个分类器相比准确率提高了5.81%\正确率\准确率
实验结果表明, 该算法在处理多维数据时有较高的准确性和稳定性\准确性\稳定性
癌症, 是21世纪死亡率较高的疾病之一, 而肺癌在所有癌症发病率及死亡率中均占首位\死亡率\癌症发病率
89%, 其鲁棒性、稳定性也有所提高\鲁棒性\稳定性
实验结果表明, 该方法对表情的识别率高, 运算效率高\识别率\运算效率
因此可得本文所提特征可有效提高平均识别准确率, 降低手机类内识别的误判率\平均识别准确率\降低手机类内识别的误判率
实验结果表明用该方法汉字验证码的单字识别率已达到99.4%;传统四字符字母数字验证码的识别率最高达到99.3%\单字识别率\四字符字母数字验证码的识别率
计算机仿真结果表明, 该算法可以在较低的信噪比下, 有效地对时频重叠数字双信号进行分类识别, 与其它方法进行比较, 验证了该算法可以识别更多的信号种类, 具有更高的识别率\识别更多的信号种类\时频重叠数字双信号进行分类识别
实验结果表明, 该方法具有较高的准确率和效率\准确率\效率
目前对于花卉识别的工作较少, 且在已有实验结果中, 识别准确率和识别计算速度偏低, 需要改进算法、改善实验结果\识别准确率\识别计算速度
该方法有理论保障, 计算复杂度低, 运行效率高, 是当前最高效的大规模核方法实现方法\运行效率\计算复杂度
在权重获取方面, 对处于不同位置的特征词分别赋予不同的系数, 通过构建权重矩阵, 反映特征词的重要性和分布情况\特征词的重要性\分布情况
模拟和仿真结果表明了该方法的有效性和可行性\有效性\可行性
实验对比分析结果表明, 该评估模型在预测精度和运行效率方面有明显的提升, 是一种切实可行、有效的评估模型\预测精度\运行效率
不同数据集的仿真结果表明, 所提出算法在自适应性和预测准确性方面均有显著提高\自适应性\预测准确性
由于pathway知识单元的数量较多, 对应生成大量的基分类器, 为了进一步提高基分类器之间的差异性和集成的效率, 对基分类器进行选择是十分必要的\成的效率\基分类器之间的差异性
实验表明, 该算法具有较高的运行效率, 而且可以获得较为准确的特征短语\运行效率\特征短语
实验结果表明所提特征相较于已有的特征描述符具有更高的分辨率和识别度\分辨率\识别度
首先引入对称不确定性对信息量进行归一化处理, 然后用归一化的互信息量作为相关性的衡量方法, 并据此定义标签的重要性权重, 对依赖度和冗余度中的标签相关项进行加权处理;进而提出一种特征评分函数作为特征重要性的评价指标, 并依次选择出评分最高的特征组成最佳特征子集\归一化的互信息量\特征评分函数
最后在3种不同的人脸库以及摄像头采集的人脸视频上对算法的识别率与实时性进行测试\识别率\实时性
实验结果表明, 相比于当前其他算法, 所提算法具有较高的人脸识别率与实时性\人脸识别率\实时性
实验结果表明, 该方法能够在复杂背景、肤色干扰以及光照发生变化的条件下获得正确的识别结果, 满足手势的旋转、平移和缩放不变性, 识别率高, 具有良好的实时性和鲁棒性\实时性\鲁棒性
该算法为每个标记划分出一个相关性最大的标记子集, 称为关系粒, 将标记空间粒化为多个标记子集, 该方式考虑到并最大化保留了标记间的相关性, 避免了算法复杂度过高, 提升了算法性能\算法复杂度\算法性能
实验结果表明, 提出的短语表过滤方法能够有效地去除汉维短语表中的不合理短语, 汉维机器翻译性能及其解码效率都有所提高\汉维机器翻译性能\解码效率
在真实数据集上的实验结果表明, 该算法在数据绝对不平衡的情况下, 提升了分类器的综合评价指标与几何平均数, 因此该算法可以在一定程度上解决数据绝对不平衡问题\分类器的综合评价指标\几何平均数
实验表明, 算法有着满意的分类准确性和检测效率, 且能在多个网络流中提取一组共同的特征子集, 提高分类系统的鲁棒性, 更适应网络流量动态演化的特点\分类准确性\检测效率
词语相似度与短文本相似度的准确率分别达到了87.63%和93.77%\词语相似度\短文本相似度
实验结果表明, 该方法较原始的最大期望算法取得了更高且均衡的精确度和召回率\精确度\召回率
相比普通卷积神经网络, 改进方法在准确率和召回率上均有一定提高\准确率\召回率
基于针对42 541张眼底图像的实验结果, 所提出的网络的训练精度约为100%, 测试精度高达99%\训练精度\测试精度
同时消除身高对时空属性的影响可以大幅提高识别性能, 预测准确率和F-measure值分别达到94.81%和88.66%\准确率\F-measure值
从最终排名靠前的重要特征分析, 该算法能够考虑特征间相关性, 对预测结果确实有影响, 并有效地提高了随机属性权值的可靠性和稳定性\可靠性\稳定性
该算法通过较少样本的协作表示在提高识别率的同时, 进一步降低了运算的复杂度\识别率\复杂度
近年来, 在研究人脸对齐问题上提出了许多高效、精确的算法\高效\精确
实验表明:与其他同类算法相比, 本文算法在聚类准确性和时间效率上有了较大的改进\聚类准确性\时间效率
 (3) 不同层的显存利用率差异很大, 整体利用率不高, 最大不超过显存的20%\显存利用率\整体利用率
实验结果表明, 提出方法相比于传统文本相似度计算方法准确率和召回率有所提高, 验证了其有效性\准确率\召回率
实验结果表明, 所提方法能够提高任务完成的质量以及数量, 有效地提高了运行速度与精确性\运行速度\精确性
实验结果显示, 在百万数据源以下, 系统各层平均延迟处于毫秒级, 系统负载平衡平均耗时在3 min以下\平均延迟\负载平衡平均耗时
提出了一种结合信源残留冗余信息进行译码的Turbo码 (RR-Turbo码) , 通过为Turbo码的译码提供更充分的先验信息以进一步降低误码率和误帧率\误码率\误帧率
仿真结果表明, 该控制算法进行无人机飞行轨迹跟踪控制的精度较高, 品质较好, 飞行轨迹的预测误差快速收敛到零, 提高了飞行稳定性和抗扰动性\预测误差\飞行稳定性和抗扰动性
结果表明, 利用该模型可以较好地对井下逃生进行仿真, 并且能够有效降低井下人员的死亡率, 提高井下矿工逃生成功的比率\死亡率\逃生成功的比率
仿真实验结果证明, 所提方法提高了数据负载的均衡化速度和均衡效率, 降低了数据迁移成本, 且提高了资源利用率\均衡化速度\均衡效率
决策树的生成和剪枝本质上是完成基于基尼指数和信息熵的连续条件属性数据空间分割和合并类别修正\基尼指数\信息熵
实验结果表明, 拓扑差异及其差异程度对认知绩效有决定性影响;圆弧比其他轮廓的注意捕获程度高;随着形状复杂度增加, 认知绩效的增长幅度随形状特征而变化\认知绩效\认知绩效
实验结果表明, 提出的算法实现了较好的负载均衡, 执行效率有明显提升\执行效率\负载均衡
实验结果表明, 本文提出的方法评估准确率高, 达到90%以上, 同时实时性强, 评价实时更新时间小于3s, 填补了智能辅助学习割胶技术空白, 有利于胶工更快提高割胶水平、增加橡胶产量, 具有较好的推广和应用价值\评估准确率\评价实时更新时间
实验结果表明, 该方法取得了较高的精度和召回率\精度\召回率
首先, 定义了直觉模糊决策空间及该空间上的直觉模糊可能性分布, 并对其性质进行了证明, 给出了论域对象的隶属度和非隶属度可能性均值的计算方法\隶属度\非隶属度
然后, 讨论了论域对象的隶属度和非隶属度可能性均值与决策阈值的关系, 分析了它们之间的概率分布情况\隶属度\非隶属度
仿真结果表明, 该算法在较低信噪比下可以有效估计MC-CDMA信号的子载波参数和单载波信号的载波频率\子载波参数\载波频率
建立分布式矩阵存储主题-词项, 设计一种动态负载均衡策略来提升计算速度和线程调度的性能, 根据Zipf定律结合主题的遗传度提出一种文档权值设置方法\计算速度\线程调度的性能
模拟仿真结果表明, 随机共振与谱减法的复合方法可明显提升低信噪比下输出语音信号的输出信噪比及感知语音质量得分\输出语音信号的输出信噪\感知语音质量得分
实验结果表明:相对于已有算法, 该算法可在时间和精度上取得较好的权衡\时间\精度
实验结果表明:基于GPU的RELION实现可以获得良好的性能, 相比于单CPU, 整个应用的加速比超过36倍, 计算密集型算法的加速比达到75倍以上\加速比\加速比
在先进工艺下实现了该数控振荡器设计, 并基于此数控振荡器完成了全数字锁相环的系统设计, 系统抖动小于2 ps, 功耗10 mW\系统抖动\功耗
同时所有实验样本的请求响应时间差分别为5277ms和6013ms, 均小于全部重新加载资源的时间差, 在防御了绝大部分的受污染资源的同时还缩短了用户访问的时间\请求响应时间差\时间差
实验结果表明, HDMI于NDTR-tree相比, 不仅减少了索引建立和维护的I/O代价, 而且提高了时空窗口查询处理性能\I/O代价\处理性能
实验结果表明, 使用多核优化后, XenVMC显著地提高了通信事务的吞吐率, 并在一定条件下提高了数据的吞吐率\吞吐率\吞吐率
将新的模型与多种基于区域的模型进行对比, 仿真实验表明, 提出的方法具有较高的算法效率与分割精度\算法效率\分割精度
然而, 在修复过程中选择不同的CFDs修复顺序, 会影响修复的准确性和效率\准确性\效率
最后, 通过在真实数据集上与现有方法进行对比实验, 证明了所提方法具有更高的准确性和运行效率\准确性\运行效率
并行环境下的分布式连接处理要求制定划分策略以减少状态迁移和通信开销\状态迁移\通信开销
实验表明:基于数据可用性的任务可完成性预测结果能够真实反映实际任务执行情况, 可尽可能地避免早期的任务失败对后续任务的影响, 在提高云科学工作流任务完成率的同时, 减少了资源的租赁费用\任务完成率\资源的租赁费用
提出了一款面向高性能SOC应用的高精度全数字锁相环结构, 并采用了全新的高精度时间数字转换器 (TDC) 结构提高鉴相精度, 降低TDC的相位噪声, 改善了锁相环抖动性能\TDC的相位噪声\鉴相精度
该系统最高频率可达到2.6GHz, 抖动性能小于2ps\抖动性能\频率
通过性能测试表明, 基于HDF5文件格式的组件库KYMRES较常规存储方案具有更高的I/O效率, 其读、写效率平均提升到旧算法的2.3倍和4.5倍\I/O效率\读、写效率
在标准Fisher准则中, 涉及到的度量为L2范数度量, 此度量通常缺乏鲁棒性, 对异常值点较敏感\L2范数度量\鲁棒性
实验结果表明, IICA方法能有效降低去伪迹耗时, 极大提高信噪比, 减少均方根误差\信噪比\均方根误差
该方法由于使用L1范数作为距离度量, 因此不易受到野值或噪声数据的影响\L1范数\距离度量
实验结果表明, 相比现有索引, BRPQ索引的构建时间平均减少了13%, 查询效率平均提升了20%\构建时间\查询效率
实验表明:在不显著增加计算复杂度的前提下, 所提算法取得了比已有算法更好的感知透明性和抗检测能力\感知透明性\抗检测能力
通过上述优化的高速缓存结构设计, 经实验模拟, 双线程整体指令Cache失效率降低了25.2%, 整体CPI性能提升了30.2%\Cache失效率\整体CPI性能
实验结果表明, 序列化和压缩能够减少缓存占用空间42%;提交运行内存由1 000MB减少到800MB时, 性能增加21%;优化内存配比, 性能比默认参数有10%30%的提升\缓存占用空间\性能
提取电信特征数据、以手机所在GPS位置作为标签数据, 研究了五种基于机器学习模型的室外定位算法, 实现了从基站信号数据到GPS坐标点的预测, 通过大量的实验对比了这些方法的定位精度和运行时间、不同数据收集模式的定位精度、不同特征的定位精度以及探索了后处理对定位精度的提升效果\定位精度\运行时间
实验结果表明, 该方法能够有效地去除噪声, 并且在低信噪比的情况下, 可以保持语音的清晰度\信噪比\清晰度
实验表明, 该算法减少了大量TCP会话情况下计算机的TCP会话查找时间和占用的计算机缓存大小, 并能在并行平台上同时处理百万级个会话\查找时间\缓存大小
实验结果表明, 提出的无线数据收发单元故障诊断方法的计算量小, 诊断准确度高;与高斯过程回归模型相比, 其计算量降低了22.4%, 诊断准确度提高了17.5%\计算量\诊断准确度
在Matlab/Simulink仿真环境下的实验结果表明, 该算法有效地提高了四旋翼无人机在面对复杂干扰时的抗扰能力和控制精度\控制精度\抗扰能力
仿真实验表明, 与超混沌高斯一体化机制 (hyperchaotic Gauss integration mechanism, HGI) 、莱斯窄带子载波防碰机制 (narrow band carrier collision, NBCC) 相比, 所提算法具有更高的信道退避效果和小区功率谱密度水平\信道退避效果\小区功率谱密度水平
实验结果表明, 扫描平面物体和立体物体时, 校正后相位误差的标准差分别减小了36.55%和29.07%, 该方法能有效地减小相位量化误差, 对平整和凹凸的物体均有效\相位误差\相位量化误差
通过对典型源码与二进制软件程序的实验测试表明, 该方法在效率和准确性上优于传统方法, 能够支撑对GUI程序模糊测试的需求\效率\准确性
通过设置任务抢占阈值减少较低优先级任务被抢占的机率, 以提高整个系统任务间的有效抢占和执行完成率\执行完成率\有效抢占
所提方法在大并发用户数情况下所得风险值有较高的准确率和灵敏度, 且响应时间更短, 更适用于云环境\准确率\灵敏度
实验结果表明, 在功耗约束下, 优化后整个测试访问机制 (TAM) 利用率平均上升16.28%, 而3D堆叠的测试时间平均下降13.98%\利用率\测试时间
该方法以离线处理的方式在高相似度的参考序列帧内提取具有显著性信息的关键区域, 并在这些区域中生成二值化特征描述符以提高实时场景匹配的速度与准确率\速度\准确率
实验结果表明, 该方法能有效防护扫描软件针对枚举目录和特定敏感文件的攻击, 而且性能损耗小, 只增加约1.82%的运行开销\性能损耗\运行开销
最后, 在测试中比较了加速前后矩形填充操作所花费的时间, 结果表明加速后同等条件下矩形填充花费时间明显减少, 加速比稳定在2以上, 达到了较好的加速效果\花费时间\加速比
实验结果表明, 该方法可以提高任务的并行度, 在提高任务的执行效率及降低执行费用方面有很大的改进\执行效率\执行费用
理论分析和实验结果表明:该方案实现了快速的多关键词语义模糊排序搜索, 在保障数据隐私安全的同时, 有效地提高了检索效率, 减少了创建索引的时间, 并返回更加满足用户需求的排序结果\检索效率\创建索引的时间
实验结果充分表明, 与其他3种方法相比, 在处理结构复杂的查询图时, RSM的查询响应时间更短, 具有更高的查询效率\响应时间\查询效率
实验结果表明, 根据不同阶段采用不同的算法能够更加准确预测下一时刻的数据, 从而减少数据在网络中的传输, 减小了网络开销\传输\网络开销
实验结果表明, 与网格索引相比, 在数据非均匀的情况下, 所提策略的查询吞吐量提高了25%50%, 更新吞吐量约在同一数量级;与分布式共享锁索引相比, 分布式读写锁索引的吞吐量提高了近40%\查询吞吐量\吞吐量
该算法以提高资源利用率和减少响应时间为优化目标, 采用线性递减惯性权重寻找最优的虚拟机分配方案\资源利用率\减少响应时间
实验结果表明, 该策略能够减少PCM上13.4%38.6%的写操作, 同时有效均匀90%以上分组的写操作分布\写操作\写操作分布
实验结果表明, 该方法可以自动化指定主题个数K, 显著提升主题查准率和查全率, 主题独立性更强\查准率\查全率
实践表明, 基于持续集成的冒烟测试有助于及早发现并解决软件缺陷, 提高软件开发效率和软件质量;采用自动化测试脚本进行软件测试, 提高了测试效率, 减少了测试工程师大量的重复测试验证工作\测试效率\开发效率
实验结果显示, 所提方法的性能更优, 生成的解集更接近真实帕累托集, 能够覆盖更大的解区域面积, 且计算效率较高\计算效率\解区域面积
基于五种权重计算方法的聚类集成准确率都比单聚类高, 且时间消耗有明显差异\聚类集成准确率\时间消耗
实验结果表明, PSClu能有效减少编辑距离的直接计算, 具有较好的聚类效率和聚类质量\聚类效率\聚类质量
最后进行了大规模的性能测试实验以及真实数据的案例研究, 其结果验证了算法的效率和效用\算法的效率\效用
通过在某互联网公司运维中实际系统的检验, 本文提出的方法不但具有比较理想的聚类效果, 而且满足生产环境中的性能要求\性能\聚类效果
该算法能有效地提高聚类的准确性和聚类结果的质量\准确性\质量
此外, 该方法还能在保持良好聚类效果的同时, 有效地减少降维算法的迭代次数, 提升聚类分析效率\迭代次数\聚类分析效率
新算法基于势能的物理意义和数据点与父节点的距离两个特征来自动确定聚类中心, 并在分配机制上同时考虑势能和距离两个因素\势能\距离
在目标函数中将传统的距离测度改为同类样本距离与异类样本距离之差, 体现了同类样本的密度和异类样本的稀疏程度, 提高了标注准确率\准确率\稀疏程度
实验结果表明, 该算法在对线性文本进行聚类时, 可以有效减少迭代次数并提高聚类精度, 最终获得较好的聚类效果\迭代次数\聚类精度
仿真结果表明, db-JADE在算法的收敛速度和收敛精度上表现出较好性能\收敛速度\收敛精度
首先对实验结果进行方差分析, 结果显示GUI图标面板不同位置及不同样式面板之间的易搜索率存在显著差异\方差\易搜索率
然后绘制面板易搜索率灰度图, 结果表明:面板布局为横向时面板从左到右易搜索率呈现下降趋势, 为纵向时自上而下呈现下降趋势, 易搜索率的极大值位置在横向时几乎都位于面板最左侧, 纵向时位于最上方;但面板样式为横向上方时, 极小值位置位于面板右半侧中间, 在横向下方时位于最右侧;面板样式为纵向时, 极小值位置靠近面板最下方\易搜索率\易搜索率
对6个经典测试函数的实验证明, 该算法可以有效避免早熟收敛, 改善收敛速度, 提高求解精度\收敛速度\求解精度
所提算法可有效避免陷入早熟收敛, 极大地提高了算法的收敛速度和优化精度\收敛速度\优化精度
实验结果表明MIMVFC-IWPSO具有较好的综合分类性能, 能有效提高准确率和效率, 可用于多种肿瘤的特征基因选择, 辅助指导分子生物学实验设计和验证\准确率\效率
在供应链环境中, 传统的物料需求计划没有考虑供应商的供货能力与经济利益, 不利于供应链上下游企业的长期合作\供货能力\经济利益
仿真结果表明, 该算法具有收敛速度快、空间利用率高等特点, 为集装箱装载问题提供了一种思路和方法\收敛速度\空间利用率
仿真结果表明, 该算法在2D足球定位问题中能有效提高球员的定位精度以及定位速度\定位精度\定位速度
在布局优化过程中, 通过在挤压弹性势能的基础上增加静不平衡量惩罚项并采用质心平移的方法, 使布局系统的静不平衡量达到约束要求\静不平衡量\静不平衡量
同时采用动态参考集更新方法, 及时替换参考集中质量或多样性较差的解, 加快算法的收敛速度, 并改进子集产生方法, 避免产生重复的解, 从而提高算法的求解效率\收敛速度\求解效率
首先, 求解出插值四点的三次多项式;然后, 寻找重新参数化函数, 使得复合的插值多项式也插值对应的导数, 从而提升对应的逼近阶和收敛阶\逼近阶\收敛阶
实验表明, 所提算法同样能得到很好的空间利用率, 同时其收敛速度也显著优于传统算法\空间利用率\收敛速度
在可重构系统任务调度过程中, 配置预取可以有效隐藏任务的配置时间从而提高系统执行性能\配置时间\系统执行性能
仿真结果表明, 该算法可有效降低车辆的燃油消耗, 减少CO与HC排放量, 能够较好地解决带有约束的混合动力汽车的多目标多参数优化问题, 可以获得一组具有低油耗与低污染物排放的传动系统与控制策略参数, 供决策者选择\燃油消耗\CO与HC排放量
为了克服以上问题, 通过将交通灯的等待时间引入启发式函数, 构造一种新的启发式函数并应用于A*算法, 利用减少最短路径搜索中路网上等待交通灯的时间来优化路径的总行程时间\总行程时间\等待交通灯的时间
同时本文还探讨了优先考虑约束违反目标的方法对提高产品有效率的影响, 对环境选择算子进行了新的定义, 使得环境选择过程优先挑选出约束违反项较少的个体, 这种方法能得到很高的产品有效率\产品有效率\产品有效率
改进后的算法对种群中个体的位置更新方向加以引导, 来提高算法的搜索精度和算法搜索能力\搜索精度\算法搜索能力
实验结果表明, 文中所提算法在生成用例集规模和消耗时间上均显著优于这两个算法\生成用例集规模\消耗时间
实验结果显示, 对三叶型接骨板和股骨远端Ⅲ型接骨板优化后体积分别减小2.7%和12.2%, 最大应力分别减小56.9%和24.4%, 表明所提方法能够节省接骨板材料, 分散接骨板应力, 是一种有效的接骨板优化设计方法\体积\最大应力
所提算法能够有效减小所有需求点的资源满足程度的方差, 即提高各需求点的公平性, 同时降低成本, 其在求解多目标规划问题中能够得到更优的解\资源满足程度的方差\成本
实验结果表明该方法在保证规划出的航路质量的同时, 具有更快的收敛速度、更低的时间复杂度\收敛速度\时间复杂度
该算法利用弧形分组将果蝇群均衡划分为子群, 对果蝇个体实施混合变异, 加速寻优进程, 提高收敛速度和寻优精度\收敛速度\寻优精度
比较性的数值实验显示, 该算法的收敛速度快, 对未知节点的定位精度高, 其应用于RSSI定位问题是可行的\收敛速度\定位精度
收敛判断因子阈值的取值会影响优化的速度和精度, 通过实验确定了收敛判断阈值\速度\精度
实验结果表明, FL-ISTA有效提升了求解离焦深度恢复动态优化问题的收敛速度, 提高了微观3D形貌重建的精度\收敛速度\微观3D形貌重建的精度
结果表明, 所提出的策略有效提升了水波优化算法的整体性能, 无论在收敛精度还是收敛速度上, 改进的水波算法相较于其他三种算法优化结果更加稳定\收敛精度\收敛速度
仿真结果表明, 该算法在求解1000维的13个优化问题时, 能取得较好的精度, 提高求解效率\精度\求解效率
通过子群规模调整, 每个子种群的大小随着进化的过程而逐渐增加, 有利于提高算法在初始阶段的探测能力和后期的开采能力\探测能力\开采能力
仿真结果表明, 在保证用户服务质量情况下, 所提算法提升了系统能效, 具有较好的收敛效果\系统能\收敛效果
对改进后的算法进行复杂度分析后, 针对不同标签数量的搜索过程, 在总时隙数和吞吐率两个方面对算法进行仿真\总时隙数\吞吐率
首先, 在每一深度层编码单元上结合像素方差, 以像素点为单位计算相应的纹理方向强度, 确定其纹理复杂度并结合阈值策略预测最终划分深度;其次, 比较垂直和水平方向强度关系及统计预测候选模式概率分布, 以减少预测模式数量, 确定最优候选模式子集, 进一步降低编码复杂度\像素方差\纹理方向强度
在实证研究中, 考虑了6个大规模开源项目 (累计227417个代码修改) , 以ACC和POPT作为评测预测性能的指标\ACC\POPT
通过数据融合, 航班延误预测准确率可提高1个百分点;加深网络深度后, 该模型能保证梯度的稳定, 从而训练更深的网络, 使准确率提升至92.1%\准确率\准确率
对两条不同母线的负荷进行了预测, 与传统单一的极限学习机相比, 所提算法的平均绝对百分比误差 (MAPE) 分别降低了1.4和0.8个百分点\平均绝对百分比误差\MAPE
综合比较分析预测误差及平滑效果, 确定风电场功率平滑兼准确预报的系统优化方案, 为后续参数控制选择提供依据\预测误差\平滑效果
