首先, 通过对恶意软件进行逆向工程分析, 提取出恶意软件的应用程序编程接口 (API) 调用信息;然后, 采用广度优先遍历算法构建恶意软件的函数调用流程图;进而, 从函数流程图中提取出其中的非用户操作序列形成恶意行为库;最后, 采用编辑距离算法计算待检测样本与恶意行为库中的非用户操作序列的相似度进行恶意软件识别\恶意软件识别
与Android恶意软件检测系统Androguard相比, 所提方法在恶意样本检测中召回率提高了30个百分点;与Flow Droid方法相比, 所提方法在正常样本检测中准确率提高了11个百分点, 在恶意样本检测中召回率提高了4.4个百分点\恶意样本检测
最后, 使用随机森林分类算法实现SQL注入行为的判定\SQL注入行为的判定
该模型的信息获取模块能以扩展形式加载在任何PHP应用程序中, 因此该模型可移植性强, 在安全审计和攻击溯源中具有应用价值\安全审计
该模型的信息获取模块能以扩展形式加载在任何PHP应用程序中, 因此该模型可移植性强, 在安全审计和攻击溯源中具有应用价值\攻击溯源
相比传统的MSER进行文本检测的方法, 所提方法提高了系统的检测率和实时性\文本检测
通过模仿人眼视觉原理, 利用级联卷积神经网络分层提取目标区域特征, 逐步缩小搜索区域的方法, 实现车牌的精准定位\车牌的精准定位
传统温室植物病害检测主要通过工作人员以现场查看的方式进行, 存在效率低、检测不全面等不足\温室植物病害检测
针对温室作物病害自动检测的实际需求, 设计开发了一种基于WMSNs的温室植物病害远程监测系统\温室作物病害自动检测
目前, 工业控制系统 (Industrial Control Systems, ICS) 网络安全已经成为信息安全领域的重点问题, 而检测篡改行为数据及控制程序等攻击是ICS网络安全的难点问题, 据此提出了基于行为模型的工控异常检测方法\信息安全领域
实验结果表明, 该方法能准确地定位到圆形工件的弹簧区域, 快速检测出弹簧零件区域的装配情况, 大幅减少无效定位和不必要的计算, 具有时效性高、准确性强的优点, 可应用于该金属组件的自动化装配检测\金属组件的自动化装配检测
为了在充分挖掘有效信息的基础上提升检测率, 提出一种结合白名单过滤和神经网络无监督学习算法的入侵检测方法 AMPSO-BP, 并应用在管理网络与工业网络服务器间的路由器上\管理网络与工业网络服务器间的路由器
网络入侵检测一直是计算机网络安全领域的研究热点, 当前网络面临着诸多的安全隐患\计算机网络安全领域
为使音频水印技术更好地应用于移动互联网络中以实现广播电视节目与观众的实时互动, 提出一种基于扩频水印技术 (SS) 的交叉扩频水印算法 (CSS) , 利用音频信号交叉帧之间的高度相关性减小水印检测统计量的方差, 降低检测错误率, 进一步提出交叉扩频水印算法的改进算法 (ICSS) 以提高水印鲁棒性\广播电视节目与观众的实时互动
因此, 引入机器学习来优化恶意URL检测是一个主要的研究方向, 但其主要受限于URL的短文本特性, 导致提取的特征单一, 从而使得检测效果较差\恶意URL检测
实验结果表明, MCNN可移植到低配置摄像头, 实现停车场空车位自动检测\空车位自动检测
为了提高移动设备人脸检测准确率, 提出一种应用于移动设备的实时人脸检测算法\移动设备
人口老龄化是当前面临的重要社会问题, 摔倒检测是老年护理和生活中的一个重要课题\摔倒检测
经过实验验证, 在室内环境中, 该方法能够实现人体摔倒的自动实时检测, 并且利用深度信息和骨骼信息对摔倒行为进行检测判断, 能够有效地保护监测环境内当事人的个人隐私\人体摔倒的自动实时检测
在大规模数据中心网络中, 链路故障检测是保障网络连通性, 确保线上业务正常运转的重要手段\数据中心网络
最后, 通过仿真实验的方式验证了该实时检测方法在单次探测用时、网络带宽占用以及端点负载3方面同之前工作相比具有显著优势, 且优化探测矩阵所带来的开销是可容忍的\网络带宽占用
近年来, 无线信号在行为识别、定位和目标检测等方面的应用取得了一系列突破性的研究成果, 对智能家居、视频教学、虚拟现实、家庭娱乐等具有很强的理论研究意义和实用价值, 是智能人机交互的基本研究内容\智能家居
近年来, 无线信号在行为识别、定位和目标检测等方面的应用取得了一系列突破性的研究成果, 对智能家居、视频教学、虚拟现实、家庭娱乐等具有很强的理论研究意义和实用价值, 是智能人机交互的基本研究内容\视频教学
近年来, 无线信号在行为识别、定位和目标检测等方面的应用取得了一系列突破性的研究成果, 对智能家居、视频教学、虚拟现实、家庭娱乐等具有很强的理论研究意义和实用价值, 是智能人机交互的基本研究内容\虚拟现实
近年来, 无线信号在行为识别、定位和目标检测等方面的应用取得了一系列突破性的研究成果, 对智能家居、视频教学、虚拟现实、家庭娱乐等具有很强的理论研究意义和实用价值, 是智能人机交互的基本研究内容\家庭娱乐
近年来, 无线信号在行为识别、定位和目标检测等方面的应用取得了一系列突破性的研究成果, 对智能家居、视频教学、虚拟现实、家庭娱乐等具有很强的理论研究意义和实用价值, 是智能人机交互的基本研究内容\智能人机交互
针对均衡边缘检测精度和抗噪性能难度大的问题, 借鉴初级视皮层 (V1) 细胞的动静态感知特性, 建立具有方位选择性的V1细胞模型应用于图像边缘检测\图像边缘检测
依据生物实验结论来构建生物视觉模型并用于图像处理, 对生物视觉和计算机视觉的融合进行了有益的探索\图像处理
在人机交互、手语识别等大量与人手有关的视觉任务中, 手部检测是极为重要的一个预处理阶段\人机交互
在人机交互、手语识别等大量与人手有关的视觉任务中, 手部检测是极为重要的一个预处理阶段\手语识别
考虑到字符的形状、大小、背景和对齐方式的多样性, 提出基于笔画宽度构建多方向候选区域串的模型, 用于检测任意定向和弯曲的场景文本\检测任意定向和弯曲的场景文本
安全漏洞检测, 是保障软件安全性的重要手段\软件安全
运动目标检测是智能视频分析的一个重要环节, 现有的检测方法主要是在像素域中进行处理, 存在计算复杂度高、检测目标不完整等问题\智能视频分析
针对在循环神经网络 (RNN) 网络结构下较为遥远的历史信号无法传递至当前时刻的问题, 长短时记忆 (LSTM) 网络作为RNN的一种变体被提出, 在继承RNN对时间序列优秀的记忆能力的前提下, LSTM克服了这种时间序列的长期依赖问题, 并在自然语言处理与语音识别领域有较好的表现\自然语言处理
针对在循环神经网络 (RNN) 网络结构下较为遥远的历史信号无法传递至当前时刻的问题, 长短时记忆 (LSTM) 网络作为RNN的一种变体被提出, 在继承RNN对时间序列优秀的记忆能力的前提下, LSTM克服了这种时间序列的长期依赖问题, 并在自然语言处理与语音识别领域有较好的表现\语音识别
双目立体视觉技术应用在视频监控领域能使其更加智能化\视频监控
亚像元目标检测是高光谱图像应用的关键技术\高光谱图像应用
面向监控视频的行人检测应用需求, 提出一种结合贝叶斯理论的行人检测方法\面向监控视频的行人检测
针对智能监控领域精确运动检测的高实时性的需求, 本文提出两种基于RPCA背景建模方法\智能监控
针对电力系统在视频监视方面的无人值守需求, 提出了一种基于图像处理技术的视频智能分析系统研究和实现方案\视频监视
实验结果表明, 该方法对于各种复杂油藏地质剖面图的矢量化效果好、效率高, 并在随钻地质综合解释中得到了很好的实际应用\随钻地质综合解释
视频字幕检测和提取是视频理解的关键技术之一\视频理解
基于监控视频的人数 (人群) 统计是人群行为的分析、资源的优化配置、现代安防、商业信息的采集以及智能管理等重要任务的基础, 具有较高的研究意义与应用价值\人群行为的分析
基于监控视频的人数 (人群) 统计是人群行为的分析、资源的优化配置、现代安防、商业信息的采集以及智能管理等重要任务的基础, 具有较高的研究意义与应用价值\资源的优化配置
基于监控视频的人数 (人群) 统计是人群行为的分析、资源的优化配置、现代安防、商业信息的采集以及智能管理等重要任务的基础, 具有较高的研究意义与应用价值\现代安防
基于监控视频的人数 (人群) 统计是人群行为的分析、资源的优化配置、现代安防、商业信息的采集以及智能管理等重要任务的基础, 具有较高的研究意义与应用价值\商业信息的采集
基于监控视频的人数 (人群) 统计是人群行为的分析、资源的优化配置、现代安防、商业信息的采集以及智能管理等重要任务的基础, 具有较高的研究意义与应用价值\智能管理
视频显著性检测是计算机视觉领域的一个热点研究方向, 其目的在于通过联合空间和时间信息实现视频序列中与运动相关的显著性目标的连续提取\计算机视觉领域
入侵检测系统对于保障网络安全至关重要\网络安全
行人检测已成为安防、智能视频监控、景区人流量统计所依赖的核心技术, 最新目标检测方法包括快速的区域卷积神经网络Fast-RCNN、单发多重检测器SSD、部分形变模型DPM等, 皆为对行人整体的检测\安防
行人检测已成为安防、智能视频监控、景区人流量统计所依赖的核心技术, 最新目标检测方法包括快速的区域卷积神经网络Fast-RCNN、单发多重检测器SSD、部分形变模型DPM等, 皆为对行人整体的检测\智能视频监控
行人检测已成为安防、智能视频监控、景区人流量统计所依赖的核心技术, 最新目标检测方法包括快速的区域卷积神经网络Fast-RCNN、单发多重检测器SSD、部分形变模型DPM等, 皆为对行人整体的检测\景区人流量统计
事件检测是社交媒体挖掘的重要内容之一\社交媒体挖掘
目标检测是计算机视觉领域中的一个研究热点\计算机视觉
群体骚乱行为对社会公共安全的危害极大, 是智能视频监控防范的重点之一\智能视频监控防范
卷积神经网络在图像识别方面具有独特的优越性, 但在实际场景中, 其识别结果会受到图像背景的干扰\图像识别
车脸部件检测能够广泛地应用于车辆识别及车辆的语义分割\车辆识别
车脸部件检测能够广泛地应用于车辆识别及车辆的语义分割\车辆的语义分割
社会距离路由算法在可扩展性方面的良好表现, 为移动机会网络大规模部署提供了理论支撑\移动机会网络大规模部署
有效的数据传输是车联网 (vehicular Ad Hoc networks, VANETs) 应用的基本要求, 为此, 针对VANETs城市场景, 提出基于路径权值的路由算法PWRA (path weight based routing algorithm) \VANETs城市场景
有效的数据传输是车联网 (vehicular Ad Hoc networks, VANETs) 应用的基本要求, 为此, 针对VANETs城市场景, 提出基于路径权值的路由算法PWRA (path weight based routing algorithm) \联网 (vehicular Ad Hoc networks, VANETs) 应用
随着信息时代的来临, 复杂网络在生活中扮演着越来越重要的角色, 例如社交网络、电力网络、交通网络等\社交网络
随着信息时代的来临, 复杂网络在生活中扮演着越来越重要的角色, 例如社交网络、电力网络、交通网络等\电力网络
随着信息时代的来临, 复杂网络在生活中扮演着越来越重要的角色, 例如社交网络、电力网络、交通网络等\交通网络
拓扑保留图 (Topology Preserving Maps, TPMs) 作为实际坐标图的抽象视图, 在无线传感器网络的路由、定位和边界节点识别等领域有广阔的应用前景\无线传感器网络的路由
拓扑保留图 (Topology Preserving Maps, TPMs) 作为实际坐标图的抽象视图, 在无线传感器网络的路由、定位和边界节点识别等领域有广阔的应用前景\定位
拓扑保留图 (Topology Preserving Maps, TPMs) 作为实际坐标图的抽象视图, 在无线传感器网络的路由、定位和边界节点识别等领域有广阔的应用前景\边界节点识别
基于种子节点扩展的图聚类方法在蛋白质复合物识别中应用广泛\蛋白质复合物识别
在大规模社交网络数据集上的实验结果表明, 采用该方法能够在百万级大规模网络中得到更高质量的精简网络, 在大规模网络的分析、挖掘及可视化等方面有广泛用途\大规模网络的分析
在大规模社交网络数据集上的实验结果表明, 采用该方法能够在百万级大规模网络中得到更高质量的精简网络, 在大规模网络的分析、挖掘及可视化等方面有广泛用途\挖掘
在大规模社交网络数据集上的实验结果表明, 采用该方法能够在百万级大规模网络中得到更高质量的精简网络, 在大规模网络的分析、挖掘及可视化等方面有广泛用途\可视化
该枢纽备份优化方法可应用于应急物流和物流网络安全管理方面\应急物流
该枢纽备份优化方法可应用于应急物流和物流网络安全管理方面\物流网络安全管理
移动机会网络群组通信在抢险救灾、社区消息分发及智能交通等领域具有极高的应用价值, 组播路由技术是其关键技术之一\抢险救灾
移动机会网络群组通信在抢险救灾、社区消息分发及智能交通等领域具有极高的应用价值, 组播路由技术是其关键技术之一\社区消息分发
移动机会网络群组通信在抢险救灾、社区消息分发及智能交通等领域具有极高的应用价值, 组播路由技术是其关键技术之一\智能交通
最后展望了组播路由在大数据缓存管理、群组安全策略、车载自组网及动态感知方面的研究前景\大数据缓存管理
最后展望了组播路由在大数据缓存管理、群组安全策略、车载自组网及动态感知方面的研究前景\群组安全策略
最后展望了组播路由在大数据缓存管理、群组安全策略、车载自组网及动态感知方面的研究前景\车载自组网
最后展望了组播路由在大数据缓存管理、群组安全策略、车载自组网及动态感知方面的研究前景\动态感知
实验结果表明, 基于影响力的紧密子图发现算法不仅在计算个人影响力和成员顶点间的共同影响力之间展现了很好的平衡, 而且对于真实的社交网络也同样适用\真实的社交网络
实验证明, 这一组网方法所构成的虚拟网络与原生网络的性能相当接近, 其TCP出口下行带宽与原生网络相差0.4%以内, 而TCP内部通信带宽只损失了约3.39%, 且对批处理型应用和长服务型应用都有良好的支撑\批处理型应用
实验证明, 这一组网方法所构成的虚拟网络与原生网络的性能相当接近, 其TCP出口下行带宽与原生网络相差0.4%以内, 而TCP内部通信带宽只损失了约3.39%, 且对批处理型应用和长服务型应用都有良好的支撑\长服务型应用
其次, 分析信任机制的框架体系, 依次讨论信任机制在P2P网络、电子商务、社会网络中的研究要点与安全威胁\P2P网络
其次, 分析信任机制的框架体系, 依次讨论信任机制在P2P网络、电子商务、社会网络中的研究要点与安全威胁\电子商务
其次, 分析信任机制的框架体系, 依次讨论信任机制在P2P网络、电子商务、社会网络中的研究要点与安全威胁\社会网络
实验结果表明, 针对3种图像数据库, 所提的图像特征更有利于图像正确分类或识别, 错误接受率 (FAR) 与错误拒绝率 (FRR) 分别可以降低到0.021与0.025\图像正确分类
实验结果表明, 针对3种图像数据库, 所提的图像特征更有利于图像正确分类或识别, 错误接受率 (FAR) 与错误拒绝率 (FRR) 分别可以降低到0.021与0.025\识别
针对由于摄影角度受限, 一些自然图像被铁丝网、栅栏、外墙玻璃接缝等网状遮挡物所遮挡的问题, 提出了一种用于修复此类图像的网状遮挡物检测算法\修复此类图像
对于现有算法使用单像素颜色特征和固定形状特征造成对颜色和形状不均的网状遮挡物检测效果不佳的弊端, 首先将图像进行超像素分割, 引入颜色与纹理直方图的联合特征来描述超像素块, 将基于像素分类问题转换成基于超像素的分类问题, 抑制了局部颜色变化造成的误分类;然后, 使用图割算法将超像素块进行分类, 使网状结构能够沿着光滑的边缘进行延伸, 不受固定的形状限制, 提高了对异形网状结构的检测准确率, 并且不依赖Farid等提出的算法 (FARID M S, MAHMOOD A, GRANGETTO M.Image de-fencing framework with hybrid inpainting algorithm.Signal, Image and Video Processing, 2016, 10 (7) :1193-1201) 所需的人工输入;其次使用新的联合特征训练支持向量机 (SVM) 分类器并对所有未被分类的超像素块进行分类, 得到准确网状遮挡物掩膜;最后, 使用SAIST算法对图像进行修复\分类
对于现有算法使用单像素颜色特征和固定形状特征造成对颜色和形状不均的网状遮挡物检测效果不佳的弊端, 首先将图像进行超像素分割, 引入颜色与纹理直方图的联合特征来描述超像素块, 将基于像素分类问题转换成基于超像素的分类问题, 抑制了局部颜色变化造成的误分类;然后, 使用图割算法将超像素块进行分类, 使网状结构能够沿着光滑的边缘进行延伸, 不受固定的形状限制, 提高了对异形网状结构的检测准确率, 并且不依赖Farid等提出的算法 (FARID M S, MAHMOOD A, GRANGETTO M.Image de-fencing framework with hybrid inpainting algorithm.Signal, Image and Video Processing, 2016, 10 (7) :1193-1201) 所需的人工输入;其次使用新的联合特征训练支持向量机 (SVM) 分类器并对所有未被分类的超像素块进行分类, 得到准确网状遮挡物掩膜;最后, 使用SAIST算法对图像进行修复\分类
对于现有算法使用单像素颜色特征和固定形状特征造成对颜色和形状不均的网状遮挡物检测效果不佳的弊端, 首先将图像进行超像素分割, 引入颜色与纹理直方图的联合特征来描述超像素块, 将基于像素分类问题转换成基于超像素的分类问题, 抑制了局部颜色变化造成的误分类;然后, 使用图割算法将超像素块进行分类, 使网状结构能够沿着光滑的边缘进行延伸, 不受固定的形状限制, 提高了对异形网状结构的检测准确率, 并且不依赖Farid等提出的算法 (FARID M S, MAHMOOD A, GRANGETTO M.Image de-fencing framework with hybrid inpainting algorithm.Signal, Image and Video Processing, 2016, 10 (7) :1193-1201) 所需的人工输入;其次使用新的联合特征训练支持向量机 (SVM) 分类器并对所有未被分类的超像素块进行分类, 得到准确网状遮挡物掩膜;最后, 使用SAIST算法对图像进行修复\分类
对于现有算法使用单像素颜色特征和固定形状特征造成对颜色和形状不均的网状遮挡物检测效果不佳的弊端, 首先将图像进行超像素分割, 引入颜色与纹理直方图的联合特征来描述超像素块, 将基于像素分类问题转换成基于超像素的分类问题, 抑制了局部颜色变化造成的误分类;然后, 使用图割算法将超像素块进行分类, 使网状结构能够沿着光滑的边缘进行延伸, 不受固定的形状限制, 提高了对异形网状结构的检测准确率, 并且不依赖Farid等提出的算法 (FARID M S, MAHMOOD A, GRANGETTO M.Image de-fencing framework with hybrid inpainting algorithm.Signal, Image and Video Processing, 2016, 10 (7) :1193-1201) 所需的人工输入;其次使用新的联合特征训练支持向量机 (SVM) 分类器并对所有未被分类的超像素块进行分类, 得到准确网状遮挡物掩膜;最后, 使用SAIST算法对图像进行修复\图像进行修复
首先, 该模型采用了两阶段超分辨率图像重建方法先重建2倍超分辨率图像, 再重建4倍超分辨率图像;其次, 第一阶段与第二阶段皆使用残差层和跳层结构预测出高分辨率空间的纹理信息, 由反卷积层分别重建出2倍与4倍大小的超分辨率图像;最后, 以两阶段的结果分别构建多任务损失函数, 利用第一阶段的损失指导第二阶段的损失, 从而提高网络的训练速度, 加强网络学习中的监督指导\提高网络的训练速度
首先, 该模型采用了两阶段超分辨率图像重建方法先重建2倍超分辨率图像, 再重建4倍超分辨率图像;其次, 第一阶段与第二阶段皆使用残差层和跳层结构预测出高分辨率空间的纹理信息, 由反卷积层分别重建出2倍与4倍大小的超分辨率图像;最后, 以两阶段的结果分别构建多任务损失函数, 利用第一阶段的损失指导第二阶段的损失, 从而提高网络的训练速度, 加强网络学习中的监督指导\加强网络学习中的监督指导
稀疏表示理论凭借其建模简单、鲁棒性高与抗干扰能力强等优势成为研究热点, 将稀疏理论应用于图像修复已成为图像处理领域新的研究方向\图像修复
稀疏表示理论凭借其建模简单、鲁棒性高与抗干扰能力强等优势成为研究热点, 将稀疏理论应用于图像修复已成为图像处理领域新的研究方向\图像处理
实验结果表明, LPF-ICP方法成功地从Rensselaer数据组中的所有22对挑战性图对提取了可靠的LPF种子, 并顺利实现了全图配准, 而GDB-ICP方法则只完成了其中的19对, 从而证实了LPF-ICP方法的有效性\全图配准
利用非局部空间信息构建和图像, 根据和图像的直方图, 自动选择初始化聚类中心, 通过求取目标函数极小值完成图像分割\图像分割
首先对编码图像进行分块处理, 块大小在建模过程中根据训练集长度增加而增大;然后计算块中图像残差的梯度, 用于刻画运动物体的边缘特征;最后通过块替换分类检测和块边界检测来判断当前块是否为待选背景块, 从而更新背景模型\分类检测
首先对编码图像进行分块处理, 块大小在建模过程中根据训练集长度增加而增大;然后计算块中图像残差的梯度, 用于刻画运动物体的边缘特征;最后通过块替换分类检测和块边界检测来判断当前块是否为待选背景块, 从而更新背景模型\块边界检测
用统一模式LBP算子提取分块后的人脸图像的直方图, 按顺序连接形成整幅图像的LBP特征, 并将其作为栈式自动编码器的输入, 完成进一步的特征提取, 实现人脸图像的识别与分类\人脸图像的识别
用统一模式LBP算子提取分块后的人脸图像的直方图, 按顺序连接形成整幅图像的LBP特征, 并将其作为栈式自动编码器的输入, 完成进一步的特征提取, 实现人脸图像的识别与分类\分类
精准农业是未来农业发展的趋势, 而农田图像分割是精准农业的前提与基础\图像分割
针对光照偏强条件下农田图像高光点区域丢失植物绿色特征对图像分割质量的影响, 以SLIC方法和YCrCb颜色空间中的Cg分量为基础, 利用不同分类器实现光照偏强条件下农田图像分割的研究\图像分割
首先采用SLIC对农田图像进行预处理, 获取超像素模块;为避免植物叶面因光照偏强出现高光点区域丢失部分绿色特征, 引入YCrCb颜色空间模型中的Cg分量和超绿颜色因子提取特征;为避免监督学习对训练样本要求高, 采用半监督学习, 将有标签样本和无标签样本进行混合;最后采用不同的分类器进行图像分割, 并对实验结果采用混淆矩阵和Kappa系数进行评价\图像分割
对比实验结果可得, 采用距离判别法核函数为diagQuadratic的图像分割效果较其他方法较好, 分割正确率较高\图像分割
提出了把Jaccard度量和MGC度量相结合的方法运用在智能拼图的还原中, 尤其是当拼图碎片中有很多相似物体的情况下, 该方法能明显地减少“乱码”现象, 同时实验仿真结果证明了提出的方法比单纯的MGC方法具有抗噪性强和拼图准确率高的特点, 在考古学碎片图片和文字复原、计算机取证、图像合成和场景无缝拼接等领域有一定的实用价值\计算机取证
提出了把Jaccard度量和MGC度量相结合的方法运用在智能拼图的还原中, 尤其是当拼图碎片中有很多相似物体的情况下, 该方法能明显地减少“乱码”现象, 同时实验仿真结果证明了提出的方法比单纯的MGC方法具有抗噪性强和拼图准确率高的特点, 在考古学碎片图片和文字复原、计算机取证、图像合成和场景无缝拼接等领域有一定的实用价值\图像合成
提出了把Jaccard度量和MGC度量相结合的方法运用在智能拼图的还原中, 尤其是当拼图碎片中有很多相似物体的情况下, 该方法能明显地减少“乱码”现象, 同时实验仿真结果证明了提出的方法比单纯的MGC方法具有抗噪性强和拼图准确率高的特点, 在考古学碎片图片和文字复原、计算机取证、图像合成和场景无缝拼接等领域有一定的实用价值\场景无缝拼接
提出了把Jaccard度量和MGC度量相结合的方法运用在智能拼图的还原中, 尤其是当拼图碎片中有很多相似物体的情况下, 该方法能明显地减少“乱码”现象, 同时实验仿真结果证明了提出的方法比单纯的MGC方法具有抗噪性强和拼图准确率高的特点, 在考古学碎片图片和文字复原、计算机取证、图像合成和场景无缝拼接等领域有一定的实用价值\考古学碎片图片
提出了把Jaccard度量和MGC度量相结合的方法运用在智能拼图的还原中, 尤其是当拼图碎片中有很多相似物体的情况下, 该方法能明显地减少“乱码”现象, 同时实验仿真结果证明了提出的方法比单纯的MGC方法具有抗噪性强和拼图准确率高的特点, 在考古学碎片图片和文字复原、计算机取证、图像合成和场景无缝拼接等领域有一定的实用价值\文字复原
对有效的特征点进行精确配准, 并校验配准后特征点的斜率一致性和距离一致性, 从而实现精确的特征点匹配\特征点匹配
实验结果证明, 该算法克服了特征点多造成图像拼接时间长和拼接误差大的问题, 具有较强的鲁棒性和稳定性, 可应用于微观图像实时拼接领域\微观图像实时拼接
最后利用改进的RANSAC算法提高特征点匹配精度, 选择出精匹配点对, 实现图像配准\图像配准
遥感影像的分割中纹理特征是分辨、提取影像中地物类别的一个重要特征, 文中提出一种利用贝叶斯公式进行遥感影像分类的思路, 根据判断规则, 选择改进概率最大的一个作为决策分类的结果\遥感影像分类
遥感影像的分割中纹理特征是分辨、提取影像中地物类别的一个重要特征, 文中提出一种利用贝叶斯公式进行遥感影像分类的思路, 根据判断规则, 选择改进概率最大的一个作为决策分类的结果\决策分类
结果表明, 上述两种遥感影像分割算法在高分辨率遥感图像地物目标分类提取中取得较好的应用结果\目标分类
原有的模糊分割算法在像素分割的过程中, 像素标签量巨大, 从而导致分割过程复杂\像素分割
利用卷积神经网络, 提取基于深度学习的图像特征;通过分析特征本身存在的相关性, 采用主成分分析算法, 对特征降维的同时尽量降低信息的损失;在此基础上对特征进行哈希编码, 利用编码做快速图像检索\快速图像检索
由图像模糊造成的人脸图像质量降低是直接影响人脸识别精度的重要因素之一\人脸识别
光谱信息和空间信息相结合在高光谱遥感图像分类领域是提高分类准确率的一种手段\高光谱遥感图像分类
雷达回波外推技术目前被广泛应用于临近预报中\临近预报
在图像分类过程中, 一个图像区域内起着决定性作用的对象位置和大小都不确定, 直接使用空间金字塔匹配算法的分类准确率并不高\图像分类
实验证明, 所提方法能应用于多种纹理图像, 可有效缓解强纹理去除与运算效率之间的矛盾, 同时, 因在达到相近纹理去除效果时所需迭代次数更少, 其在同类滤波方法中取得了更好的边缘保持效果\多种纹理图像
首先, 将分形插值函数视为高度函数的分形扰动, 给出了一种双变量有理样条迭代函数系统, 由此生成有理分形曲面;其次, 研究了有理分形函数的一些分析性质, 给出了有理分形曲面的计盒维数;最后, 将该模型及其理论结果应用于单幅图像的超分辨率重建, 提出一种重建算法\单幅图像的超分辨率重建
复杂应用场景中, 光照变化、遮挡和噪声等干扰使得将像素特征作为相似性度量的识别算法的图像类内差大于类间差, 降低了人脸识别性能\人脸识别
实验结果表明, 该算法适应于不同面积的木板图像检测, 能准确地提取木板缺陷\不同面积的木板图像检测
基于特征点的匹配是图像检索领域的重要研究内容, 如何滤除误匹配点对更是研究的热点问题\图像检索领域
针对特定目标对称性强、相似特征点多时容易产生误匹配的情况, 提出一种利用邻近特征点夹角一致性约束的匹配提纯方法, 并应用于车型识别\车型识别
提出的改进算法采用两步迭代框架实现:脉冲噪点检测和全变分图像恢复\脉冲噪点检测
提出的改进算法采用两步迭代框架实现:脉冲噪点检测和全变分图像恢复\全变分图像恢复
实验结果表明, 该恢复方法可以对图像中的粉尘区域实现快速、有效去除, 为粉尘环境中基于计算机视觉的目标监控与识别工作奠定基础\基于计算机视觉的目标监控与识别工作
与尺度不变特征变换 (SIFT) 、仿射-尺度不变特征变换 (Affine-SIFT) 、原始D-Nets等算法相比, 提出的改进算法与原始算法的配准精度基本相当, 但速度最高可提升80倍, 并具有最佳鲁棒性, 显著优于SIFT、ASIFT算法, 非常适于图像配准应用\图像配准应用
该方法可以应用于临床诊断和辅助治疗\临床诊断
该方法可以应用于临床诊断和辅助治疗\辅助治疗
细化是图像处理和模式识别系统中的一个重要过程, 在图像分析和图像识别中应用广泛\图像分析
细化是图像处理和模式识别系统中的一个重要过程, 在图像分析和图像识别中应用广泛\图像识别
针对指纹纹理中的细节点特征和图像特征的提取, 对常用的纹理提取方法如LBP纹理统计特征、基于分形维数的纹理特征提取、Gabor滤波器的纹理提取、Tamura纹理分析法等进行了一定研究\图像特征的提取
该方法组合了纹理和形状特征, 使用支持向量机 (support vector machines, SVM) 分类算法将乳腺X线图像分类为正常、良性和恶性, 实现了乳腺病变的检测和分类\乳腺病变的检测
该方法组合了纹理和形状特征, 使用支持向量机 (support vector machines, SVM) 分类算法将乳腺X线图像分类为正常、良性和恶性, 实现了乳腺病变的检测和分类\分类
最后, 设计了识别器, 进行了运行工况识别, 给出了结果和分析, 并将该方法应用于工程领域, 体现了较高的实用价值\工程领域
指纹图像因其具有的终身不变性、唯一性和方便性三大特征在生物特征识别领域发挥着极其重要的作用\生物特征识别领
图像搜索是图像领域的研究热点, 目前已有多种搜索技术在各商业领域得到应用, 但搜索的结果并不能完全满足用户的需求, “语义鸿沟”的存在使得搜索结果仍存在一定的噪声\图像搜索
该算法将约束能量最小化模型应用于特征点的匹配, 通过构造有限脉冲响应线性滤波器, 采用视觉信息计算其能量值, 使得待匹配的点集经过滤波之后的平均输出能量在一定约束下达到最小值, 最终实现含重复信息的特征精确匹配\特征精确匹配
扩散加权图像的量化分析在临床诊断上有着广泛应用, 而图像采集时病人呼吸、心脏运动导致的不同b值图像间的偏差对诊断结果有着重要影响, 因此配准是精确量化估计的前提条件\扩散加权图像的量化分析
针对传统边缘检测方法未能在抗噪性能与边缘检测精度之间取得较好的权衡的问题, 利用鲁棒主成分分析模型良好的矩阵恢复能力与图像模糊边缘检测算法较佳的边缘检测性能, 提出一种基于RPCA的图像模糊边缘检测算法, 将图像的边缘检测问题转化为图像主成分的边缘检测问题\边缘检测
针对传统边缘检测方法未能在抗噪性能与边缘检测精度之间取得较好的权衡的问题, 利用鲁棒主成分分析模型良好的矩阵恢复能力与图像模糊边缘检测算法较佳的边缘检测性能, 提出一种基于RPCA的图像模糊边缘检测算法, 将图像的边缘检测问题转化为图像主成分的边缘检测问题\边缘检测
计算机辅助检测/诊断 (computer-aided detection/diagnosis, 简称CAD) 能够提高诊断的准确性, 减少假阳性的产生, 为医生提供有效的诊断决策支持\计算机辅助检测/诊断
计算机辅助检测/诊断 (computer-aided detection/diagnosis, 简称CAD) 能够提高诊断的准确性, 减少假阳性的产生, 为医生提供有效的诊断决策支持\computer-aided detection/diagnosis
计算机辅助检测/诊断 (computer-aided detection/diagnosis, 简称CAD) 能够提高诊断的准确性, 减少假阳性的产生, 为医生提供有效的诊断决策支持\CAD
以CAD研究较多的四大致命性癌症的发病医学部位为主线, 按照不同的成像技术和病类, 对目前CAD在不同医学图像领域的应用进行了较为详尽的综述, 从图像数据集、算法和评估方法等方面做多维度梳理\CAD
以CAD研究较多的四大致命性癌症的发病医学部位为主线, 按照不同的成像技术和病类, 对目前CAD在不同医学图像领域的应用进行了较为详尽的综述, 从图像数据集、算法和评估方法等方面做多维度梳理\CAD
以CAD研究较多的四大致命性癌症的发病医学部位为主线, 按照不同的成像技术和病类, 对目前CAD在不同医学图像领域的应用进行了较为详尽的综述, 从图像数据集、算法和评估方法等方面做多维度梳理\医学图像领域
最后分析了医学图像CAD系统研究领域目前存在的问题, 并对此领域的研究趋势和发展方向进行展望\医学图像CAD系统研究领域
经Middlebury算法测试平台的提供数据进行验证, 结果表明在不损失精确率的前提下, 该方法相对于SAD速度提高70%左右, 为立体匹配算法的实际应用奠定了良好基础, 在视觉导航、障碍物检测方面也有着良好的应用前景\视觉导航
经Middlebury算法测试平台的提供数据进行验证, 结果表明在不损失精确率的前提下, 该方法相对于SAD速度提高70%左右, 为立体匹配算法的实际应用奠定了良好基础, 在视觉导航、障碍物检测方面也有着良好的应用前景\障碍物检测
最后应用Canny微分算子进行图像分割\图像分割
利用深度学习技术, 通过对车牌定位、车牌字符分割和车牌字符识别技术进行研究, 提出了一种车牌识别原型系统方案\车牌定位
利用深度学习技术, 通过对车牌定位、车牌字符分割和车牌字符识别技术进行研究, 提出了一种车牌识别原型系统方案\车牌字符分割
利用深度学习技术, 通过对车牌定位、车牌字符分割和车牌字符识别技术进行研究, 提出了一种车牌识别原型系统方案\车牌字符识别
针对数字图像的版权保护问题, 提出一种基于Fibonacci置乱的小波域数字图像盲水印方案\数字图像的版权保护问题
针对图像的去重面临以下三个挑战:需要支持图像模糊去重;需要对相似图像进行所有权认证;需要进行图像感知质量评价\图像的去重
特征抽取是图像识别的关键环节, 准确的特征表达能够产生更准确的分类效果\图像识别
GrabCut算法作为一种典型的交互式彩色图像分割算法, 是计算机图像领域中的重要技术手段\计算机图像领域
然而随着大数据时代的到来, 图像数据种类和数量都呈指数级增长, 显著地增加了图像分割的任务量, 对图像分割效率提出了更高的要求\图像分割
图像分割是计算机视觉领域的传统问题, 也是图像分析和模式识别的关键组成部分\计算机视觉领域
模糊静态图像目标重现方法的优劣直接影响了模糊静态图像处理的最终效果和目标识别的准确性\目标识别
图像场景分类就是其中一种重要的技术\图像场景分类
所提模型更好地遵循了修复优先性原则, 具有更强的保持图像局部结构一致性的能力, 改善了修复图像的视觉效果, 适用于复杂结构的大面积毁损的图像的修复\复杂结构的大面积毁损的图像的修复
图像联合分割是计算机视觉领域的一个研究热点\计算机视觉领域
对采集的模糊人脸图像进行小波降噪处理, 对降噪输出的图像进行自适应模板匹配, 结合图像分割方法对人脸图像进行分块, 利用Radon尺度变换的几何特征不变性对人脸的关键特征点进行信息增强, 采用卷积神经网络分类器对增强的人脸特征点进行分类, 实现特征点优化提取和人脸准确辨识\图像分割
深度图像直接反映景物表面的三维几何信息, 且不受光照、阴影等因素的影响, 对深度图像处理、识别、理解是目前计算机视觉领域研究的热点和重点之一\处理
深度图像直接反映景物表面的三维几何信息, 且不受光照、阴影等因素的影响, 对深度图像处理、识别、理解是目前计算机视觉领域研究的热点和重点之一\识别
深度图像直接反映景物表面的三维几何信息, 且不受光照、阴影等因素的影响, 对深度图像处理、识别、理解是目前计算机视觉领域研究的热点和重点之一\理解
传统模糊C均值聚类算法在图像分割中对初始值敏感, 并且需要手动输入聚类数和初始聚类中心, 手动输入错误的初始值会导致图像分割结果差;图像中的每个像素点都是相互独立的, 未利用其空间信息, 导致算法对噪声敏感, 分割出来的区域不连续, 使得分割结果差\图像分割
传统模糊C均值聚类算法在图像分割中对初始值敏感, 并且需要手动输入聚类数和初始聚类中心, 手动输入错误的初始值会导致图像分割结果差;图像中的每个像素点都是相互独立的, 未利用其空间信息, 导致算法对噪声敏感, 分割出来的区域不连续, 使得分割结果差\图像分割
该算法将图像划分为多个区域, 并分别进行特征检测与匹配, 利用图像不同区域的匹配结果计算图像变换矩阵, 用以提高图像的匹配准确度\特征检测
该算法将图像划分为多个区域, 并分别进行特征检测与匹配, 利用图像不同区域的匹配结果计算图像变换矩阵, 用以提高图像的匹配准确度\匹配
图像相关复杂度的研究领域很广泛, 除了计算机科学领域, 还延伸到医学、认知心理学等研究领域\计算机科学领域
图像相关复杂度的研究领域很广泛, 除了计算机科学领域, 还延伸到医学、认知心理学等研究领域\医学
图像相关复杂度的研究领域很广泛, 除了计算机科学领域, 还延伸到医学、认知心理学等研究领域\认知心理学
文中对以上这些复杂度的应用、定义和计算方法进行了归纳总结, 并依据组成论中相关复杂度的定义, 提出了一种研究图像复杂度的思路, 即从图像组成元素的角度来研究图像复杂度\图像复杂度
这种图像复杂度的定义只与图像本身所包含的元素、内容有关系, 与图像处理任务和算法无关\图像复杂度
图像检索中使用的图像表示经历了基于手工特征和基于深度特征两大时期, 每个时期又有全局特征和局部特征2个阶段\图像检索
近年来谱聚类算法在模式识别和计算机视觉领域被广泛应用, 而相似性矩阵的构造是谱聚类算法的关键步骤\模式识别
近年来谱聚类算法在模式识别和计算机视觉领域被广泛应用, 而相似性矩阵的构造是谱聚类算法的关键步骤\计算机视觉领
随着计算机视觉的发展, 图像显著区域检测在图像处理领域越来越重要\图像处理
随着计算机视觉的发展, 图像显著区域检测在图像处理领域越来越重要\计算机视觉
采用主动形状模型定位面部区域的关键点位置, 校正面部姿态, 去除干扰区域, 规范面部图像尺寸;对规范化的面部图像进行局部方向模式变换, 降低光照影响;在局部方向模式图像上提取五官部位的局部方向特征, 在约简局部方向模式图像上采用卷积神经网络提取全局特征, 融合构成多模式人脸特征;采用随机森林方法对特征进行学习和分类, 实现人脸识别\人脸识别
因图像信息的复杂性和相关性, 图像分割会出现不确定性和模糊性\图像分割
因图像信息的复杂性和相关性, 图像分割会出现不确定性和模糊性\模糊性
现如今的视频监控技术在交通和安全领域已经得到了广泛的应用, 其中人脸识别在视频监控中是一个重要的研究内容\人脸识别
图像分割是图像处理中最关键的步骤, 基于图割的图像分割方法近年来备受关注\图像分割
实验结果表明, 基于塔形分解的红外与微光图像融合方法在提高源图像可视度、信息熵、标准差以及平均梯度等图像指标方面可以明显改善图像的融合效果, 在保留图像背景信息的同时, 能够最大限度地反映和突出图像中的目标信息, 有助于后续的目标检测与识别\目标检测与识别
由于书写材料本身质地的原因以及受到污染和腐蚀, 字形图像边缘锯齿形状明显, 很多地方会有突起的毛刺, 无法直接使用, 需要对字形图像进行平滑复原处理\平滑复原处理
首先, 该 (αij, k, m) -匿名模型主要针对多敏感属性信息进行保护;然后, 该模型为每个敏感属性的敏感值进行分级设置, 有m个敏感属性就有m个分级表;其次, 并为每个级别设置一个特定的αij;最后, 设计了基于贪心策略的 (αij, k, m) 匿名化算法, 采取局部最优方法, 实现该模型的思想, 提高了对数据的隐私保护程度, 并从信息损失、执行时间、等价类敏感性距离三个方面对4个模型进行对比\数据的隐私保护
属性约简是概念格理论的研究重点内容之一\属性约简
用户的认证活动信息直接反映了用户在网络中与各类资源或人员的交互, 基于此, 提出一种利用用户认证活动信息来检测网络中异常用户的方法\检测网络中异常用户
为了解决异构密码系统之间安全通信问题, 提出了一个高效从基于传统公钥密码体制到基于身份的公钥密码体制异构签密方案 (TPKC→IDPKC) \异构密码系统之间安全通信问题
由于机器学习和数据挖掘技术的不断革新, 基于数据挖掘的故障诊断系统快速发展, 提高了故障诊断效率, 减少了因诊断延迟造成的损失\机器学习
粒计算理论从多个角度、多个不同的粒度层次出发, 对不确定、不精确或复杂的问题进行求解, 现已成为人工智能领域研究的一种重要方法\人工智能领域
针对属性分类的不同粒度层次关系, 本文提出了属性分类的多层次形式概念模型, 分析形式概念在不同层次泛化空间下相关性质\属性分类
在格密码基础上提出了一种具有消息恢复功能的身份签名方案, 具有高效、抵抗伪造攻击、签名长度短的特点, 可广泛应用于轻量级认证领域\轻量级认证
极大团枚举是图论中一个基础性研究问题, 并被广泛应用到社交网络等各种领域\社交网络
压缩函数和杂凑函数在信息安全领域具有广泛的应用基础, 目前却少有方案基于此进行构建\信息安全
DPE方案是在线加密方案, 可以提供在线加密和在线解密的功能, 利用底层压缩函数的迭代更新状态链值, 并截取部分状态链值作为密钥流进行加密和解密操作;DPAE方案是在线认证加密方案 (OAE1方案) , 在DPE方案的基础上添加了认证操作, 使得消息的接收方可以利用标签验证消息的完整性;DPAE-I方案是在线的分块认证加密方案 (OAE2方案) , 利用DPAE方案支持使用中间标签的性质, 将长消息划分为若干个短消息调用DPAE进行加密, 将每一个短消息视为一个分块\在线加密
随着人们对隐私保护问题的关注, 无线网络环境下身份认证的匿名问题越来越引起人们的重视\隐私保护问题
安全多方计算是国际密码学界的研究热点之一, 是信息社会隐私保护的核心技术\安全多方计算
密码学者已经研究了很多安全多方计算问题, 但是还有更多问题有待研究和解决\安全多方计算
它可以提高数据库保密查询的效率, 在信息安全领域有重要的实际意义和广泛的应用前景\信息安全
通过分析表明:该方案不仅能解决隐私保护、不可链接性、抗中间人攻击、抗合谋攻击、前向和后向安全、抗重放攻击等多种安全问题, 而且在计算复杂度和通信复杂度方面也存在明显优势, 具有更高的认证效率\隐私保护
考虑到异构密码系统中的安全通信与隐私保护, 提出了一个无证书密码系统到基于身份密码系统的异构签密方案, 允许多个发送者与多个接收者进行安全通信并为系统中的发送者实现了匿名, 只有信任机构可追踪发送者的真实信息\安全通信
考虑到异构密码系统中的安全通信与隐私保护, 提出了一个无证书密码系统到基于身份密码系统的异构签密方案, 允许多个发送者与多个接收者进行安全通信并为系统中的发送者实现了匿名, 只有信任机构可追踪发送者的真实信息\隐私保护
针对目前属性基加密 (ABE) 方案存在的主要问题, 即访问策略功能单一的问题和密文的大小和解密时间随着访问公式的复杂性增加而增长的问题, 提出了有效外包计算的多功能ABE方案\属性基加密 
理论分析结果表明, 与传统属性基功能加密方案相比, 所提方案用户端的解密计算降低至一次指数运算和一次对运算, 该方案在不增加传输量的情况下, 为用户节省了大量带宽和解密时间\属性基功能加密
数据加密是确保云存储数据安全的主要技术, 高效的密文检索技术对于提高密文检索效率和减小存储开销起到了决定性作用\数据加密
信息系统中的知识约简和知识发现是粗糙集理论的重要研究方向\信息系统
社团发现是社交网络分析的重要任务, 有助于理解网络结构\社交网络分析
实际生活中很多数据集每时每刻都在发生变化, 如何快速更新动态数据属性约简是信息科学领域中研究的一个热点课题\信息科学领域
签名和加密一直是信息安全方面研究的热点, 相比较以往两者组合使用的方法, 签密机制的出现极大地降低了其计算量和通信开销\信息安全
无线传感器网络数据融合过程中面临着隐私泄露、信息不完整、数据篡改方面的严峻挑战, 在保护数据隐私性的同时进行完整性验证是数据融合领域研究的热点之一\数据融合领域
属性约简是机器学习等领域中常用的数据预处理方法\机器学习
开源软件生态系统的快速发展, 为软件开发提供了一种新的模式, 对开源软件推荐系统的研究已经成为当前一个重要的研究领域\软件开发
为了消除不确定性, 探究了在基于模型的社会化推荐系统中社交关系的变化对推荐性能的影响\消除不确定性,
随着社交网络的用户数量呈爆炸式增长, 如何为用户推荐具有相同兴趣爱好的好友已成为当前研究的焦点\为用户推荐具有相同兴趣爱好的好友
为解决在社交网络平台中的用户内容个性化推荐问题, 提出一种微博用户兴趣转移模型\社交网络平台
个性化推荐正成为“互联网+”和“大数据”时代信息网络服务的基本形式, 虽然其已在电子商务和社交媒体的广泛应用中产生了巨大的商业价值, 但在具有巨大潜在社会价值的个性化知识学习领域, 相关研究与应用还较为稀少\电子商务
个性化推荐正成为“互联网+”和“大数据”时代信息网络服务的基本形式, 虽然其已在电子商务和社交媒体的广泛应用中产生了巨大的商业价值, 但在具有巨大潜在社会价值的个性化知识学习领域, 相关研究与应用还较为稀少\社交媒体
个性化推荐正成为“互联网+”和“大数据”时代信息网络服务的基本形式, 虽然其已在电子商务和社交媒体的广泛应用中产生了巨大的商业价值, 但在具有巨大潜在社会价值的个性化知识学习领域, 相关研究与应用还较为稀少\个性化知识学习领域
随着电子商务的高速发展, 推荐系统越来越受到各大电商的重视\电子商务
首先, 对用户之间的信任关系网络进行重构, 突出社交网络中被很多用户信任的用户地位\社交网络
在服务评价计算过程中, 由于存在非法用户进行不实评价的现象, 导致服务评价结果不够准确, 严重影响云服务信誉值的参考价值, 进而影响到向用户推荐服务的准确性\服务评价
个性化推荐系统是大数据时代信息过滤的有效手段, 影响推荐系统预测准确性的主要原因之一是数据稀疏性\信息过滤
在Movielens数据集上利用按照时间戳排序后划分的测试集进行实验, 结果表明Simplified Slope One算法对评分预测的准确性与原Slope One算法接近, 但时间复杂度和空间复杂度均低于原Slope One算法, 更适合在数据规模增长迅速的大型推荐系统中应用\数据规模增长迅速的大型推荐系统
推荐系统利用机器学习技术进行信息过滤, 快速准确地定位用户需要的信息, 并且能够预测用户对目标项目的喜好程度\信息过滤
为此提出一种融合用户兴趣矩阵及全局偏好的推荐算法, 用于个性化服务推荐\个性化服务推荐
在现实推荐中, 该算法可以考虑作为大规模数据集进行商品推荐的一个选择方式\大规模数据集进行商品推荐
随着社交网络的发展, 融合社交信息的推荐成为推荐领域中的一个研究热点\社交网络
特征选择作为一种数据预处理技术被广泛研究, 由于其具有NP难度而一直无法找到有效的求解方法\特征选择
同时, 对实验的结果进行了回溯分析, 定量分析了哪些单字对宋词风格的判定起到更大的作用\风格的判定
同时鉴于同一人脸的所有区域应有相同的类标签, 通过训练样本与变化字典按坐标分块联合表示查询人脸区域, 然后给稀疏系数引入导致结构化稀疏效果的约束条件, 实现对应类别字典的自动选择, 从而更好地表示查询人脸\查询人脸区域
为了更有效地描述识别信息, 首先将各行人目标看成网络的节点, 利用协方差跟踪获得目标的运动轨迹, 同时利用格兰杰因果关系检验来衡量行人之间的相互作用;然后利用此因果关系来构建成双因果网络和成群因果网络, 将其作为运动特征, 并结合外观特征来描述群体行为\描述识别信息
实验结果表明, 提出的算法能够对群体行为进行有效的表达和识别\群体行为
由于类别的多样性、内部结构的相似性以及外界环境等因素的影响, 交通标志识别一直是人工智能与模式识别领域中的难题之一, 而影响识别准确性的主要因素是特征的鉴别性与冗余性\ 交通标志识别
在模式识别研究领域, 有关人脸识别的研究一直备受关注, 并且已经成功地应用于诸多社会公共安全防护领域\模式识别研究领域
在模式识别研究领域, 有关人脸识别的研究一直备受关注, 并且已经成功地应用于诸多社会公共安全防护领域\诸多社会公共安全防护领域
第一步, 将图像划分成块, 求得图像整体和局部分块的奇异值向量, 把整体与局部的奇异值向量按照一定顺序组合后作为识别特征进行人脸的初步识别, 获得候选人脸集;第二步, 求候选人脸与待测人脸整体正交矩阵的相似程度, 以此为识别特征进一步精确识别获得最佳决策脸\人脸的初步识别
现有研究者仅把现有的集成方法应用在对抗性分类中, 并证明了多分类器比单分类器更鲁棒\对抗性分类
是自然语言处理领域中一项重要的研究内容, 根据实现方式的不同其分为摘录式和理解式, 其中理解式文摘是基于不同的形式对原始文档的中心内容和概念的重新表示, 生成的文摘中的词语无需与原始文档相同\自然语言处理领域
所提模型表现出了优异的自动摘要性能\自动摘要性能
人脸年龄估计由于在人机交互和安全控制等领域有潜在应用, 因此得到了广泛关注\人脸年龄估计
首先介绍了情绪分析的相关背景知识, 包括不同情绪分类体系和文本情绪分析在舆情管控、商业决策、观点搜索、信息预测、情绪管理等场景的应用;然后从情绪分类的角度整理归纳了文本情绪分析的主流方法, 并对其进行了细致的介绍和分析对比;最后, 阐述了文本情绪分析存在的数据稀缺性、类别不平衡、领域依赖性、语言不平衡等问题, 并结合大数据处理、多媒体融合、深度学习发展、特定主题挖掘和多语言协同等研究热点对文本情绪分析的前沿进展进行了概括和展望\情绪分析
通过对语料库进行句子分类实验, 验证了所提出模型有较好的分类效果\句子分类
化学物质和疾病之间的副作用关系使得化学物质-疾病关系受到更多关注\化学物质和疾病
化学物质和疾病之间的副作用关系使得化学物质-疾病关系受到更多关注\化学物质-疾病
近年来, 随着大数据与人工智能的兴起, 基于深度学习的肺癌辅助诊断逐渐成为热门的研究课题\深度学习的肺癌辅助诊断
将文中方法应用于超声波手势识别的实验结果表明, 该方法的识别准确率能够达到94\超声波手势识别
在语音识别实际应用中, 带噪语音信噪比的复杂性会造成识别难度增大, 导致语音识别系统性能下降\语音识别
标准测试集上的实验结果表明, 本文算法在处理尺度变化、运动模糊等问题时具有较好的跟踪精度和鲁棒性\处理尺度变化
标准测试集上的实验结果表明, 本文算法在处理尺度变化、运动模糊等问题时具有较好的跟踪精度和鲁棒性\运动模糊
实验表明, 该算法能够有效适应目标外观变化, 解决目标漂移现象, 多目标准确率MOTP达到97\适应目标外观变化
实验表明, 该算法能够有效适应目标外观变化, 解决目标漂移现象, 多目标准确率MOTP达到97\目标漂移现象
在此基础之上还针对手机GPU做了一些优化\手机GPU
实验结果表明, 使用文中获取的路牌文字数据, 所提算法能够对路牌文字实现较理想的识别效果\路牌文字
微博是信息共享的重要平台, 同时, 也成为虚假消息产生和推广的重要平台, 虚假消息的传播严重扰乱了社会秩序\微博
实验结果验证了所提方法在行人重识别上的有效性\行人重识别
为解决使用RGB图像进行特征提取时容易受外界因素干扰, 且计算复杂度高等问题, 采用一种更加有效的解决方案, 即使用深度数据进行人体动作识别\RGB图像
为解决使用RGB图像进行特征提取时容易受外界因素干扰, 且计算复杂度高等问题, 采用一种更加有效的解决方案, 即使用深度数据进行人体动作识别\人体动作识别
在此基础上, 对区域及动作类别进行内耦合和间耦合分析, 从而表达各关节点之间的交互关系\各关节点之间的交互关系
在此基础上, 对区域及动作类别进行内耦合和间耦合分析, 从而表达各关节点之间的交互关系\区域及动作类别
在此基础上, 对区域及动作类别进行内耦合和间耦合分析, 从而表达各关节点之间的交互关系\内耦合和间耦合
实验结果表明, 该分类方法能够对移动界面模式数据进行有效和合理的分类\移动界面模式数据
通过实验将该算法与其他多示例多标记算法进行了比较, 实验结果显示, 改进算法取得了良好的分类效果\分类效果
卷积神经网络模仿人类的视觉识别能力, 提取图像目标的显著抽象特征, 在图像目标检测与分类的应用上效果良好\图像目标检测与分类
实验结果表明, 改进算法能够较好地避免梯度下降缓慢和过拟合问题, 在训练循环卷积神经网络模型时具有较好的目标检测分类效果和更快的收敛性\目标检测分类
此外, 基于SRC的人脸识别的识别准则是重构残差最小, 对于一个测试样本, 需要计算其与其他每一个样本的相似度, 识别效率低\人脸识别
首先, 从输入视频中提取出多尺度的Dollar时空兴趣点, 并由时空兴趣点提取用于描述局部运动区域的视频块\局部运动区域的视频块
表情是人类情感在面部的表达方式, 包含了诸多有用的人类情感和心理活动信息, 而表情识别则是研究分析这些信息并进行正确分类的工作\表情识别
目前, 表情识别已成为互联网及相关行业的关注热点, 在新兴的智能家居、情感机器人等方面具有较好的应用前景\表情识别
模拟地物合成影像自动分类和低空高分辨率光学影像的典型地物自动分类的实验结果表明, 该方法的自动分类精度优于单种纹理特征的分类精度, 采用混合纹理对遥感图像进行地物分类是计算机自动分类的研究方向之一\计算机自动分类
随着智能机器人的快速发展, 如何赋予机器人和谐的人机交互能力使其能够感知人类的情感成为当前人机交互研究的热点\人机交互
微博用户性别分类旨在根据用户信息进行用户性别的识别\微博用户性别分类
由于人体行为图片相对手写数字图片更为复杂, 因此为了使该网络能够很好地识别人体行为, 针对该网络在其输入、网络层数、滤波器核数、学习率、输出等方面进行了修改\人体行为
实验结果表明, 提出的方法对拳击、拥抱、接吻3类交互行为的识别是有效的\拳击
实验结果表明, 提出的方法对拳击、拥抱、接吻3类交互行为的识别是有效的\拥抱
实验结果表明, 提出的方法对拳击、拥抱、接吻3类交互行为的识别是有效的\接吻
实验结果表明, 提出的方法对拳击、拥抱、接吻3类交互行为的识别是有效的\交互行为
随着在线社交网络的爆炸式增长, 微博已成为人们发表观点和表达情绪的重要平台\ 微博
微博不仅可以反映用户的观点, 还可以通过转发方式等传递观点, 进而影响其他用户的观点\微博
然而, 微博以其简短、口语化等特点, 给识别观点带来了新的挑战\微博
视频目标跟踪是计算机视觉领域一个重要的研究方向, 在公共交通、无人机、军事目标定位等诸多领域有着很重要的实际应用价值\视频目标跟踪
最后, 总结了深度学习在目标跟踪领域的技术难点与未来的发展趋势\目标跟踪领域
人数统计与人群密度估计是人群分析中的重要分支, 也是视频监控所关注的重要信息之一\视频监控
综述了基于计算机视觉的人数统计与人群密度估计方法的研究现状以及发展动态\计算机视觉
该网络也可以更好地应用于目标检测和图像分割领域\目标检测
该网络也可以更好地应用于目标检测和图像分割领域\图像分割领域
双语词典是跨语言信息检索以及机器翻译等自然语言处理应用中的一项重要资源\跨语言信息检索
双语词典是跨语言信息检索以及机器翻译等自然语言处理应用中的一项重要资源\机器翻译
双语词典是跨语言信息检索以及机器翻译等自然语言处理应用中的一项重要资源\自然语言处理应用
把中文电子病历文本中的时间关系识别转化成实体对分类问题, 针对句内时间关系的识别, 制定了高准确率的启发式规则, 并设计了基本特征、短语句法特征、依存特征和其他特征, 训练分类器缓解句内时间关系的识别错误;针对句间时间关系的识别, 在高准确率的启发式规则之外, 设计了基本特征、短语句法特征和其他特征, 训练分类器减少句间时间关系的识别错误\缓解句内时间关系的识别错误
把中文电子病历文本中的时间关系识别转化成实体对分类问题, 针对句内时间关系的识别, 制定了高准确率的启发式规则, 并设计了基本特征、短语句法特征、依存特征和其他特征, 训练分类器缓解句内时间关系的识别错误;针对句间时间关系的识别, 在高准确率的启发式规则之外, 设计了基本特征、短语句法特征和其他特征, 训练分类器减少句间时间关系的识别错误\句间时间关系的识别
把中文电子病历文本中的时间关系识别转化成实体对分类问题, 针对句内时间关系的识别, 制定了高准确率的启发式规则, 并设计了基本特征、短语句法特征、依存特征和其他特征, 训练分类器缓解句内时间关系的识别错误;针对句间时间关系的识别, 在高准确率的启发式规则之外, 设计了基本特征、短语句法特征和其他特征, 训练分类器减少句间时间关系的识别错误\句间时间关系的识别错误
实验结果表明, 与原SDP算法比较, 提取特征量增加, 小尺度交通图像的识别准确率较好地提升\小尺度交通图像
为提高视觉指导下运动想象 (MI) 的训练效率和脑机接口 (BCI) 的分类准确率, 研究了虚拟现实 (VR) 环境对MI训练的影响以及不同视觉指导下脑电 (EEG) 分类模型的差异\运动想象 
为提高视觉指导下运动想象 (MI) 的训练效率和脑机接口 (BCI) 的分类准确率, 研究了虚拟现实 (VR) 环境对MI训练的影响以及不同视觉指导下脑电 (EEG) 分类模型的差异\脑机接口
为提高视觉指导下运动想象 (MI) 的训练效率和脑机接口 (BCI) 的分类准确率, 研究了虚拟现实 (VR) 环境对MI训练的影响以及不同视觉指导下脑电 (EEG) 分类模型的差异\MI
为提高视觉指导下运动想象 (MI) 的训练效率和脑机接口 (BCI) 的分类准确率, 研究了虚拟现实 (VR) 环境对MI训练的影响以及不同视觉指导下脑电 (EEG) 分类模型的差异\BCI
首先, 设计了三种三维手部交互动画及其EEG采集程序;然后, 分别在头戴式头盔 (HMD) 和平面液晶屏 (LCD) 的呈现环境下, 对5名健康被试进行了标准 (单次实验5 min) 和长测 (单次实验15 min) 两种实验方案的左右手MI训练;最后, 通过对EEG数据的模式分类, 分析了呈现环境和内容形式对分类准确率的影响\EEG数据
实验结果表明, 在视觉指导的MI训练中, HMD与LCD的呈现方式存在显著性差异\视觉指导的MI训练
该模型首先利用两个卷积神经网络分别抽取视频动作片段空间和时间特征, 接着融合这两个卷积神经网络并提取中层时空特征, 最后将提取的中层特征输入到3D卷积神经网络来完成视频中人物动作的识别\视频中人物动作的识别
实验结果表明, 该方法能够有效区分各类亚健康状态, 识别率可达到99%\区分各类亚健康状态
首先, 对采集到的故障响应信号分别提取均值、方差等时域统计特征和小波包分解后不同频带的能量作为频域特征;然后, 通过核判别分析方法对故障特征进一步优选, 从而保证故障特征的准确有效性;最后, 将所得到的最优故障特征输入支持向量机进行故障诊断\故障诊断
实验结果表明, 使用性别划分能够更加准确地根据实际情况分解数据, 基于性别划分的M3-SVM提高了UPDRS分类的准确率\UPDRS分类
多测量向量的联合稀疏重构要求多个源信号共享相同的稀疏结构, 但实际应用中较难得到具有完全相同的稀疏结构的测量信号\多测量向量的联合稀疏重构
实验数据表明, 该方法在保证识别准确率一致的情况下, 能够提供相对于Zynq中的双核ARM处理器8倍的识别加速能力, 在嵌入式人脸识别加速方面具有显著作用\嵌入式人脸识别加速
利用训练数据训练得到类间和类内协方差矩阵;利用倒数函数分别对两个协方差矩阵建立模型并进行正则化, 获得正则化的测度矩阵;利用正则化后的测度矩阵对测试样本进行相似性度量\相似性度量
文本分类是数据挖掘的重要环节, 而特征选择又是文本分类的核心步骤, 互信息方法是常用的特征选择评价函数, 但该方法过于简单, 分类精度相对较低\文本分类
为了测试其性能, 在实验中将本文分类方法与RBF神经网络分类和SVM (Support Vector Machine) 决策树分类方法进行对比, 由实验结果可以证明:所提出的分类方法对遥感图像的分类精度达到96\遥感图像的分类
基于稀疏表示的分类方法SRC与基于协同表示的分类方法 CRC分别通过L1范数和L2范数最小化获得具有稀疏性的线性表示系数, 在人脸识别中取得了很好的效果\人脸识别
实验结果表明, 所提算法在显著提高增量学习模型更新阶段识别能力稳定性的同时, 大大降低了时间消耗, 可有效实现云服务平台中关于可穿戴设备终端的智能应用\云服务平台中关于可穿戴设备终端的智能应用
该算法首先对不均衡的训练集进行非监督聚类;然后依靠其底层的局部关注支持向量机进行数据集局部划分, 以精确把控数据集间的局部特征;最后通过顶层支持向量机进行分类预测\分类预测
因此, 所提方法具有较高的分类效率, 适用于图像分类\图像分类
根据敏感性和特异性分析可知, 所提模型对于线性不可分数据分类效果比对线性可分数据分类效果好;同时, 由于Ada Boost.M2的改进, 使得所提算法在植物识别领域具备快速成型和高泛化能力\植物识别领域
实验结果表明, 所提方案对Shuffle子过程稠密的作业优化效果明显, 能够提高4%5%的计算性能;此外, 在多用户运行情况下能降低4.1%中间数据通信延迟\Shuffle子过程稠密的作业优化
所提方法可有效降低大数据计算过程中的通信延迟, 提高异构集群的计算性能\异构集群的计算性能
首先, 设计一个包含20个卷积层的网络从低分辨率图片和高分辨率图片之间学习一种端到端的映射关系, 并通过在网络结构中将多个小的滤波器进行多次串联以扩大提取纹理信息的范围\扩大提取纹理信息的范围
另外, 将不同放大因子的低分辨率人脸图片融合到一个训练集中训练, 使得该卷积网络能够解决不同放大因子的人脸超分辨率重建问题\超分辨率重建问题
其技术的关键在于病灶的定位与分类\病灶的定位与分类
结合区域建议网络预测肿瘤在图片中可能存在的位置, 同时生成建议框\结合区域建议网络预测肿瘤
该方法无需人工设计目标特征, 通过卷积神经网络学习到的特征更加具有代表性, 且能够较好地预测肿瘤的位置\预测肿瘤的位置
卫星云图云量计算是卫星气象应用的基础, 现阶段对其的研究未能充分利用卫星云图的特征, 导致云检测及云量计算的效果不好\卫星云图云量计算
然而, 由于姿态、光照、表情和遮挡等因素引起的面部图像的复杂多样性, 数目较多的面部特征点定位仍然是一个具有挑战性的问题\面部特征点定位
现有的用于面部特征点定位的深度学习方法是基于级联网络或基于任务约束的深度卷积网络, 其不仅复杂, 且训练非常困难\面部特征点定位
大量的实验表明, 所提方法在姿态、光照、表情和遮挡等变化复杂的条件下优于现有的方法\姿态
大量的实验表明, 所提方法在姿态、光照、表情和遮挡等变化复杂的条件下优于现有的方法\光照
大量的实验表明, 所提方法在姿态、光照、表情和遮挡等变化复杂的条件下优于现有的方法\表情
大量的实验表明, 所提方法在姿态、光照、表情和遮挡等变化复杂的条件下优于现有的方法\遮挡
大量的实验表明, 所提方法在姿态、光照、表情和遮挡等变化复杂的条件下优于现有的方法\变化复杂的条件
深度逆向强化学习是机器学习领域的一个新的研究热点, 它针对深度强化学习的回报函数难以获取问题, 提出了通过专家示例轨迹重构回报函数的方法\领域
首先通过引入深度学习算法进行多层次的学习, 然后提取高层特征进行人脸描述, 最后应用最大间距准则减小最小二乘估计产生的重建误差, 实现有效的面部识别分类\面部识别分类
卷积神经网络由于其可以将图像直接作为输入对象从而避免人工提取特征过程的误差, 且在各种外物因素下 (光照、旋转、遮挡等) 具有良好的鲁棒性, 所以在图像识别方面具有巨大的优势\图像识别方面
所谓错帧, 是指在时间上乱序的帧序列, 相反, 有序帧是指遵守时间顺序的帧序列\错帧
所谓错帧, 是指在时间上乱序的帧序列, 相反, 有序帧是指遵守时间顺序的帧序列\有序帧
多元时间序列广泛存在于日常生活中的各个领域, 多元时间序列分类是从时间序列数据中获取信息的基本方法\多元时间序列分类
实验证明, 所提方法在多元时间序列分类问题中能够取得较高的分类精度\多元时间序列分类
传统的基于卷积神经网络的车型识别算法存在识别相似车型的准确率不高, 以及在网络训练时只能使用图像的灰度图从而丢失了图像的颜色信息等缺陷\识别相似车型
对此, 提出一种基于深度卷积神经网络 (Deep Convolution Neural Network, DCNN) 的提取图像特征的方法, 运用深度卷积神经网络对背景较复杂的车型进行网络训练, 以达到识别车型的目的\图像特征
关系分类是通过信息抽取实现文本数据结构化的重要一环\文本数据结构化
关系分类是通过信息抽取实现文本数据结构化的重要一环\关系分类
此外, 现有方法在输入同一样本的正向实例和反向实例时, 会出现结果不一致的情况\同一样本的正向实例和反向实例
大规模核方法是大规模数据分析与挖掘的基本机器学习方法\大规模数据分析与挖掘
在编程方面, 通过执行修正的语言集查询 (LINQ) , 优化查询效率\语言集查询
讨论分类器对整个文本分类框架的影响, 实验结果表明, k-NN分类器比SVM分类器更适合文本分类\文本分类
针对图形几何形状的识别问题, 从机器视觉的角度提出基于消失点列的识别方法, 实现空间正方形的非接触式识别\图形几何形状的识别
针对图形几何形状的识别问题, 从机器视觉的角度提出基于消失点列的识别方法, 实现空间正方形的非接触式识别\空间正方形的非接触式识别
在线部分, 用分类模型处理到达的信令流, 实现对车辆的实时分类\车辆的实时分类
实验结果表明, Lepus方法可以有效实现实时的车辆分类\车辆分类
由于新场景中已标记信息很少, 利用在其它场景中获得的行人图像来帮助目标场景的行人再识别\目标场景的行人再识别
对图像用Retinex变换预处理, 减少光照影响, 通过非对称多任务学习方式联合学习不同场景的数据集, 得到相似性度量函数, 运用跨任务数据差异模型解决共享空间的数据塌陷问题, 引入正则化项, 缓解过拟合现象\共享空间的数据塌陷问题
实验结果表明, 相比有关非迁移学习的行人再识别方法, 基于跨场景迁移学习方法在识别率上有很好的提升\非迁移学习的行人再识别方法
近年来, 深度学习在情感分析任务中的应用得到了越来越多的关注\情感分析任
该模型针对情感分析任务中特有的情感信息来构建文本输入矩阵, 使模型在训练过程中有效获取输入句子的情感特征信息\情感分析任务
从海量的基因微阵列数据中提取出有价值的信息是生物信息学的研究热点\生物信息学
由于在神经形态计算方面具有优良的性能, 忆阻器交叉阵列引起了研究者的广泛关注\神经形态计算
音乐分类在音乐信息检索中占据重要地位, 自动的音乐分类方法可以在降低花费的同时取得良好的精准度\音乐分类
传统的平面型音乐流派分类方法主要从全体数据集出发使用若干特征作为分类依据, 导致分类效果并不太好\分类效果
随着商品评论文本数据的日益增加, 需要利用情感分析技术来自动实现商品的情感极性分类, 尤其是细粒度的情感分类\自动实现商品的情感极性分类
随着商品评论文本数据的日益增加, 需要利用情感分析技术来自动实现商品的情感极性分类, 尤其是细粒度的情感分类\细粒度的情感分类
主要研究内容包括:从句法分析、词性关系和语境相关等角度进行词语关联语义约束的提取;全局特征词识别和主题情感隶属两类语义约束的获取;设计语义约束对LDA主题分配的影响机制, 构建语义弱监督的细粒度情感分析主题模型SWS-LDA\句法分析
主要研究内容包括:从句法分析、词性关系和语境相关等角度进行词语关联语义约束的提取;全局特征词识别和主题情感隶属两类语义约束的获取;设计语义约束对LDA主题分配的影响机制, 构建语义弱监督的细粒度情感分析主题模型SWS-LDA\词性关系
主要研究内容包括:从句法分析、词性关系和语境相关等角度进行词语关联语义约束的提取;全局特征词识别和主题情感隶属两类语义约束的获取;设计语义约束对LDA主题分配的影响机制, 构建语义弱监督的细粒度情感分析主题模型SWS-LDA\语境相关
短文本广泛地出现在微博、评论等实际应用领域, 其特征的高稀疏性给跨领域学习过程中共享信息的提取带来极大的挑战\跨领域学习
实验结果表明, 新算法不仅可以有效地降低类属属性空间维度, 而且在压缩后的类属属性空间中, 分类性能将有所提升\类属属性空间维度
大规模数据分类时借鉴了大量小规模数据分类的思想, 但需要解决两个问题:大规模条件下算法收敛速度及准确性问题\大规模数据分类
为了将BP算法用于大规模数据分类问题, 本文通过引入Adaboost算法, 并对其进行改进以适应BP神经网络在大数据量情况下的应用, 改善其性能\大规模数据分类问题
为了将BP算法用于大规模数据分类问题, 本文通过引入Adaboost算法, 并对其进行改进以适应BP神经网络在大数据量情况下的应用, 改善其性能\适应BP神经网络在大数据量情况下的应用
DISV辅以训练子集抽取策略和参数自适应调整策略以降低算法代价\训练子集抽取策略
DISV辅以训练子集抽取策略和参数自适应调整策略以降低算法代价\参数自适应调整策略
实验表明, 双效分类思想有效, 其在心脏肥大数据集上的诊断结果优于同类算法\双效分类
算法利用ORB算子作为环境特征点的描述信息, 并利用基于边沿的最近邻修复方法对深度图像进行修正以获得完整的深度信息\深度图像
在此基础上, 利用LSH方法进行特征点的匹配\特征点的匹配
实验结果表明, 基于ORB特征的视觉SLAM算法具有较好的实用性和良好的定位精度, 可以广泛应用于室内机器人的自主导航任务\室内机器人的自主导航任务
传统的无人机人机交互需要专门的设备和专业的训练, 便捷新颖的交互方式往往更令人青睐\交互方式
自动分词是自然语言处理的关键基础技术\自然语言处理
实验结果表明, 所提DCCNN算法能够准确识别文本情感极性, 其正确率和F1值均达到95%以上, 相比逻辑回归算法、支持向量机 (SVM) 算法以及CNN算法等都有显著提升\识别文本情感极性
首先, 借助视频与图像的对应关系, 利用典型相关性分析 (CCA) 来实现图像域 (源域) 和视频域 (目标域) 特征空间的同构化;然后, 基于这两个特征空间向共同空间投影的代价最小化这一思想, 找到源域特征空间向目标域特征空间对齐的矩阵;最后, 通过对齐矩阵使得源域特征能够翻译到目标域特征空间中去, 进而实现知识迁移, 完成视频内容标注任务\图像域
首先, 借助视频与图像的对应关系, 利用典型相关性分析 (CCA) 来实现图像域 (源域) 和视频域 (目标域) 特征空间的同构化;然后, 基于这两个特征空间向共同空间投影的代价最小化这一思想, 找到源域特征空间向目标域特征空间对齐的矩阵;最后, 通过对齐矩阵使得源域特征能够翻译到目标域特征空间中去, 进而实现知识迁移, 完成视频内容标注任务\视频域
实验结果表明先同构再对齐的复合迁移思想在异构领域适应问题上能够有效地提升识别准确率\异构领域
将该高层特征与已有的尺度不变的热核描述子 (SI-HKS) 在三维形状对应和形状检索这两类任务中进行对比, 该特征准确率分别提高了24.5个百分点和7.2个百分点\三维形状对应
将该高层特征与已有的尺度不变的热核描述子 (SI-HKS) 在三维形状对应和形状检索这两类任务中进行对比, 该特征准确率分别提高了24.5个百分点和7.2个百分点\形状检索
首先, 通过AgCl表面贴片电极和高精度模拟前端ADS1299采集人体sEMG信号, 进行小波消噪等预处理之后, 提取可反映人体肌肉疲劳状态的sEMG信号时域和频域特征\反映人体肌肉疲劳状态
准确, 高效的业务流识别与分类是保障多媒体通信端到端Qo S (Quality of Service) , 执行相关网络操作的前提\高效的业务流识别与分类
准确, 高效的业务流识别与分类是保障多媒体通信端到端Qo S (Quality of Service) , 执行相关网络操作的前提\多媒体通信端到端Qo S
准确, 高效的业务流识别与分类是保障多媒体通信端到端Qo S (Quality of Service) , 执行相关网络操作的前提\Quality of Service
如今数据规模的剧烈增加为业务流的分类提出了挑战, 而特征选择能够尽可能地减少特征维数, 去除冗余特征, 为大数据时代下的业务流分类提供解决办法\业务流分类
在多标签分类问题中, 通过k近邻的分类思想, 构造测试样本关于近邻样本类别标签的新数据, 通过回归模型建立在新数据下的多标签分类算法\多标签分类
采用混沌递归图分析中国黄金市场的动态特征, 实现黄金市场风险的识别和预测\黄金市场风险的识别和预测
实验表明, 提出的采用混沌递归实现黄金市场风险识别与预测, 其误判率低于基于时域空间的欧式距离和动态时间规整的方法\黄金市场
文中采用LPP算法来进行卷积核的学习\卷积核的学习
为有效分析和整合与人物行为相关的视频语义线索, 提出一种基于视频场景深度学习的人物语义识别模型\有效分析和整合与人物行为相关的视频语义线索
首先实现底层图像到中层特征抽取, 利用卷积神经网络算法并行获取视频场景关键帧集中的人物身份、人物行为、上下文环境等通道语义;再将中层特征融合到同一个语义融合层, 通过多层语义卷积神经网络来整合上述语义, 使用损失函数来学习不同通道语义之间的潜在关系, 提高人物语义融合的鲁棒性;最终通过大间隔的损失函数来精调整个网络的参数, 利用SVM分类器完成视频人物语义识别\视频人物语义识别
首先实现底层图像到中层特征抽取, 利用卷积神经网络算法并行获取视频场景关键帧集中的人物身份、人物行为、上下文环境等通道语义;再将中层特征融合到同一个语义融合层, 通过多层语义卷积神经网络来整合上述语义, 使用损失函数来学习不同通道语义之间的潜在关系, 提高人物语义融合的鲁棒性;最终通过大间隔的损失函数来精调整个网络的参数, 利用SVM分类器完成视频人物语义识别\获取视频场景关键帧集中的人物身份
首先实现底层图像到中层特征抽取, 利用卷积神经网络算法并行获取视频场景关键帧集中的人物身份、人物行为、上下文环境等通道语义;再将中层特征融合到同一个语义融合层, 通过多层语义卷积神经网络来整合上述语义, 使用损失函数来学习不同通道语义之间的潜在关系, 提高人物语义融合的鲁棒性;最终通过大间隔的损失函数来精调整个网络的参数, 利用SVM分类器完成视频人物语义识别\人物行为
首先实现底层图像到中层特征抽取, 利用卷积神经网络算法并行获取视频场景关键帧集中的人物身份、人物行为、上下文环境等通道语义;再将中层特征融合到同一个语义融合层, 通过多层语义卷积神经网络来整合上述语义, 使用损失函数来学习不同通道语义之间的潜在关系, 提高人物语义融合的鲁棒性;最终通过大间隔的损失函数来精调整个网络的参数, 利用SVM分类器完成视频人物语义识别\上下文环境
首先实现底层图像到中层特征抽取, 利用卷积神经网络算法并行获取视频场景关键帧集中的人物身份、人物行为、上下文环境等通道语义;再将中层特征融合到同一个语义融合层, 通过多层语义卷积神经网络来整合上述语义, 使用损失函数来学习不同通道语义之间的潜在关系, 提高人物语义融合的鲁棒性;最终通过大间隔的损失函数来精调整个网络的参数, 利用SVM分类器完成视频人物语义识别\人物语义融合
实验结果表明, 该模型在特定的数据集上具有较高的准确率, 能够高效地识别视频人物语义\识别视频人物语义
为满足车牌识别系统中对多车牌识别的高准确率的应用需求, 提出一种基于优化参数的SVM (支持向量机) 进行车牌定位\车牌定位
考虑到雾霾天气下拍摄的图片对车牌识别的影响, 先进行去雾处理, 然后使用Sobel算子对图片进行垂直边缘检测, 结合形态学处理确定候选车牌轮廓, 对候选车牌轮廓通过外接矩阵的长宽比初步判断符合车牌的区域\雾霾天气下拍摄的图片对车牌识别的影响
经验证, 该系统能够满足多车牌识别的实际应用, 鲁棒性和准确率相比通用模型提高近20%\多车牌识别的实际应用
为了改善自编码器在词嵌入中的效果, 提高文本分类的准确性, 提出了一种改进的自编码器并将其用于文本分类\文本分类
在20news数据集上的实验结果表明, 所提方法具有更好的词向量嵌入式效果, 并且在文本分类中也具有更好的效果\文本分类
这些结论给出了CP-nets (如链结构、有界树宽) 学习问题复杂度的上下界\CP-nets
时间序列数据的特征表示方法是时间序列数据挖掘任务的关键技术, 符号聚合近似表示 (SAX) 是特征表示方法中比较常用的一种\时间序列数据挖掘任务
由于时间序列有很强的形态趋势, 因此文中提出的方法选用起点和终点来表示各个序列段的形态特征, 并使用各序列段的形态特征和表示符号来近似表示时间序列数据, 以将其从高维空间映射到低维空间;然后, 针对起点和终点构建始末距离来计算两序列段间的形态距离;最后, 结合始末距离和符号距离定义一种新的距离度量方式, 以更客观地度量时间序列间的相似性\时间序列
多标签特征选择是应对数据维度灾难现象的主要方法之一, 可以在降低特征维度的同时提高学习效率, 优化分类性能\数据维度灾难现象
实验结果表明, 与其他算法相比, 该算法在提取出更加精确的低维特征子集后, 不仅能够有效提高面向实体信息挖掘的多标签学习算法的性能, 也能提高基于离散特征的多标签学习算法的效率\面向实体信息挖掘
在很多信息处理任务中, 人们容易获得大量的无标签样本, 但对样本进行标注是非常费时和费力的\信息处理任务
作为机器学习领域中一种重要的学习方法, 主动学习通过选择最有信息量的样本进行标注, 减少了人工标注的代价\机器学习领域
医学信息提取的第一步在于命名实体识别, 然而公开医学语料的缺乏使得这项工作困难重重\医学信息提取
医学信息提取的第一步在于命名实体识别, 然而公开医学语料的缺乏使得这项工作困难重重\命名实体识别
互联网作为大量数据的聚集地, 可以从中进行医学知识的提取\医学知识的提取
该嵌入式平台以DM3730为核心, 通过对实时获取的红外图像进行处理实现对火焰的识别, 驱动云台动态跟踪;结合机载GPS/IMU导航信息及跟踪云台的姿态信息, 完成精确的火场定位;将获取的彩色图像实时回传地面, 实现对火场的在线监测\火场的在线监测
为解决在文本处理实际应用中, 各文本通常没有包含明确的类别信息, 以及在传统的基于向量空间模型的TFIDF方法中特征项权重计算时, 缺乏语义关系和类别区分度的问题, 对特征项权重计算方法进行改进\文本处理实际应用
提出一种可靠、高效的车标分类方法, 结合改进的Gaussian-Hermite矩特征和随机森林分类器实现车标的可靠分类\车标的可靠分类
采用随机森林分类器对该特征进行学习和预测, 得到车标分类结果\车标分类
为对短时间肌肉收缩有较好连续性, 采用样本熵对表面肌电检测活动段起始点, 以隐马尔可夫模型 (hidden Markov model, HMM) 对手势动作进行识别\手势动作进行识别
实验结果表明, 采用最优特征组合后, 5名受试者对10类动态手势获得 (94.13±1.07) %的平均识别率, 有效提高了手势分类准确性\手势分类
在猕猴桃采摘机器人作业的过程中, 由于对于目标果实的识别一般是针对单个果实, 极大影响了猕猴桃采摘的效率\猕猴桃采摘机器人作业
运用该方法对多目标果实进行识别, 对所采集的样本图像中的20幅图片进行实验, 实验结果表明, 运用该方法识别的准确率为88.86%, 该识别获得的信息能达到猕猴桃多目标识别的目的, 为后续机械臂的路径规划, 采摘机器人末端执行器设计提供了信息支持, 也可为苹果、柑橘等果实的识别提供参考\多目标果实进行识别
实验结果表明, 特征抽取、特征选择、分类方法可行有效, 分类器在高考测试集上平均准确率达到96%, 能较好地解决高考语文现代文阅读材料体裁自动分类问题\高考语文现代文阅读材料体裁自动分类问题
近年来, 深度学习应用于网络空间安全的研究逐渐受到国内外学者的关注, 从分类算法、特征提取和学习效果等方面分析了深度学习应用于网络空间安全领域的研究现状与进展\网络空间安全领域
目前, 深度学习主要应用于恶意软件检测和入侵检测两大方面, 指出了这些应用存在的问题:特征选择问题, 需从原始数据中提取更全面的特征;自适应性问题, 可通过early-exit策略对模型进行实时更新;可解释性问题, 可使用影响函数得到特征与分类标签之间的相关性\恶意软件检测
目前, 深度学习主要应用于恶意软件检测和入侵检测两大方面, 指出了这些应用存在的问题:特征选择问题, 需从原始数据中提取更全面的特征;自适应性问题, 可通过early-exit策略对模型进行实时更新;可解释性问题, 可使用影响函数得到特征与分类标签之间的相关性\入侵检测
在分类之前加入采样方法应对类不平衡问题, 并采取有效的基分类器更新和加权策略应对概念漂移现象, 从而提高分类器的性能\类不平衡问题
实验结果表明本文所提出的算法, 其整体分类性能优于其他算法, 更能适应存在概念漂移和类不平衡的数据流环境\存在概念漂移和类不平衡的数据流环境
在很多亚洲语言书面文本中, 词与词之间没有明显的分隔符, 因此这些文本的自动分词任务依然具有挑战性\文本的自动分词任务
相应的分词算法能够被广泛用于各种自然语言处理应用当中\自然语言处理应用
第3步, 用模糊积分集成重复训练的单隐含层前馈神经网络, 并用于数据分类\数据分类
所幸, 人工智能领域目前取得了重要进展, 其中深度学习技术发挥了重要作用, 它给性能分析工具的智能化带来了契机\人工智能领域
提出一种基于深度学习的程序性能智能分析框架, 其核心思想是将程序的性能分析问题抽象成可用机器学习技术描述的分类问题, 使用处理器支持的PMU采集分类所需的性能数据并标准化, 使用簇评估技术结合簇的实际含义确定性能问题类别, 通过稀疏编码自动学习性能数据特征并构建性能问题分类模型\可用机器学习技术描述的分类问题
实验结果表明, 该性能分析方法能够直观地指导程序员快速把握当前应用最为突出的性能瓶颈问题, 提高应用优化的效率, 降低用户调优代码的成本\性能瓶颈问题
它能够使视频观众即时发布关于视频情节内容的评论, 也可以帮助观众理解视频内容\关于视频情节内容的评论
它能够使视频观众即时发布关于视频情节内容的评论, 也可以帮助观众理解视频内容\帮助观众理解视频内容
这样的分类可以帮助我们了解观看特定类型视频的观众在情感上的异同点\特定类型视频的观众
短文本的多意图识别是口语理解 (SLU) 中的难题, 因短文本的特征稀疏、字数少但包含信息量大, 在分类问题中难以提取其有效特征\短文本的多意图识别
通过手写数字识别实验证明, 与误差平方和正则化因子相比, 基于该稀疏机制的DBM分类准确率提高了0.74%, 平均稀疏度提高了5.6%, 且无需设置稀疏参数, 因此, 该稀疏机制可提高RBM等无监督训练模型的训练效率, 并应用于深度模型的构建中\手写数字识别
针对克隆代码的大量使用会导致长期软件维护问题甚至引入错误, 提出了一种基于决策树的分类器来推荐克隆进行重构\隆代码的大量使用会导致长期软件维护问题
所提方法能够有效地对滚动轴承故障状态进行诊断, 对高维复杂的轴承故障数据也有很好的诊断效果\滚动轴承故障状态
该方法首先对深度图像进行法线提取, 同时应用基于运动能量的自适应时空金字塔对动作帧分块;然后局部聚集法线, 得到显著性局部时空描述子;对局部时空描述子进行稀疏编码得到一组字典向量来重构样本数据;最后利用简化粒子群 (sPSO) 优化SVM分类器找到最适合样本数据的分类模型\基于运动能量的自适应时空金字塔对动作帧分块
指代消解是文本理解和信息抽取的一项重要任务\文本理解和信息抽取
深度学习的方法在图像识别和自然语言处理等方面展示了优异的性能\图像识别和自然语言处理
在手势识别的过程中, 手势变化的多样性和手势本身的复杂性会对手势识别的精确性和可靠性带来更大的影响\手势识别
在数据日趋海量化和异构化的当今社会, 对于中文人名进行命名实体识别已经成为现阶段中文自然语言处理的研究热点之一\中文人名进行命名实体识别
在数据日趋海量化和异构化的当今社会, 对于中文人名进行命名实体识别已经成为现阶段中文自然语言处理的研究热点之一\中文自然语言处理
实验结果表明, 该模型不但性能良好, 而且不需要过多的计算资源, 在中文人名识别的应用中具有良好的效果\中文人名识别
在多种情感的语音情感识别中, 由于部分情感状态容易混淆, 导致语音情感识别的总体识别率降低;同时, 对于不同的训练集, SVM参数惩罚因子和核函数参数对识别结果也存在一定影响\多种情感的语音情感识别
该方法首先通过计算情感混淆度构建决策树SVM框架, 然后采用遗传算法对决策树SVM中每个SVM的惩罚因子和核函数参数进行寻优, 最后将参数优化后的决策树SVM模型应用于语音情感识别\语音情感识别
不平衡数据的问题普遍存在于大数据、机器学习的各个应用领域, 如医疗诊断、异常检测等\医疗诊断
不平衡数据的问题普遍存在于大数据、机器学习的各个应用领域, 如医疗诊断、异常检测等\异常检测
在生物医学文本挖掘领域, 化学药物命名实体识别具有重要意义\生物医学文本挖掘领域
关于时间序列分类的问题在过去十多年时间里已经引起极大的兴趣\时间序列分类的问题
并且已经有实验表明传统流行的分类算法像KNN等, 已经很难处理时间序列的分类问题\时间序列的分类问题
当前的流形学习算法并不能有效应用于这种高维多流形数据\高维多流形数据
实验结果表明, 该算法能有效地应用于人工数据和实际的高维图像数据, 相较于其他算法极大的提高了子流形识别精度\人工数据和实际的高维图像数据
网络流量分类是机器学习与网络安全领域中的一个研究热点\网络流量分类
传统的聊天机器人中用户意图识别一般采用基于模板匹配或人工特征集合等方法, 针对其费时费力而且扩展性不强的问题, 并结合医疗领域聊天文本的特点, 提出了基于短文本主题模型 (BTM) 和双向门控循环单元 (Bi GRU) 的意图识别模型\医疗领域
在参数通讯优化方面, 将梯度计算和参数通讯同时执行, 利用计算时间来覆盖通讯时间\参数通讯优化
但在邮件分类中单纯使用TFIDF来判断一个特征是否有区分度还存在很多的不足:没有考虑到特征词在类间和类内的分布情况, 低估了高频词的作用并高估了低频词的作用\邮件分类中
评论文本情感分析现已成为自然语言处理的重要研究领域\自然语言处理
通过分析短文本的特征, 将EMD (earth mover’s distance) 求解线性规划中运输问题的最优解应用于度量两个短文本的相似度, 用Word2Vec度量两个单词的语义相似性, 提出了词序位置相似度的概念, 即在计算短文本相似度的同时考虑语句词组顺序对相似度的贡献\度量两个短文本的相似度
人体行为识别是计算机视觉和模式识别领域内一个重要的研究方向\计算机视觉和模式识别领域
充分利用以上信息, 成为行为识别领域的研究热点和突破点\行为识别领域
贝叶斯算法被广泛应用于书目自动分类领域\书目自动分类领域
人群密度估计在智能监控领域具有重要的应用价值\智能监控领域
不确定和否定信息抽取, 是自然语言处理领域中的重要任务和研究热点\自然语言处理领域
短文本的分布式表示已经成为文本数据挖掘的一项重要任务\短文本的分布式表示
由深度学习 (deep learning, DL) 和强化学习 (reinforcement learning, RL) 结合形成的深度强化学习 (deep reinforcement learning, DRL) 是目前人工智能领域的一个热点\人工智能领域
多标签学习广泛应用于文本分类、图像标注、视频语义注释、基因功能分析等问题\文本分类
多标签学习广泛应用于文本分类、图像标注、视频语义注释、基因功能分析等问题\图像标注
多标签学习广泛应用于文本分类、图像标注、视频语义注释、基因功能分析等问题\视频语义注释
多标签学习广泛应用于文本分类、图像标注、视频语义注释、基因功能分析等问题\基因功能分析
最近, 多标签学习受到大量的关注, 成为机器学习领域中的研究热点\机器学习领域
步态识别具有易采集, 远距离, 非接触, 难伪装和非侵入性等优势, 是生物特征识别、计算机视觉和信息安全等领域的研究热点\生物特征识别
步态识别具有易采集, 远距离, 非接触, 难伪装和非侵入性等优势, 是生物特征识别、计算机视觉和信息安全等领域的研究热点\计算机视觉
步态识别具有易采集, 远距离, 非接触, 难伪装和非侵入性等优势, 是生物特征识别、计算机视觉和信息安全等领域的研究热点\信息安全
中文微博情感分析旨在挖掘文本中用户所要表达的观点及情感倾向, 被应用于政治、商业等诸多领域\政治
中文微博情感分析旨在挖掘文本中用户所要表达的观点及情感倾向, 被应用于政治、商业等诸多领域\商业
局部二值模式 (LBP) 因计算简单以及对轻微光照、姿态变化的鲁棒性而被广泛应用于人脸识别领域, 但其只能作用于一定的人脸姿态变化范围 (-15°15°) \人脸识别领域,
运动人体的行为分析与识别是智能监控中的关键技术, 研究有效的人体行为对智能视频推广与应用具有重要意义\智能监控
情感标签标注是情感计算中的一个重要领域\情感计算
文本向量化模型基于知识迁移模型将源领域知识迁移到目标领域微博数据上, 得到目标领域文本向量\知识迁移模型将源领域
排序学习 (learning to rank) 是一种机器学习与信息检索的交叉学科, 可以从大量的包含标记的训练集中自动学习排序模型\机器学习
排序学习 (learning to rank) 是一种机器学习与信息检索的交叉学科, 可以从大量的包含标记的训练集中自动学习排序模型\信息检索
特征选取对于排序模型的预测结果有很大的影响, 而排序学习对其特征领域的研究却很少\特征领域
客服热线的情感分析对企业核心业务的发展具有决策作用, 能提升用户的忠诚度\客服热线的情感分析
在大数据时代, 图片数量非常巨大, 但是具有标签的图片非常少\大数据时代
在学习和研究中, 常常需要分类标注图片, 而大部分图片都是与人脸相关的, 因此人脸标注成为了一种进行图片分类标注的有效方法, 但人工标注的成本较大\人脸标注
通过对比多种深度学习方法在肺结节诊断方面的优势与不足, 验证了该方法的准确性、特异性、敏感性均优于其它算法\肺结节诊断
在训练过程中对训练样本类别进行标记, 在此基础上构建直方图总体能量目标函数, 依据能量最小准则学习码本\训练样本类别
针对这一问题, 提出一种情感分析方法 SE-LSTM, 并将该方法应用于朝鲜语情感分析任务中\朝鲜语情感分析任务中
实验结果表明, 相比传统方法, 该方法能够得到更高的分类准确度, 在舆情分析及自然语言处理等方面有广泛的应用前景\舆情分析及自然语言处理
其中, 许多算法都采用平均脸作为初始化形状, 然后采用不同的方法对人脸的最终形状进行预测, 这些算法在人脸表情、头部姿势、光照差异较大的情况下没有很好的鲁棒性\头部姿势
其中, 许多算法都采用平均脸作为初始化形状, 然后采用不同的方法对人脸的最终形状进行预测, 这些算法在人脸表情、头部姿势、光照差异较大的情况下没有很好的鲁棒性\人脸表情
其中, 许多算法都采用平均脸作为初始化形状, 然后采用不同的方法对人脸的最终形状进行预测, 这些算法在人脸表情、头部姿势、光照差异较大的情况下没有很好的鲁棒性\光照差异较大的情况
深度学习是基于数据表示的一类更广的机器学习方法, 它的出现不仅推动了机器学习的发展, 而且促进了人工智能的革新\人工智能
随机森林是一种有效的集成学习算法, 被广泛应用于模式识别中\模式识别
软件缺陷预测是典型的非平衡学习问题\软件缺陷预测
使用新浪微博用户的真实数据对算法的有效性进行了验证和对比实验, 结果表明该方法能够有效检测出新浪微博中的水军用户, 具有较高的检测准确率\新浪微博
随着被披露脆弱性代码样本数量的不断增加和机器学习方法的广泛应用, 基于机器学习的软件脆弱性分析逐渐成为信息安全领域的热点研究方向\信息安全领域
针对空间众包多类型任务完成的质量与数量问题, 提出多类型任务的分配与调度方法\空间众包多类型任务
信息抽取是自然语言处理工作中的重要任务之一\自然语言处理
针对电力线通信 (PLC) 系统中存在严重影响传输性能的脉冲噪声, 传统的消噪算法大都不能有效抑制脉冲噪声的问题, 提出一种时频结合的消噪算法\电力线通信 (PLC) 系统
针对动态信任网络中企业信任联盟的识别及演变问题, 提出一种基于片段的演化图聚类 (GC) 算法\动态信任网络
针对民航机场嵌入式助航灯具清洗系统灯具定位问题, 设计了基于视觉的灯具定位系统\民航机场
目前, 我国天文科学领域的重大科学工程FAST (500 m口径球面射电望远镜) 已于2016年9月建成并进入调试和试运行阶段\天文科学领域
数据处理要求用可以接受的传输带宽和存储空间, 获得尽可能多的信息, 用于地震监测预测分析\地震监测
物联网的发展推进了智慧城市的发展, 也是互联网的功能拓展, 对构建城市基础设施、信息化管理与服务起到了关键性的作用\物联网
大数据时代的到来催生了一门新的学科——数据科学\数据科学
首先, 探讨了数据科学的内涵、发展简史、学科地位及知识体系等基本问题, 并提出了专业数据科学与专业中的数据科学之间的区别与联系\数据科学
其次, 分析现阶段数据科学的研究特点, 并分别提出了专业数据科学、专业中的数据科学及大数据生态系统中的相对热门话题\专业数据科学
其次, 分析现阶段数据科学的研究特点, 并分别提出了专业数据科学、专业中的数据科学及大数据生态系统中的相对热门话题\专业中的数据科学
其次, 分析现阶段数据科学的研究特点, 并分别提出了专业数据科学、专业中的数据科学及大数据生态系统中的相对热门话题\大数据生态系统
个性化视频情感内容分析是近几年兴起的一个研究热点, 其目的是基于视频用户的个人兴趣和爱好来向其推荐个性化的视频内容\情感内容分析
文中统计了2017年国家自然科学基金计算机学科面上项目、青年项目、地区项目、重点项目、海外港澳项目、优秀青年项目的资助情况, 分析总结了计算机学科资助重点项目的研究特点, 为该领域研究人员的自然科学基金项目申请提供了参考\计算机学科
实体上下位关系是构建领域知识图谱不可或缺的一种重要的语义关系, 传统抽取上下位关系的方法大多不考虑关系的组织\领域知识图谱
得益于大数据相关的开源软件蓬勃发展, 中小企业和机构也可以进行大数据平台的搭建和应用\大数据
高效率的大规模并行求解广义本征值方程是在计算电子结构等高性能计算学科中的一个重要课题, 在未来E级计算的发展上有重要的意义\计算电子结构等高性能计算学科
将社交网络划分为全次图、缺次图、零次图, 设计扰动方案及查询函数, 对不同图进行查询获取其边权重并按扰动方案对不同的边权重添加不同的Laplace噪声, 实现抵御攻击者拥有最大背景知识的攻击的边权重隐私保护, 保证一组节点的最短路径不变, 且其长度与原路径长度相近\社交网络
为降低任务执行代价, 提高云资源提供者收益, 提出一种云计算环境下基于合并与分裂机制的任务调度联盟博弈优化算法\云计算环境
随着云存储的迅猛发展与大数据时代的来临, 越来越多的存储系统开始采用纠删码技术, 以保障数据的可靠性\云存储
集群调度研究主要关注在固定的集群资源条件下, 数据处理作业如何快速、精确地获得所需运行资源, 从而达到预先设定的执行目标\集群调度
随着大数据计算的发展, 集群环境在过去10年内持续且快速地发展变化, 集群调度场景和目标也日趋复杂\大数据
从大数据背景下集群调度研究的主要研究问题出发, 分别介绍了大数据背景下的4种集群调度结构:集中结构、双层结构、分布式结构以及混合结构, 并对各结构的产生原因、适用场景、优劣、典型研究工作、研究进展进行分析, 并尝试对各结构的未来发展进行展望\大数据
从大数据背景下集群调度研究的主要研究问题出发, 分别介绍了大数据背景下的4种集群调度结构:集中结构、双层结构、分布式结构以及混合结构, 并对各结构的产生原因、适用场景、优劣、典型研究工作、研究进展进行分析, 并尝试对各结构的未来发展进行展望\大数据
知识图谱在人工智能上有很大的研究价值, 并被广泛应用于语义搜索和自动问答等领域\知识图谱
知识图谱在人工智能上有很大的研究价值, 并被广泛应用于语义搜索和自动问答等领域\语义搜索
知识图谱在人工智能上有很大的研究价值, 并被广泛应用于语义搜索和自动问答等领域\自动问答
知识图谱在人工智能上有很大的研究价值, 并被广泛应用于语义搜索和自动问答等领域\人工智能
知识图谱表示将包含了实体和关系的大规模知识图谱映射到一个连续的向量空间\知识图谱表示
通过分析不同案例来讨论增强现实在数据可视化中应用的可行性;最后, 总结了目前数据可视化和增强现实结合所面临的挑战以及未来的研究方向和机遇\数据可视化
通过分析不同案例来讨论增强现实在数据可视化中应用的可行性;最后, 总结了目前数据可视化和增强现实结合所面临的挑战以及未来的研究方向和机遇\数据可视化
通过分析不同案例来讨论增强现实在数据可视化中应用的可行性;最后, 总结了目前数据可视化和增强现实结合所面临的挑战以及未来的研究方向和机遇\增强现实
流场可视化作为科学可视化领域发展最早、应用最广泛的研究方向, 在帮助用户分析和理解复杂流场流动机理, 洞察流场物理现象并发现流动科学规律方面发挥着重要的支撑作用\科学可视化领域
文中主要介绍了感知增强类流场可视化方法在工业设计、航空航天、生物医学以及其他交叉领域的应用\工业设计
文中主要介绍了感知增强类流场可视化方法在工业设计、航空航天、生物医学以及其他交叉领域的应用\航空航天
文中主要介绍了感知增强类流场可视化方法在工业设计、航空航天、生物医学以及其他交叉领域的应用\生物医学
可视分析领域中有众多技术和工具能很好地帮助用户发现一些关于数据的灼见, 然而随着数据日益庞大, 需要解决的问题日益复杂, 这些灼见对用户来说还远远不够\可视分析
文中主要是梳理了可视化领域中的认知理论和复杂认知活动的研究工作, 并在此基础上, 探讨了如何设计可视分析工具来更好地支持复杂认知活动\可视化领域
针对食品安全领域内的实际关联分析需求, 在传统力导引图布局的基础上综合采用图过滤、节点聚类、鱼眼视图变换以及交互式分层探索等多种图简化技术, 并结合donut圆环、放射环等可视化元素, 提出了一种基于变换的可视分析关联图TransGraph, 支持在对比展示数据关联的同时展现当前关注节点的数据分布和层次结构, 并根据用户关注度交互式地逐层展示图的细节及节点相似性\食品安全领域
时序数据在各个领域的使用越来越广泛, 例如在金融领域回撤操作中对时序数据的聚合操作也就是时序数据库的重要的应用场景\金融领域
云计算服务模式中的平台即服务Paa S (Platform as a service) 本质上是物理资源的虚拟化, 是构建云计算数据中心的基础\云计算服务
车联网是近年来研究的热点\车联网
但是, 在应急场景下, 例如战争或自然灾害发生时, 发射系统往往会遭到损坏, 很难实现可靠信息发布\战争
但是, 在应急场景下, 例如战争或自然灾害发生时, 发射系统往往会遭到损坏, 很难实现可靠信息发布\自然灾害
精确定位是农业机械实现自动导航的重要前提, 提出了一种基于单目摄像机的导航定位算法\农业机械
针对红外场景仿真中辐射反射分量运算复杂、真实感欠缺等问题, 提出一种Blinn-Phong BRDF红外反射模型, 并基于Unity平台将其应用于三维红外仿真场景\三维红外仿真场景
该方法在对实测红外图像进行阈值分割的基础上, 利用简化辐亮度运算和红外成像过程的仿真链路反演模型, 求解目标表面温度值, 根据红外辐射原理与可见光光照模型的理论相似性, 将改进的Blinn-Phong光照模型移植到红外波段, 并引入双向反射分布函数提高仿真精度, 提出Blinn-Phong BRDF红外反射模型;最后基于该辐射反射模型构建零视距仿真场景, 同时将仿真图像与实测图像进行比对, 验证了反射模型的可信度和有效性\零视距仿真场景,
针对射电天文信号观测中传统的信号采集电路存储数据需较大的存储空间的问题, 提出一种基于调制宽带转换器 (MWC) 的低频射电天文信号采集的硬件电路设计方法\射电天文信号观测
现今智能手机发展迅猛, 人们生活质量得到大幅提高\智能手机
该系统使用移动设备自带的扬声器发射20 kHz的超声波信号, 使用话筒接收反射信号\移动设备
因此, SCFDGM为供应链系统企业的生产、管理、决策、市场的合理竞争、有序发展提供了理论指导\供应链系统企业
该方案的软件设计部分采用QML/Qt.C++架构技术和MVC设计模式, 其中, QML (Qt Meta Language) , 即Qt元语言, 是最新的前端技术\前端技术
同时, 作为在Qt基础上发展出来的前端技术, QML和Qt后台的衔接更为紧密, 而完全独立的前端描述技术, 最大程度地降低了前后端的耦合度, 使得软件架构层次清晰\前端技术
对智慧城市系统中产生的大量数据进行有效的采集、合理的存储、高效精准的分析, 进而对决策的做出提供合理的支持是在智慧城市建设过程中必须要解决的问题\智慧城市建设
软件产品上线在网络环境中运行与传统的实体机运行环境有很大的区别\软件产品
基于云环境的大型应用软件联调有许多问题和技术需要研究和探讨\大型应用软件联调
结合工作实践叙述了基于云环境的软件联调层级结构和软件联调内容, 基于云环境的大型应用软件联调的详细过程以及各个角色在软件联调过程中的职责和任务\云环境
结合工作实践叙述了基于云环境的软件联调层级结构和软件联调内容, 基于云环境的大型应用软件联调的详细过程以及各个角色在软件联调过程中的职责和任务\大型应用软件联调
蛋白质交互信息是解决大量医学难题的关键信息, 这些信息都记录在医学文献中, 随着生物医学文献的大量增加, 以手工收集信息的方式已经难以满足实际需求\生物医学
随着无线局域网的快速发展, 人们更加依赖于通过无线接入点AP来使多个设备同时接入互联网, AP的安全问题也凸显出来, 而通过定位找到非法的无线接入点可以从源头上提高网络信息安全性\无线局域网
随着收集的数据量的迅速增加, 备份系统需要备份与恢复的数据也迅速增加, 然而备份文件之间的相似度超过60%, 全部存储在硬盘上十分浪费存储空间, 故提出了一种基于K-medoids聚类的DELTA压缩方法, 用来去除备份数据中的重复数据\备份数据
虚拟漫游技术是虚拟现实的重要部分, 越来越多地运用到矿山等各领域, 而对矿井巷道路径的研究是虚拟漫游的关键因素之一\矿山
虚拟漫游技术是虚拟现实的重要部分, 越来越多地运用到矿山等各领域, 而对矿井巷道路径的研究是虚拟漫游的关键因素之一\虚拟现实
矿井巷道的实际场景应用表明, 该方法实现了漫游过程中自然平滑的运动, 达到了视觉上场景的平稳移动, 并能够适用于其他虚拟场景, 实现场景虚拟漫游\虚拟场景
矿井巷道的实际场景应用表明, 该方法实现了漫游过程中自然平滑的运动, 达到了视觉上场景的平稳移动, 并能够适用于其他虚拟场景, 实现场景虚拟漫游\场景虚拟漫游
在日常生活或者相关科学研究中, 使用电子设备会产生大量的数据, 如何从数据中删除冗余信息, 提取或“挖掘”有用信息就成了当前信息科学和技术领域的一个重要的研究方向\信息科学和技术
在日常生活或者相关科学研究中, 使用电子设备会产生大量的数据, 如何从数据中删除冗余信息, 提取或“挖掘”有用信息就成了当前信息科学和技术领域的一个重要的研究方向\日常生活
在处理我国公共安全突发状况和自然灾害时, 利用卫星通信系统进行通信十分重要\公共安全突发状况
在处理我国公共安全突发状况和自然灾害时, 利用卫星通信系统进行通信十分重要\自然灾害
但是当利用LDA模型对社科文献领域类的文档集进行主题建模时, 由于该建模方法忽略了文档集自身的主题特点, 提取的主题分布是偏向文档中高频词汇, 所以造成最后提取的主题偏离文档的本质意义上的主题、结果不够准确\社科文献领域
针对LDA模型对文档进行主题建模的过程, 结合社科文献领域的文档特点, 对主题建模的过程进行相应的改进, 提出一种新的主题建模方法, 从而使最终提取的主题更加准确, 更符合文档集本身的主题特点\社科文献领域
结合物联网平台和无线数据传输技术, 通过移动互联网将ZIGBEE数据采集网络和WIFI数据采集网络采集的数据, 上传物联网平台进行综合的数据处理与分析, 结合用户客服端发出的指令判定是否需要电话报警或短信报警, 从而使得该系统具有结构简单、安装方便、报警及时且报警方式多元和远程实时监控等功能\移动互联网
新能源技术和互联网技术推动了电力系统由智能电网向能源互联网进化, 未来能源互联网将以分布式能源作为主要的一次能源\智能电网
新能源技术和互联网技术推动了电力系统由智能电网向能源互联网进化, 未来能源互联网将以分布式能源作为主要的一次能源\未来能源互联网
新能源技术和互联网技术推动了电力系统由智能电网向能源互联网进化, 未来能源互联网将以分布式能源作为主要的一次能源\能源互联网
针对以实时电价为驱动的未来能源互联网, 结合区块链这一安全、透明、去中心化的分布式计算范式, 建立基于区块链的虚拟电厂模型, 通过区块链的激励机制将虚拟电厂协调控制手段和分布式能源独立并网行为有机联动, 从而实现高效的分布式调度计算\未来能源互联网
最后, 从信息安全的保密性、完整性、可用性、可追溯性4个维度论证了BCCPS框架的安全性\信息安全
目前, 自主水下航行器 (Autonomous Underwater Vehicle, AUV) 研究的重点集中在跟踪定位、精确制导和返坞等领域\跟踪定位
目前, 自主水下航行器 (Autonomous Underwater Vehicle, AUV) 研究的重点集中在跟踪定位、精确制导和返坞等领域\精确制导
目前, 自主水下航行器 (Autonomous Underwater Vehicle, AUV) 研究的重点集中在跟踪定位、精确制导和返坞等领域\返坞
机器鱼已成为AUV在智能教育、民用与军事等方面的应用热点\智能教育
机器鱼已成为AUV在智能教育、民用与军事等方面的应用热点\民用
机器鱼已成为AUV在智能教育、民用与军事等方面的应用热点\军事
直觉模糊集理论和可能性理论的融合是不确定问题领域的一个研究热点\不确定问题
在互联社会背景下, 先进的制造模式需要从信息、社交和服务等方面实现企业内部、跨企业间的协作\互联社会
VLPL-S代码是基于Particle-in-Cell (PIC) 算法开发的激光等离子体模拟程序, PIC算法是激光等离子模拟领域的常用主流算法之一\激光等离子模拟领域
该系统可广泛适用于网络数据采集及其它领域\网络数据采集
目前在轮船跟踪方面应用的算法存在明显的缺陷, 比如遮挡、同色系干扰等, 这些缺陷大大影响了跟踪的成功率, 为此, 在Camshift以及无损卡尔曼滤波的基础上提出一种跟踪算法\轮船跟踪方面应用
分析实验结果表明, 该描述子相比于其它描述子具有速度快、旋转平移鲁棒性高、抗噪性好的特点, 能够应用于实际点云配准和对象识别\实际点云配准和对象识别
深度网络近年来在计算机视觉任务上不断刷新传统模型的性能, 已逐渐成为研究热点\深度网络
流程挖掘是流程管理和数据挖掘交叉领域中的一个研究热点\流程管理和数据挖掘交叉领域
网络评论的观点挖掘任务是文本分析的关键问题之一\网络评论的观点
近年来, 集合模拟被频繁地运用于气候、数学、物理等领域\气候
近年来, 集合模拟被频繁地运用于气候、数学、物理等领域\数学
近年来, 集合模拟被频繁地运用于气候、数学、物理等领域\物理
随着大数据应用的发展, 需要处理的数据量急剧增长, 企业为了保证数据的及时处理并快速响应客户, 正在广泛部署以Apache Spark为代表的内存计算系统\大数据
该架构不仅可以实现测试同类型多片NVM协同工作, 也可以进行混合NVM存储管理方案验证\混合NVM存储管理方案验证
该架构不仅可以实现测试同类型多片NVM协同工作, 也可以进行混合NVM存储管理方案验证\测试同类型多片NVM协同工作
随着万物联网的趋势不断加深, 智能手机、智能眼镜等端设备的数量不断增加, 使数据的增长速度远远超过了网络带宽的增速;同时, 增强现实、无人驾驶等众多新应用的出现对延迟提出了更高的要求\增强现实
随着万物联网的趋势不断加深, 智能手机、智能眼镜等端设备的数量不断增加, 使数据的增长速度远远超过了网络带宽的增速;同时, 增强现实、无人驾驶等众多新应用的出现对延迟提出了更高的要求\无人驾驶
LESAP是一个超燃冲压发动机燃烧数值模拟软件, 可模拟发动机燃烧室内的燃烧化学反应与超声速流动, 具有实际工程应用价值, 其计算量巨大\发动机燃烧室内的燃烧化学反应
LESAP是一个超燃冲压发动机燃烧数值模拟软件, 可模拟发动机燃烧室内的燃烧化学反应与超声速流动, 具有实际工程应用价值, 其计算量巨大\超声速流动
与此同时, 人类认知过程在社会关系学领域也有着广泛的研究\社会关系学领域
该模型对实体间的交互行为进行模糊综合评判计算认知因子\实体间的交互行为
在日趋激烈的电子对抗领域, 如何从通过侦察截获的通信比特流数据中分析识别出链路层未知帧成为了一个重要课题\电子对抗
基于RDF图结构的关键词查询是目前的一个研究热点\关键词查询
针对关键词查询中存在的高存储空间和低查找效率, 提出了一种双索引机制的RDF数据图查询方法\关键词查询
数据倾斜是海量数据分析与处理中常见场景之一\海量数据分析与处理
随着电子商务的发展, 查询建议也越来越多地应用于电子商务网站的商品搜索中\商品搜索
随着现代电网规模的不断扩大和谐波污染的不断加深, 对电力系统中的谐波进行仿真分析的需求越来越迫切\现代电网
随着现代电网规模的不断扩大和谐波污染的不断加深, 对电力系统中的谐波进行仿真分析的需求越来越迫切\仿真分析
针对现有电力系统数字仿真系统在谐波分析功能完整性和扩展性方面存在的不足, 结合计算机可视化技术、Web技术和谐波分析技术, 探讨并设计了面向谐波分析的电力系统数字仿真系统\谐波分析
由于室内定位场景的非视距特点, 基站布局对于蜂窝网的定位精度具有重要影响, 而目前基站布局仅关注容量、覆盖、信号质量, 尚未考虑对室内定位精度的影响\室内定位场景
水利计算是水利规划、设计以及运行的基础, 提高水利计算的效率对水利信息化和水资源管理具有重要实践意义\水利计算
水利计算是水利规划、设计以及运行的基础, 提高水利计算的效率对水利信息化和水资源管理具有重要实践意义\水利计算
系统概述了GPU并行优化技术在水利计算中的应用进展;简要介绍了当前应用较多的几种并行技术;建设性提出了该项技术在水库调度、中长期水文预报和水文模型计算中的应用前景和优势;详细总结了应用该项技术的一般方法, 为技术推广提供指导\水库调度
系统概述了GPU并行优化技术在水利计算中的应用进展;简要介绍了当前应用较多的几种并行技术;建设性提出了该项技术在水库调度、中长期水文预报和水文模型计算中的应用前景和优势;详细总结了应用该项技术的一般方法, 为技术推广提供指导\中长期水文预报
系统概述了GPU并行优化技术在水利计算中的应用进展;简要介绍了当前应用较多的几种并行技术;建设性提出了该项技术在水库调度、中长期水文预报和水文模型计算中的应用前景和优势;详细总结了应用该项技术的一般方法, 为技术推广提供指导\水文模型计算
网络动态演化内容的识别和分析是人们快速获取有效信息的主要手段之一, 已经成为人们迫切需要解决的关键问题\网络动态演化内容的识别和分析是
动态多文档文摘建立在时间信息基础上, 从网络动态演化性出发, 对同一话题不同时段的文档集合进行分析, 在识别信息内容差异性的基础上, 对信息的动态演化性进行建模\动态多文档文摘
短距离无线通信是构建物联网的重要技术之一, 其中超宽带技术被认为是未来短距离无线通信的主流技术\短距离无线通信
如今, 室内定位已经成为超宽带技术一个重要的应用领域\室内定位
首先由时隙ALOHA算法完成首次识别, 剩余未成功识别的标签通过借鉴有线以太网中的协议思想, 应用于无线收发领域\无线收发领域
西门子系列PLC凭借出色的性能在工业应用场合得到了越来越广泛的应用, 而工控领域不仅仅拘泥于就地集控方式, 基于工业以太网络的远方集中监控应用也越来越广泛\远方集中监控应用
目前, 我国数据科学与大数据技术专业的建设已成为新的热点话题\数据科学
区间图以及单位区间图在生物计算上有着广泛的应用\生物计算
构造参数曲线曲面一直是计算机辅助几何设计研究的核心内容之一\构造参数曲线曲面
以Bernstein基函数构造的Bézier曲线是参数曲线造型最基本的方法, B样条曲线和NURBS曲线都是在其基础上发展而来\参数曲线造型
基于稀疏表示的表观似然模型在目标跟踪领域具有广泛的应用, 但是这种单一产生式目标表观模型并未考虑完整的判别性结构信息, 容易受复杂背景的干扰\目标跟踪领域
在参与式感知中, 满足数据请求者对数据类型和数据价值匹配的要求, 同时保护请求者和提供者的个人隐私, 是普及参与式感知需要解决的问题\参与式感知
近年来, 图的可达性查询已经成为一个研究热点\图的可达性查询
为了客观评价K线模式的可盈利性, 提出从数据挖掘的角度出发, 采用模式识别、模式聚类和模式知识挖掘的方法来对K线模式的盈利能力进行研究\数据挖掘
现有的服务聚类方法主要关注服务功能属性或QoS属性, 而没有考虑服务在网络中的社交属性, 随着服务数量的急速增长, 其面临着服务发现效率低等问题\没有考虑服务在网络中的社交属性
数据一致性是大数据质量管理研究的一个重要内容\数据一致性
针对电商平台的中文产品评论文本, 首先使用规则法抽取产品评论中所描述的维度信息, 然后分别针对各个维度计算维度情感\电商平台的中文产品评论文本
将粗糙集理论引入到AHP (analytic hierarchy process) 方法中, 提出一种基于粗糙集理论和信息熵的AHP判断矩阵构造方法\粗糙集
针对现有车载网资源利用率低的问题, 采用车联云VC这种适用于车载网络的新型云组织技术, 有机结合车载自组网与云计算, 利用云计算的高性能和虚拟化等特点, 搭建统一部署管理平台\现有车载网资源利用率低的问题
集成智慧照明领域先进的控制策略, 包括地理信息系统、灯具实时监测、终端控制、故障诊断与报警、统计和决策支持功能子模块\集成智慧照明领域
图数据分析在语义Web分析、社交网络、生物基因分析以及信息检索等领域有着广泛的应用\语义Web分析
图数据分析在语义Web分析、社交网络、生物基因分析以及信息检索等领域有着广泛的应用\社交网络
图数据分析在语义Web分析、社交网络、生物基因分析以及信息检索等领域有着广泛的应用\生物基因分析
图数据分析在语义Web分析、社交网络、生物基因分析以及信息检索等领域有着广泛的应用\信息检索
随着移动互联、物联网等信息技术的发展, 图数据的规模处于持续增长的状态\移动互联
随着移动互联、物联网等信息技术的发展, 图数据的规模处于持续增长的状态\物联网
因此, 如何在动态更新的图数据中进行高效的查询、匹配, 是目前研究的热点问题\动态更新的图数据中进行高效的查询、匹配, 
图作为一种表示复杂信息的数据结构, 被广泛应用于社交网络、知识图谱、语义网、生物信息学和化学信息学等领域\社交网络
图作为一种表示复杂信息的数据结构, 被广泛应用于社交网络、知识图谱、语义网、生物信息学和化学信息学等领域\知识图谱
图作为一种表示复杂信息的数据结构, 被广泛应用于社交网络、知识图谱、语义网、生物信息学和化学信息学等领域\语义网
图作为一种表示复杂信息的数据结构, 被广泛应用于社交网络、知识图谱、语义网、生物信息学和化学信息学等领域\生物信息学
图作为一种表示复杂信息的数据结构, 被广泛应用于社交网络、知识图谱、语义网、生物信息学和化学信息学等领域\化学信息学
近年来, 无线通信技术的迅猛发展推动了基于位置服务 (location-based services, 简称LBS) 的发展进程\基于位置服务 (location-based services, 简称LBS) 
而其中, 兴趣点 (point of interest, 简称POI) 查询是基于位置服务最重要的应用之一\兴趣点 (point of interest, 简称POI) 查询
人类基因组计划的成果推动了生物信息学研究的发展\生物信息学
基于疾病表型相似性策略寻找功能上存在联系的致病基因, 即表型相似基因, 具有重要的研究价值和广阔的应用前景, 是新兴的研究热点\表型相似基因
然而, 生物医学领域尚没有利用计算机方法开展基于基因-疾病-表型关系网络的表型相似基因搜索研究\生物医学领域
分析了近年来轨迹压缩领域的研究进展, 针对现有研究工作的不足, 提出了一种路网感知的在线轨迹压缩方法, 包括针对轨迹压缩的距离有界的隐马尔可夫地图匹配算法和误差有界的高效轨迹压缩算法等, 实现了该方法的原型系统ROADER (road-network aware and error-bounded trajectory compression) \轨迹压缩领域
自从社交网络成为重要的研究课题, 社交网络隐私保护也成为了重要的研究内容, 尤其是关于公开发布以供研究的大规模社交网络图数据的隐私保护\社交网络
调研了边缘计算的特征、基本概念和定义、最新研究进展以及边缘计算研究的挑战与发展趋势\边缘计算
最后介绍了近年来中国联通在边缘计算方面的研究成果\边缘计算
包括重要的边缘计算试点、联通未来边缘计算试点计划以及边缘计算的组网部署方案探索等内容\边缘计算
期望与产业界共同探讨边缘计算商业合作模式, 共建网络边缘生态, 全面推动5G业务的蓬勃发展\边缘计算
互联网、移动计算、物联网技术的进步推动了人-机-物环境的深度融合, 催生了一大批面向边缘用户的网络搜索、在线社会网络、电子商务、视频监控、智能助理等类型的边缘计算应用\网络搜索
互联网、移动计算、物联网技术的进步推动了人-机-物环境的深度融合, 催生了一大批面向边缘用户的网络搜索、在线社会网络、电子商务、视频监控、智能助理等类型的边缘计算应用\在线社会网络
互联网、移动计算、物联网技术的进步推动了人-机-物环境的深度融合, 催生了一大批面向边缘用户的网络搜索、在线社会网络、电子商务、视频监控、智能助理等类型的边缘计算应用\电子商务
互联网、移动计算、物联网技术的进步推动了人-机-物环境的深度融合, 催生了一大批面向边缘用户的网络搜索、在线社会网络、电子商务、视频监控、智能助理等类型的边缘计算应用\视频监控
互联网、移动计算、物联网技术的进步推动了人-机-物环境的深度融合, 催生了一大批面向边缘用户的网络搜索、在线社会网络、电子商务、视频监控、智能助理等类型的边缘计算应用\智能助理
随着移动互联网的飞速发展与相关技术的不断提升, 社交类应用已成为现下主流应用之一\互联网
通过单个传感器对家庭中各个电器的用电行为进行感知是普适计算中的一个重要应用, 其关键问题是电流分解, 即在给定总电流波形情况下计算各个电器的实际电流\普适计算
近年来, 深度学习在人工智能领域取得了巨大的成功, 它的成功给嵌入式系统中的人工智能应用带来了新的发展机遇\人工智能
语义Web刑法领域存在大量的模糊和非单调知识, 而这些知识无法用当前的规则语言和规则标记语言表示\语义Web刑法领域
高性能计算操作系统面临独特的需求与挑战, 这些需求与挑战涵盖并发与高效、系统弹性与容错、异构性、I/O和访存带宽、低噪等诸多方面\高性能计算操作系统
地理信息检索根据地理范围从文档中获取空间语义匹配的地理知识文档, 成为国内外信息检索和GIS领域的热点研究方向\信息检索
地理信息检索根据地理范围从文档中获取空间语义匹配的地理知识文档, 成为国内外信息检索和GIS领域的热点研究方向\GIS领域
为了深入理解和全面把握大数据相似性连接查询技术的研究进展, 更好地促进其在图片聚类、实体解析、相似文档检测、相似轨迹检索等领域的广泛应用, 对大数据相似性连接查询技术相关研究工作进行了深入调研和分析\图片聚类
为了深入理解和全面把握大数据相似性连接查询技术的研究进展, 更好地促进其在图片聚类、实体解析、相似文档检测、相似轨迹检索等领域的广泛应用, 对大数据相似性连接查询技术相关研究工作进行了深入调研和分析\实体解析
为了深入理解和全面把握大数据相似性连接查询技术的研究进展, 更好地促进其在图片聚类、实体解析、相似文档检测、相似轨迹检索等领域的广泛应用, 对大数据相似性连接查询技术相关研究工作进行了深入调研和分析\相似文档检测
为了深入理解和全面把握大数据相似性连接查询技术的研究进展, 更好地促进其在图片聚类、实体解析、相似文档检测、相似轨迹检索等领域的广泛应用, 对大数据相似性连接查询技术相关研究工作进行了深入调研和分析\相似轨迹检索
虽然互联网广告效果的相关研究已取得较好成果, 但仍缺乏对网页中各条目与广告间相互作用的深入研究, 也缺乏不同因素作用下用户行为和广告效果的透彻分析, 广告衡量标准也存在不足\互联网广告效果
频繁项集挖掘 (FIM) 是最基础的数据挖掘任务之一, 被挖掘数据集的特征对FIM算法的性能有着显著影响\数据挖掘
随着服务计算的快速发展, 涉及多领域的Web服务的规模迅速增加, 其中SOAP服务和REST服务最为流行, 已广泛应用于各行业中\Web服务
软件可靠性测试技术是保证软件质量的重要研究内容, 尤其是对航空航天、金融机构等高信度复杂软件尤为重要\金融机构
软件可靠性测试技术是保证软件质量的重要研究内容, 尤其是对航空航天、金融机构等高信度复杂软件尤为重要\航空航天
海量社交网络数据中蕴含着丰富的信息, 图论是挖掘这些信息的重要方法之一\社交网络
针对云服务安全评估时专家判断复杂的心理特征问题, 在区间犹豫模糊背景下提出一种改进的IVHFTODIM多属性决策方法\区间犹豫模糊
权限泄露是安卓应用中较为普遍存在的一类漏洞, 可导致较为严重的安全问题, 例如“串谋提权”等\安卓应用
随着移动互联网的快速发展, 智能手机特别是Android智能手机的用户日益增多, Android应用的安全缺陷层出不穷\移动互联网
随着移动互联网的快速发展, 智能手机特别是Android智能手机的用户日益增多, Android应用的安全缺陷层出不穷\ 智能手机
随着移动互联网的快速发展, 智能手机特别是Android智能手机的用户日益增多, Android应用的安全缺陷层出不穷\Android智能手机
最后给出了部分代码实现, 实践证明能够满足Android应用安全缺陷的静态检测需求\Android应用
与此同时, 信息安全事件发生的范围也随之扩大\信息安全
为了全面地应对信息安全风险, 要对信息安全风险进行建模评估\信息安全
传统的方法已经不能完全适应新的泛在网络安全需求, 需要对现有建模方法进行改进, 以实现对泛在网络风险的建模评估\网络安全
脑电信号采集过程中易受眼电干扰, 给脑电信号分析处理带来极大的不便, 由此提出了一种改进独立分量分析 (IICA) 自动去除眼电伪迹的方法\脑电信号采集过程
在计算机辅助脊椎的矫形手术过程中, 椎弓根螺钉的个性化设计是手术成功的重要部分\计算机辅助脊椎的矫形手术
针对心磁图仪诊断技术在临床上的普及需求和心磁图检查费用高昂的矛盾现状, 提出了一种基于巨磁阻抗传感器的心磁信号采集和信号处理方法\心磁图检查
以低碳产品销售为不确定市场环境为背景, 以Stackelberg博弈理论为方法, 以loss-averse为工具, 构建了双第三方回收低碳风险再制造闭环供应链模型, 研究了制造商低碳减排能力、碳排放征税政策、销售商风险厌恶程度和废旧低碳产品回收市场竞争特性等因素的影响作用机理;揭示非合作博弈和协调运作下, 订单数量、交易价格、低碳废旧产品回收价格等重要变量和节点企业收益、期望效用及整个链条收益的变化规律及隐含的经济意义与管理理念\不确定市场环境
随着全球人口老龄化趋势的加剧, 老年人的市场需求备受关注\全球人口老龄化
为深入研究物理对象, 把物理对象的属性信息分为社会域、信息域和物理域三个多域层次, 通过融合分析物理对象的多域属性信息, 发掘物理对象之间的关联特性, 能找出网络空间中物理对象之间隐含的关联情况\社会域
为深入研究物理对象, 把物理对象的属性信息分为社会域、信息域和物理域三个多域层次, 通过融合分析物理对象的多域属性信息, 发掘物理对象之间的关联特性, 能找出网络空间中物理对象之间隐含的关联情况\信息域
为深入研究物理对象, 把物理对象的属性信息分为社会域、信息域和物理域三个多域层次, 通过融合分析物理对象的多域属性信息, 发掘物理对象之间的关联特性, 能找出网络空间中物理对象之间隐含的关联情况\物理域
云转码产品在开发与运营阶段都涉及到视频文件库管理, 仅依靠视频文件的扩展名进行分类管理不能满足要求, 需要按照视频文件特定重点参数进行文件的分类管理, 并不断更新视频文件库的索引文件\云转码
n-精化关系在计算机科学领域中发挥着重要作用\计算机科学
FP-growth算法只能处理较小数据集, 在面对海量数据集时显得无能为力\海量数据
在使用互联网进行在线学习的过程中, 为了解决现有答疑方式答疑实时性差、准确度低、效率低的问题, 提出了一种基于语句相似度计算的智能答疑方案\在线学习
随着智慧企业与大数据概念的热点兴起, 众多制造业已聚焦于如何在产品全生命周期管理 (PLM) 过程中获取各种产品数据与知识并向企业提供有效的数据与知识服务\智慧企业
随着智慧企业与大数据概念的热点兴起, 众多制造业已聚焦于如何在产品全生命周期管理 (PLM) 过程中获取各种产品数据与知识并向企业提供有效的数据与知识服务\大数据
随着网络技术的发展, 安全事件不断出现, 如何实现整体的安全保护是一项重要的研究问题\网络技术
随着网络技术的发展, 安全事件不断出现, 如何实现整体的安全保护是一项重要的研究问题\安全事件
石油是地质勘探的重要对象, 被誉为“工业的血液”\地质勘探
数字重建放射影像算法 (DRR) 是TPS中的关键算法, 广泛用于实现射野验证、病人摆位等\射野验证
数字重建放射影像算法 (DRR) 是TPS中的关键算法, 广泛用于实现射野验证、病人摆位等\病人摆位
数字校园作为一个分布式的、无时空限制、便于使用的信息中心, 具有一种全新的组织和管理方式, 已成为当今数字化校园信息建设和发展的趋势\数字校园
随着国际油价持续低迷, 油田节能降耗工作成为各大油田降本增效的有效措施, 及时准确地掌握、分析各项重要的能耗数据是节能降耗目标实现的基础;同时, 随着智能油田建设的逐步推进, “石油云”、“油气生产物联网”等新课题、新应用迅速发展\石油云
随着国际油价持续低迷, 油田节能降耗工作成为各大油田降本增效的有效措施, 及时准确地掌握、分析各项重要的能耗数据是节能降耗目标实现的基础;同时, 随着智能油田建设的逐步推进, “石油云”、“油气生产物联网”等新课题、新应用迅速发展\油气生产物联网
在互联网时代, 数据成为了新的生产要素, 也成为了基础性资源和战略性资源, 同时还是重要的生产力\互联网
大数据服务业在全国广泛开展, 数据交易所纷纷成立\大数据服务业
这时, 数据质量就逐渐变成制约数据产业发展的关键问题\数据产业
首先, 按照时间顺序将数据质量的研究内容划分为3个阶段, 全面梳理和总结每个阶段的代表性成果, 包括理论、方法、技术、工具和框架;然后, 分析了在物联网、云计算和大数据环境下, 数据质量研究所面临的各种挑战和机遇;最后, 从数据质量模型、大数据质量管理、大数据质量相关技术、众包、物联网以及数据开放6个方面对数据质量的研究热点和发展方向进行了展望\物联网
首先, 按照时间顺序将数据质量的研究内容划分为3个阶段, 全面梳理和总结每个阶段的代表性成果, 包括理论、方法、技术、工具和框架;然后, 分析了在物联网、云计算和大数据环境下, 数据质量研究所面临的各种挑战和机遇;最后, 从数据质量模型、大数据质量管理、大数据质量相关技术、众包、物联网以及数据开放6个方面对数据质量的研究热点和发展方向进行了展望\云计算
首先, 按照时间顺序将数据质量的研究内容划分为3个阶段, 全面梳理和总结每个阶段的代表性成果, 包括理论、方法、技术、工具和框架;然后, 分析了在物联网、云计算和大数据环境下, 数据质量研究所面临的各种挑战和机遇;最后, 从数据质量模型、大数据质量管理、大数据质量相关技术、众包、物联网以及数据开放6个方面对数据质量的研究热点和发展方向进行了展望\大数据
针对无线网络中应用程序任务图的调度和迁移问题, 提出了一种快速高效的启发式算法\无线网络
为减轻并行多路径传输 (CMT) 中接收端的乱序程度, 文中提出了一种新的路径优化方案\并行多路径传输
为减轻并行多路径传输 (CMT) 中接收端的乱序程度, 文中提出了一种新的路径优化方案\CMT
Docker的发展使得操作系统级虚拟化的容器渐渐兴起, 容器即服务 (CaaS) 也越来越普及\容器即服务
然而, 随着物联网连接设备的爆炸式增长, 云计算已不能满足一些任务的调度需求, 如健康检测、应急响应等都需要较低的延迟, 雾计算应运而生\物联网
然而, 随着物联网连接设备的爆炸式增长, 云计算已不能满足一些任务的调度需求, 如健康检测、应急响应等都需要较低的延迟, 雾计算应运而生\云计算
然而, 随着物联网连接设备的爆炸式增长, 云计算已不能满足一些任务的调度需求, 如健康检测、应急响应等都需要较低的延迟, 雾计算应运而生\健康检测
然而, 随着物联网连接设备的爆炸式增长, 云计算已不能满足一些任务的调度需求, 如健康检测、应急响应等都需要较低的延迟, 雾计算应运而生\雾计算
然而, 随着物联网连接设备的爆炸式增长, 云计算已不能满足一些任务的调度需求, 如健康检测、应急响应等都需要较低的延迟, 雾计算应运而生\应急响应
雾计算将云的服务扩展到网络边缘\雾计算
为了发现线索, 提高数据质量, 提出了一种应用于计算机取证领域的基于约束的数据修复算法\计算机取证领域
随着基于地理位置的个性化服务的广泛应用, 用户偏好约束的空间关键词范围查询成为了研究热点\基于地理位置的个性化服务
在Web应用软件模型表示研究领域中, 研究对象主要为不含Ajax技术的应用程序\Web应用软件模型表示
对比模式挖掘是序列模式挖掘的一个重要分支, 带有密度约束的对比模式有助于生物学家发现生物序列中的特殊因子的分布情况\序列模式挖掘
目前室内家居设计平台有以下问题:室内场景建模操作的复杂性大, 布局设计人工干预比较多, 自动布局响应速度不理想等问题\室内家居
面向多时钟同步语言SIGNAL, 提出了一种SIGNAL模型到多线程Java代码生成过程\多时钟同步语言
基于模型诊断 (model-based diagnosis, MBD) 是人工智能领域一个极富有挑战性的问题\人工智能
阵列众核处理器由于其较高的计算性能和能效比已经被广泛应用于高性能计算领域\高性能计算
以Spark为代表的集群并行计算框架在大数据、云计算浪潮中广泛应用, 其运行性能优化是应用的关键\大数据
以Spark为代表的集群并行计算框架在大数据、云计算浪潮中广泛应用, 其运行性能优化是应用的关键\云计算
随着集成电路工艺的发展, 高性能计算系统中互连网络性能提升速度远低于处理器性能的提升, 互连网络带宽已成为制约高性能计算性能提高的瓶颈之一\集成电路
在计算神经科学领域, 大规模神经元网络的并行仿真对探索和揭示生物大脑中信息传递机制有着重要作用\计算神经科学
针对水上船舶用户对水下网络监测存在长延时和高费用问题, 结合水声传感网特点和水上船舶常用VHF通信设备, 采用嵌入式技术, 提出一种面向水上船舶用户的水声传感网和水上VHF通信网的无线网关设计方案, 对网关的软硬件系统进行设计\水下网络监测
视频质量评价有助于多媒体网络系统优化和视频编解码算法改进, 近年来已成为图像质量评价领域的热门研究方向\图像质量评价领域
如何从海量文本中自动提取有价值的观点信息已成为重要的技术挑战, 当下的观点挖掘方法大多数是在假设主题相互独立的前提下进行的, 但实际上主题与主题之间有着复杂的内在联系\观点挖掘
关节型工业机器人凭借其良好的灵活性和高效率的工作模式被广泛地应用于现代工业自动化生产之中, 例如搬运、码垛、焊接、切割等\现代工业自动化生产
轨迹规划是工业机器人运动控制的基础研究领域, 决定着其作业效率和运动性能\工业机器人
工业机器人的轨迹规划是指综合考虑作业需求和机器人性能, 在笛卡尔空间或关节空间内得出指导机器人末端执行器运动的轨迹\工业机器人
针对现有的语音增强算法存在增强效果差、语音信号失真等问题, 提出了稀疏低秩模型及改进型相位谱补偿的语音增强算法\语音增强
大气再分析产品涵盖了历史一段时期内的大气温度、压强、湿度、风速风向等变量的四维格点化信息, 可以广泛应用到气候变化、武器装备设计等多个领域\气候变化
大气再分析产品涵盖了历史一段时期内的大气温度、压强、湿度、风速风向等变量的四维格点化信息, 可以广泛应用到气候变化、武器装备设计等多个领域\武器装备设计
结果表明:本体在表达知识领域概念和关联方面弥补了以往研究中范围确定不完善的缺陷, 可为后续正确做出变更决策奠定基础\表达知识
大数据时代下, 数据类型和组织模式多样化、关联关系繁杂、质量良莠不齐等内在的复杂性使得数据的感知、表达、理解和计算等多个环节面临着巨大的挑战\大数据
数据预处理是数据分析、挖掘前一个非常重要的数据准备工作\数据分析
综合模块化航空电子系统 (IMA) 在飞机机载航空电子系统领域应用广泛, 已经成为飞机机载系统的重要的系统结构和发展趋势\飞机机载航空电子系统
在计算机与通信网络紧密结合的时代, 智能电网中的数据处理需要依靠计算机集群来完成, 数据传输主要依靠高性能计算网络完成, 而高性能计算网络在广域网中主要依赖于TCP协议来实现\ 智能电网
随着科技创安工作的不断深入开展, 监控系统建设和应用也得到了飞速发展, 监控系统在日常的城市管理、治安管理、案件侦破、反恐等诸多方面发挥了极其重要的作用, 设计和研究基于计算机软硬件的视频监控系统显得十分迫切\城市管理
随着科技创安工作的不断深入开展, 监控系统建设和应用也得到了飞速发展, 监控系统在日常的城市管理、治安管理、案件侦破、反恐等诸多方面发挥了极其重要的作用, 设计和研究基于计算机软硬件的视频监控系统显得十分迫切\治安管理
随着科技创安工作的不断深入开展, 监控系统建设和应用也得到了飞速发展, 监控系统在日常的城市管理、治安管理、案件侦破、反恐等诸多方面发挥了极其重要的作用, 设计和研究基于计算机软硬件的视频监控系统显得十分迫切\案件侦破
随着科技创安工作的不断深入开展, 监控系统建设和应用也得到了飞速发展, 监控系统在日常的城市管理、治安管理、案件侦破、反恐等诸多方面发挥了极其重要的作用, 设计和研究基于计算机软硬件的视频监控系统显得十分迫切\反恐
针对海量地形数据存储空间大的瓶颈, 提出了基于视域改进的LRU算法\海量地形数据
物联网环境下楼宇安全逃生系统集火警监测、外部数据采集、消防联动、智能移动终端、逃生路线动态规划等功能于一体, 解决现今存在的火灾发生时安全疏散问题, 如楼层指示灯无法告知人们此通道是否存在安全隐患、不能告知人们此通道是否为最佳路线, 火灾现场状况等安全问题\物联网
此项目主要应用于大型商场、高级建筑物等场合\大型商场
此项目主要应用于大型商场、高级建筑物等场合\高级建筑物
对地理网络空间学进行研究, 将地理测绘的理论、方法和技术手段运用于网络空间态势感知, 已成为测绘与网络两个领域研究人员共同关注的热点问题\测绘与网络
Fuzzing技术是现阶段用于漏洞挖掘的主流技术, 目前绝大多数的软件漏洞都是利用该技术发现的\漏洞挖掘
最后, 总结了图稀疏领域有待解决的问题并展望了未来的研究方向\图稀疏领域
实验结果表明, 该方法能够及时反映P2P平台的风险宏观运营情况, 并向投资者提供平台的动态风险评估和预测指标\P2P平台
位置服务 (Location-based Service, LBS) 已经成为日常生活的重要组成部分\位置服务 (Location-based Service, LBS)
以上优化方法也可以为金融领域内其他算法的GPU化提供思路\金融
在网络安全形势与挑战日益严峻复杂的环境下, 网络安全日志可视化作为新兴交叉领域, 能够将抽象的数据信息转化为可视图呈现, 从而更直观地分析网络安全特征, 实时响应网络事件, 全方位感知网络安全态势, 提高网络安全技术的实时性、有效性和可控性\ 网络安全日志可视化
首先分析了传统网络安全技术的特点以及日志分析的现有问题, 指出可视化分析的必要性;其次对网络安全日志可视化的三要素 (人、事、物) 和流程进行了定义, 引入图技术并按照基础图、常规图和新颖图进行了归纳, 为进一步研究提供了思路;然后重点阐述了防火墙、入侵系统、网络负载、主机状态和多源大数据融合五类日志可视化分析技术, 并深入研究其方法特点以及代表作品;最后对未来可视化技术发展的本质方向提出了以人为本、以图为媒的展望\防火墙、入侵系统、网络负载、主机状态
首先分析了传统网络安全技术的特点以及日志分析的现有问题, 指出可视化分析的必要性;其次对网络安全日志可视化的三要素 (人、事、物) 和流程进行了定义, 引入图技术并按照基础图、常规图和新颖图进行了归纳, 为进一步研究提供了思路;然后重点阐述了防火墙、入侵系统、网络负载、主机状态和多源大数据融合五类日志可视化分析技术, 并深入研究其方法特点以及代表作品;最后对未来可视化技术发展的本质方向提出了以人为本、以图为媒的展望\多源大数据融
确保Web服务在满足用户功能性需求的前提下保护用户的隐私信息, 是Web服务隐私保护的关键问题\Web服务隐私保护
联盟结构核是人工智能领域中的一个重要研究内容, 特别是生成满足核要求的联盟结构及其分配, 是当前主要的研究任务\联盟结构核
经验研究在软件工程领域已经得到广泛的应用并备受关注\经验研究
情绪标注研究已经取得了很多优秀的成果, 但仍然存在着一些问题:1) 传统的方法将整个文档看作单词流或词袋, 不能对句子间的逻辑关系进行建模, 在文档中的句子间包含逻辑关系时, 这些方法无法适当地表达文档的语义;2) 这些方法只用了文档本身的语义, 忽略了与该文档相关的其他信息源中信息, 而这些信息源对该文档的语义表达也有一定的影响\情绪标注
基于信息检索的开放领域问答系统, 其主要原理是先使用语义分析工具和知识库获得确定性的语义和知识等信息, 然后再进行问答句匹配度计算\信息检索
传播路径是社交网络谣言传播动力学的重要研究内容, 定义传播路径的特征参数并研究各参数在谣言传播中的作用是十分重要的\交网络谣言传播动力学
数字信号处理器 (DSP) 广泛应用于各类工业领域和军事装备领域, OpenCV是业界通用的开源图像处理算法库, 但目前鲜有针对DSP平台的OpenCV移植和优化实现\各类工业领域和军事装备领域
随着网络技术的发展, 互联网中越来越多的资源被应用于信息检索中, 大量的研究表明, 社会化标注可以用于改善信息检索\信息检索
目前Android应用漏洞检测方法分为静态分析和动态分析\Android应用
城市可视性在城市作战中具有重要的作用, 可视性情况是指挥员必须要考虑的作战要素之一\城市可视性
近年来, 随着通用航空和旋翼无人机的飞速发展, 对相关空域的安全性监视与管理提出了迫切要求\通用航空
近年来, 随着通用航空和旋翼无人机的飞速发展, 对相关空域的安全性监视与管理提出了迫切要求\旋翼无人机
随着计算机动画在各种应用中的日益普及, 市场上出现了很多人体运动捕获设备, 人们使用这些设备制作了大量的人体运动数据库\计算机动画
威胁情报具有数据内容丰富、准确性高、可自动化处理等特点, 将其用于网络安全分析中可以有效提高安全防御能力\网络安全分析
图 (Graph) 在众多的科学领域和工程领域 (如模式识别和计算机视觉) 中具有广泛的应用, 其具备强大的信息表达能力\模式识别
图 (Graph) 在众多的科学领域和工程领域 (如模式识别和计算机视觉) 中具有广泛的应用, 其具备强大的信息表达能力\计算机视觉
近几十年来, 对图匹配相关技术和算法的研究已经成为了研究领域内的一个重要课题, 尤其是随着大数据时代的来临, 图作为数据之间关系的一种表示形式, 将会受到越来越多的关注\对图匹配
语义向量差异性度量是采用深度学习方法解决自然语言处理领域问题的重要基础\自然语言处理领域
目前, 可信群体识别方面的研究主要集中在云计算和在线社交网络领域, 且大多采用全局信任的计算方式, 未考虑用户的个性化信任因素, 无法适用于面向O2O服务的个性化移动社交网络\可信群体识别
三支决策是不确定问题求解的重要理论\不确定问题求解
实验数据充分说明, 优化并行框架的GPU处理系统中相关的逻辑数据、地址数据和线性寻程的函数映射关系均能相互动态分配对接并优化算法架构, 实现软件到硬件系统的最优比映射, 最终解决由于线程间负载不均衡导致的性能瓶颈问题, 从而有效地化解了医学领域实时检测中的时效性这一难题\医学领域
图着色问题一直是计算机科学和数学领域最著名和经典的研究问题之一\计算机科学
图着色问题一直是计算机科学和数学领域最著名和经典的研究问题之一\数学领域
粒计算主要研究粒的构造、解释、表示、粒度的选择以及用规则形式所描述的粒与粒之间的关系等\粒计算
随着服务计算的发展, 越来越多的资源以服务的形式发布与使用, 服务提供商间的竞争日趋激烈, 合作共赢成为必然趋势, 但考虑质量约束关系服务组合优化问题复杂性大大增强\服务计算
该文从云服务本身、云服务接口和网络接口三个方面研究了云计算平台存在的安全威胁\云计算
SaaS (Software as a Service) 应用是以云计算资源为基础, 以按需定制及按需付费的服务模式向用户提供云计算软件服务的应用系统\SaaS (Software as a Service)
栅栏覆盖是当前无线传感器网络研究的一个重要研究热点\无线传感器网络
遥感影像的存储与查询是地理信息处理中重要的内容, 在海量遥感影像的实时处理中发挥着重要作用\遥感影像
遥感影像的存储与查询是地理信息处理中重要的内容, 在海量遥感影像的实时处理中发挥着重要作用\遥感影像
将机器学习中的数据挖掘、数据分析算法与交通安全领域相结合, 对完善我国驾驶人行为谱框架体系具有理论意义, 为我国驾驶人行为谱的研究提供了一个科学、定量化分析的工具, 对交管部门规范驾驶人驾驶行为、提高道路安全指数、制定合理的交通安全管理策略具有指导意义\机器学习
单目视觉里程计不仅能为移动机器人提供导航避障等功能, 在无人驾驶等领域中也有更广阔的应用价值\无人驾驶
信息共享时代下, 数据发布与数据挖掘中存在的隐私保护问题一直是信息安全领域研究的重点\信息安全
除此之外, 有着严格数学证明的差分隐私保护技术, 因其克服了传统隐私保护模型需要背景知识假设和无法定量分析隐私保护水平的缺点, 近年来也迅速成为了隐私保护领域研究的热点\隐私保护领域
识别癌症驱动基因有利于理解癌症发病原理和发展进程以及研发癌症药物或进行靶向治疗, 是生物信息学中的重要问题\生物信息学
知识图谱 (knowledge graph, KG) 中实体间缺失关系的补全, 是目前KG领域研究的热点之一\知识图谱 (knowledge graph, KG)
建立在真实数据之上的实验结果表明, 所提方法对KG的补全是有效的\KG
物联网可用于收集大量与位置和时间相关的信息, 如智能消防、智能交通、环境监测信息等\物联网
因此, 提出了基于位置的数字签名, 将其作为解决物联网中时空敏感数据安全问题的方案\物联网
判断问题相似是社区问答 (community question answer, CQA) 中很重要的一个研究方向\社区问答
判断问题相似是社区问答 (community question answer, CQA) 中很重要的一个研究方向\community question answer
判断问题相似是社区问答 (community question answer, CQA) 中很重要的一个研究方向\CQA
社区问答中的问题通常由主题和描述构成\社区问答
由于社区问答的开放性, 用户的提问长短不一, 而问题中会包含大量干扰模型判断问题是否相似的背景信息\社区问答
快速傅里叶变换 (Fast Fourier Transform, FFT) 是数字信号处理、图像处理等领域的基本研究工具\数字信号处理
快速傅里叶变换 (Fast Fourier Transform, FFT) 是数字信号处理、图像处理等领域的基本研究工具\图像处理
针对安卓应用容易被恶意逆向工程, 引起代码注入、隐私数据泄露和侵害知识产权等安全问题\安卓应用
该算法受到经济学领域的收入分配基尼系数的启发, 通过对网络负载分配基尼系数的监控, 最终完成区域内服务任务的公平调度\经济学
随着软件定义联网 (software defined networking, SDN) 的不断发展与完善, 未来互联网将会由多个SDN网络互联, 各管理域通过其域内控制平面, 对其数据平面进行集中式管控\软件定义联网
该系统实现了景区智能查询分析、景区路径规划、路径导航、最佳可视点分析等功能, 实现了多种游览方式的智能组合, 满足了旅游景区虚拟化的体验\旅游景区虚拟化
立体匹配是图像处理领域的经典问题和研究热点之一\立体匹配
Web服务组合是服务计算领域的重要研究内容\服务计算领域
由于不需要目标对象携带相关设备, 因此可以广泛应用于多种场合, 如老人健康护理等\老人健康护理
为了解决气象服务领域隐含知识难以发现、概念处理不够准确的问题, 在形式概念分析理论指导下, 给出气象服务领域知识发现和表示模型\气象服务领域
最后, 提出了数据科学在管理学科学研究应用中的趋势, 即范式融合、大数据利用、场景融合、专家合作\管理学科学研究应用
非负矩阵分解 (NMF) 已经成为数据挖掘、信息检索和信号处理的一个非常重要的工具\数据挖掘
非负矩阵分解 (NMF) 已经成为数据挖掘、信息检索和信号处理的一个非常重要的工具\信息检索
非负矩阵分解 (NMF) 已经成为数据挖掘、信息检索和信号处理的一个非常重要的工具\信号处理
聚类分析是一种重要的数据挖掘工具, 可以衡量不同数据之间的相似性, 并把它们分到不同的类别中, 在模式识别、经济学和生物学等领域有着广泛的应用\模式识别
聚类分析是一种重要的数据挖掘工具, 可以衡量不同数据之间的相似性, 并把它们分到不同的类别中, 在模式识别、经济学和生物学等领域有着广泛的应用\经济学
聚类分析是一种重要的数据挖掘工具, 可以衡量不同数据之间的相似性, 并把它们分到不同的类别中, 在模式识别、经济学和生物学等领域有着广泛的应用\生物学
首先, 提出微簇时态密度的概念, 并用其对微簇进行描述;其次, 提出新的微簇删除、合并的机制, 能够根据在线微簇的情况动态地添加微簇的数量;最后, 应用并行化的框架将算法并行化, 以适应海量实时大数据的需求\海量实时大数据
精准地抽取Web页面中正文内容, 在许多Web挖掘研究领域有着重要的应用价值\Web挖掘研究领域
腺管的自动识别在乳腺癌的组织病理学诊断中十分关键, 因为腺管密度是乳腺癌分级中的一个重要因子\乳腺癌的组织病理学诊断
超像素是近年来快速发展的一种图像预处理技术, 被广泛应用于计算机视觉领域\计算机视觉领域
社交关系的数据挖掘一直是大图数据研究领域中的热门问题\大图数据研究
各种集成位置服务 (LBS) 的社交和旅游类APP的广泛应用, 产生了大量轨迹空间数据, 利用这些轨迹数据挖掘游客聚集密度高的热门景点区域, 对景区的智慧服务和应急管理具有重要意义\利用这些轨迹数据挖掘游客聚集密度高的热门景点区域
针对现有基于粒子群优化的模糊C均值 (Fuzzy C-means, FCM) 聚类算法的聚类效果不佳的问题, 提出一种基于改进粒子群优化的模糊C均值聚类算法, 并将该聚类算法应用到移动界面模式的聚类中\移动界面模式的聚类
首先, 利用直觉模糊熵的几何解释和约束构造合理的直觉模糊熵;然后, 在粒子群优化中使用直觉模糊熵判断种群的多样性程度, 并引入混沌反向学习策略来提高全局搜索能力;最后, 为了增强聚类算法的非线性处理能力, 在聚类算法中加入高斯核函数, 并将该聚类算法应用到移动界面模式的聚类中\移动界面模式的聚类
移动界面模式聚类的实验表明, 与现有聚类算法相比, 文中所提聚类算法具有更好的聚类效果\移动界面模式聚类
哈希算法在大规模的数据检索中得到了越来越广泛的应用, 但目前无论是基于学习的哈希还是基于随机投影的哈希都是为静态数据集设计的, 无法对动态的数据库或者动态的网页进行近邻搜索\大规模的数据检索
对新闻评论进行增量聚类可以有效地发现网民对新闻事件的观点, 在舆情分析领域具有十分重要的意义\舆情分析
随着各种新兴媒体的发展, 在数据挖掘领域出现了越来越多的新问题和新任务, 关联聚类问题就是其中之一, 最近受到越来越多的关注\数据挖掘
现实中有很多问题可以使用关联聚类技术来处理, 比如图像分割和垃圾邮件过滤等\图像分割
现实中有很多问题可以使用关联聚类技术来处理, 比如图像分割和垃圾邮件过滤等\垃圾邮件过滤
随着移动互联网的流行, 人们在旅游过程中留下的位置数据越来越多, 给旅游景点挖掘提供了很好的数据来源\移动互联网
如何将文本进行聚类挖掘有价值的信息成为自然语言研究领域当前的热点\文本进行聚类挖掘有价值的信息
如何将文本进行聚类挖掘有价值的信息成为自然语言研究领域当前的热点\自然语言研究领域
无监督聚类技术不仅能很好地解决传统实体解析过程中存在的聚类效率和质量问题, 而且还能利用已有的聚类结果对快速演化的数据进行增量解析, 进而进一步满足大数据环境下亟需的增量解析需求\大数据环境
聚类分析是数据挖掘领域中最重要的任务之一, 目前许多聚类算法已经被成功应用到图像聚类、文本聚类、信息检索、社交网络等领域\数据挖掘
聚类分析是数据挖掘领域中最重要的任务之一, 目前许多聚类算法已经被成功应用到图像聚类、文本聚类、信息检索、社交网络等领域\图像聚类
聚类分析是数据挖掘领域中最重要的任务之一, 目前许多聚类算法已经被成功应用到图像聚类、文本聚类、信息检索、社交网络等领域\文本聚类
聚类分析是数据挖掘领域中最重要的任务之一, 目前许多聚类算法已经被成功应用到图像聚类、文本聚类、信息检索、社交网络等领域\信息检索
聚类分析是数据挖掘领域中最重要的任务之一, 目前许多聚类算法已经被成功应用到图像聚类、文本聚类、信息检索、社交网络等领域\社交网络
对互联网产生的大量短文本进行聚类分析具有重要的应用价值, 但由于短文本存在特征稀疏和特征难以提取的问题, 导致传统的文本聚类算法难以有效处理该问题\互联网
最终将所提出算法与部分较优秀算法在多个数据集上展开聚类效果比较, 验证提出的ADNC-SC算法的有效性, 并将其应用于人脸识别\人脸识别
在特征选取高斯混合模型聚类目标函数基础上, 利用聚类像素所对应邻域内所有像素的分类先验信息并结合马尔可夫随机场理论, 确定像素分类先验概率, 并通过KL散度将其作为尺度参数引入到特征选取高斯混合模型聚类目标函数, 采用最优化方法获取迭代求解的隶属度、聚类中心等表达式, 并以此给出相应的图像分割算法\图像分割
鉴于线性文本内容组织形式的有序性, 将有序的主题内容进行正确的划分, 用于挖掘文本中隐藏的信息、知识, 是一个值得研究的问题\挖掘文本
针对网络中海量的Web服务聚类时, 因其表征数据稀疏而导致使用传统建模方法所获效果不理想的问题, 提出了一种基于BTM主题模型的Web服务聚类方法\海量的Web服务聚类
最后将该算法应用于某打印机拆卸线实例中, 求得8种可选平衡方案, 实现了求解结果的多样性\某打印机拆卸线实例
为了进一步提高复杂双人博弈游戏中搜索算法的计算效率, 还结合了几种常见的剪枝策略\复杂双人博弈游戏
最后将改进的鸡群优化算法 (CICSO) 应用于DTI-FA图像配准\图像配准
提出一种改进的果蝇优化算法, 将其应用在多目标搜索领域, 并成功使用该算法解决了一种多目标背包问题\多目标搜索领域
针对自适应差分进化算法在进化后期种群多样性减少和搜索精度低的问题, 本文提出一种基于质心的自适应差分进化算法, 并将该算法应用于自动生成软件测试数据\自动生成软件测试数据
鉴于果蝇优化算法与遗传算法等常用算法属于同一类型智能算法, 且果蝇优化算法具有计算量小, 复杂度低, 寻优精度高等优点, 故将果蝇优化算法运用到软件测试领域内, 通过路径覆盖来实现测试数据的自动生成;并且针对果蝇优化算法表现出的易陷入局部最优问题, 融入了一种新的混沌策略, 对每次迭代过程中最优个体进行了改进, 在保留优秀个体的同时, 增加种群的多样性, 优化全局搜索能力\软件测试领域
最后, 本文通过两组仿真实验, 分别对比了在不同迭代次数下的覆盖率, 及覆盖全部目标路径下的评价次数与运行时间, 均取得较好的实验效果, 验证了本文方法在路径覆盖测试领域内的有效性\路径覆盖测试领域
非线性方程的求根在计算机辅助几何设计、计算机图形学、信号处理、机器人等方面有着较为广泛的应用\计算机辅助几何设计
非线性方程的求根在计算机辅助几何设计、计算机图形学、信号处理、机器人等方面有着较为广泛的应用\计算机图形学
非线性方程的求根在计算机辅助几何设计、计算机图形学、信号处理、机器人等方面有着较为广泛的应用\信号处理
非线性方程的求根在计算机辅助几何设计、计算机图形学、信号处理、机器人等方面有着较为广泛的应用\机器人
为解决该问题, 提出一种带有预生成策略的离散粒子群优化算法应用于任务调度问题中\任务调度问题
符号执行作为一种基本的程序分析技术, 已被广泛应用于软件测试领域\软件测试领域
低秩矩阵修补是机器学习和数据分析中的核心问题, 被广泛应用于协同过滤、降维处理、多任务学习和模式识别等领域\协同过滤
低秩矩阵修补是机器学习和数据分析中的核心问题, 被广泛应用于协同过滤、降维处理、多任务学习和模式识别等领域\降维处理
低秩矩阵修补是机器学习和数据分析中的核心问题, 被广泛应用于协同过滤、降维处理、多任务学习和模式识别等领域\多任务学习
低秩矩阵修补是机器学习和数据分析中的核心问题, 被广泛应用于协同过滤、降维处理、多任务学习和模式识别等领域\模式识别
最后将该算法应用于求解伸缩绳设计优化问题\求解伸缩绳设计优化问题
01背包问题是经典的组合优化问题, 被广泛应用于生活中的多个领域, 如货物装载、预算控制、资源分配和资产管理等\货物装载
01背包问题是经典的组合优化问题, 被广泛应用于生活中的多个领域, 如货物装载、预算控制、资源分配和资产管理等\预算控制
01背包问题是经典的组合优化问题, 被广泛应用于生活中的多个领域, 如货物装载、预算控制、资源分配和资产管理等\资源分配
01背包问题是经典的组合优化问题, 被广泛应用于生活中的多个领域, 如货物装载、预算控制、资源分配和资产管理等\资产管理
将ISFLA用于CEC2005和CEC2015连续基准函数的优化测试和基于Renyi熵的灰度和彩色图像分割的多阈值选择实验中, 结果表明, 与SFLA和state-of-the-art的LSFLA相比, ISFLA具有更高的优化效率, 更适用于多阈值图像分割的阈值选择\多阈值图像分割
点覆盖是一个著名的NP难解问题, 在通信网络和生物信息学等领域具有重要应用\通信网络和生物信息学
在射频识别的 (radio frequency identification, RFID) 的应用中, 当多个标签同时出现在读写器范围内进行信息传输时, 会出现“碰撞”现象, 使阅读器无法正常工作\射频识别
在射频识别的 (radio frequency identification, RFID) 的应用中, 当多个标签同时出现在读写器范围内进行信息传输时, 会出现“碰撞”现象, 使阅读器无法正常工作\RFID
针对目前路网环境下海量轨迹数据压缩效率低下的问题, 提出了一种基于预测模型的轨迹数据压缩方法 (CTPM) \路网环境
针对传统遗传神经网络算法易出现的早熟收敛及锯齿等现象, 提出一种新型算法应用于土壤墒情预测\土壤墒情预测
RNA结合蛋白在选择性剪贴、RNA编辑及甲基化等多种生物功能中发挥非常重要的作用, 从氨基酸序列预测这些蛋白的功能成为基因组功能注释领域的重要挑战之一\选择性剪贴
RNA结合蛋白在选择性剪贴、RNA编辑及甲基化等多种生物功能中发挥非常重要的作用, 从氨基酸序列预测这些蛋白的功能成为基因组功能注释领域的重要挑战之一\RNA编辑
RNA结合蛋白在选择性剪贴、RNA编辑及甲基化等多种生物功能中发挥非常重要的作用, 从氨基酸序列预测这些蛋白的功能成为基因组功能注释领域的重要挑战之一\甲基化
实验结果表明:模型在处理大规模序列数据时具有明显的优势\处理大规模序列数据
针对时空众包环境下任务分配随机性过高且效用值不理想的问题, 提出一种基于统计预测的自适应阈值算法\时空众包环境
访问控制是保障秘密信息免受非法访问及获取的关键技术之一, 基于信任机制的访问控制是其常用的方法\保障秘密信息免受非法访问及获取
针对此问题, 提出一种基于经验模态分解-自回归 (EMD-AR) 改进的组合模型——EMD-ARXG模型, 应用于复杂网络舆情的预测\复杂网络舆情的预测
该方法综合考虑蛋白质宏观和微观层面的信息, 将蛋白质家族、结构域和重要位点信息作为顶点属性整合到PPI网络中以减轻网络中数据噪声的影响\蛋白质宏观
该方法综合考虑蛋白质宏观和微观层面的信息, 将蛋白质家族、结构域和重要位点信息作为顶点属性整合到PPI网络中以减轻网络中数据噪声的影响\微观层面
针对单任务时间序列中存在的信息挖掘不充分、预测精度低等问题, 提出了一种基于多任务最小二乘支持向量机 (MTLS-SVM) 的时间序列预测方法\单任务时间序列
网络空间认知域安全是网络空间安全的重中之重, 而认知域特征预测是研究网络空间认知域安全的基础\网络空间认知域安全
首先, 明确了社交网络用户个体认知域特征预测在网络空间认知域安全中的地位;接着, 从预测流程、特征选取和模型建立3个方面综述了国内外在社交网络用户认知域特征预测方面的研究, 并针对国内典型社交网络用户样本特征, 指出了研究中存在的问题, 进而提出一些可能的研究思路和方法;最后, 总结了该领域当前面临的挑战与存在的不足, 以及有待重点研究的相关问题\网络空间认知域安全
符号网络在社会学、信息学、生物学等多个领域存在广泛应用\社会学
符号网络在社会学、信息学、生物学等多个领域存在广泛应用\信息学
符号网络在社会学、信息学、生物学等多个领域存在广泛应用\生物学
通过在社交网络正负符号预测、广告点击率预测及森林类型预测这3个不同真实数据集上的实验结果表明:C2CDF能够在拥有更高准确性的同时, 获得2\社交网络正负符号预测
通过在社交网络正负符号预测、广告点击率预测及森林类型预测这3个不同真实数据集上的实验结果表明:C2CDF能够在拥有更高准确性的同时, 获得2\广告点击率预测
通过在社交网络正负符号预测、广告点击率预测及森林类型预测这3个不同真实数据集上的实验结果表明:C2CDF能够在拥有更高准确性的同时, 获得2\森林类型预测
3倍的加速比, 而且拥有良好的泛化性, 不仅应用在了社交网络正负符号预测方面, 也能作用于广告点击预测等其他领域\社交网络正负符号预测
3倍的加速比, 而且拥有良好的泛化性, 不仅应用在了社交网络正负符号预测方面, 也能作用于广告点击预测等其他领域\广告点击预测
针对高效视频编码 (HEVC) 帧内预测过程中的高计算复杂度问题, 提出一种基于纹理特征的预测模式选择和编码单元划分的快速帧内预测算法\高效视频编码
针对高效视频编码 (HEVC) 帧内预测过程中的高计算复杂度问题, 提出一种基于纹理特征的预测模式选择和编码单元划分的快速帧内预测算法\HEVC
实验数据表明, 在保证信噪比和比特率基本不变的同时, 所提算法能有效降低编码复杂度, 利于HEVC的实时视频应用\HEVC
为了适应Web数据信息高度动态化的发展趋势, 针对知识图谱的补全更新实时性欠佳的问题, 提出一种知识图谱补全的链接预测方法\知识图谱的补全
链接预测是社会网络分析领域的关键问题\社会网络分析领域
因此, 基于机器学习的迭代编译方法是当前迭代编译领域内的一个研究热点, 其研究挑战在于学习算法选择、优化参数搜索以及程序特征表示等问题\学习算法选择
因此, 基于机器学习的迭代编译方法是当前迭代编译领域内的一个研究热点, 其研究挑战在于学习算法选择、优化参数搜索以及程序特征表示等问题\优化参数搜索
因此, 基于机器学习的迭代编译方法是当前迭代编译领域内的一个研究热点, 其研究挑战在于学习算法选择、优化参数搜索以及程序特征表示等问题\程序特征表示
针对目前移动无线传感器网络中现有位置预测方法的预测精度较低以及需要依靠大量的历史运动路径数据的不足, 提出了一种基于不确定性支持向量机的“角度-分类” (A-USVC) 位置预测方法\移动无线传感器网络
在智能交通系统流量预测的应用背景下, 提出一种以复杂事件处理技术为基础的上下文敏感预测方法\智能交通系统流量预测
相较于传统感知网络, 移动群智感知网络在部署和维护成本上有着较大优势, 在智能交通系统中得到了越来越多的应用\智能交通系统
实验表明, CSA-SSVR在移动群智感知环境下对于交通状态预测问题的准确性较高\移动群智感知环境
为克服软件缺陷预测中的类不平衡问题, 提出机器学习模型GA-FSVM\软件缺陷预测
针对软件缺陷预测中数据集特征信息冗余、维度过大的问题, 结合深度学习对数据特征强大的学习能力, 提出了一种基于深度自编码网络的软件缺陷预测方法\软件缺陷预测
