针对夜间车辆检测精度相对不高的问题, 提出通过构建车头灯对空间几何关系的高斯混合模型 (GMM) 和采用逆投影车辆样本的Ada Boost分类器准确检测夜间车辆的方法\逆投影车辆样本
首先, 在交通场景中根据车头灯对的空间位置关系设置逆投影面, 通过图像预处理粗定位车灯区域;其次, 在逆投影图像下利用车头灯对的空间几何关系构建车灯对的高斯混合模型, 初步匹配车头灯对;最后, 采用逆投影车辆样本, 利用Ada Boost分类器进一步准确检测车辆\逆投影车辆样本
首先, 通过方向梯度值 (HOG) 有效地改进MSER方法, 增强MSER方法对低对比度图像的鲁棒性, 并在色彩空间分别求取最大稳定极值区域;其次, 利用贝叶斯模型进行分类, 主要采用笔画宽度、边缘梯度方向、拐角点三个平移旋转不变性特征剔除非字符区域;最后, 利用字符的几何特性将字符整合成文本行, 在公共数据集国际分析与文档识别 (ICDAR) 2003和ICDAR 2013评估了算法性能\国际分析与文档识别
首先, 通过方向梯度值 (HOG) 有效地改进MSER方法, 增强MSER方法对低对比度图像的鲁棒性, 并在色彩空间分别求取最大稳定极值区域;其次, 利用贝叶斯模型进行分类, 主要采用笔画宽度、边缘梯度方向、拐角点三个平移旋转不变性特征剔除非字符区域;最后, 利用字符的几何特性将字符整合成文本行, 在公共数据集国际分析与文档识别 (ICDAR) 2003和ICDAR 2013评估了算法性能\ICDAR
首先, 通过方向梯度值 (HOG) 有效地改进MSER方法, 增强MSER方法对低对比度图像的鲁棒性, 并在色彩空间分别求取最大稳定极值区域;其次, 利用贝叶斯模型进行分类, 主要采用笔画宽度、边缘梯度方向、拐角点三个平移旋转不变性特征剔除非字符区域;最后, 利用字符的几何特性将字符整合成文本行, 在公共数据集国际分析与文档识别 (ICDAR) 2003和ICDAR 2013评估了算法性能\ICDAR
在LIDC-IDRI数据集上的大量实验结果表明, 所提方法在肺部CT影像中对微、小结节的检出率较高;同时, 重点检测模板能够小幅降低微、小结节检测的假阳率\LIDC-IDRI数据集
采用武汉暴雨研究所提供的实测基数据进行测试和验证, 能较为准确地识别出小切变\实测基数据
该方法以Faster R-CNN模型为基础, 通过对输入图像进行卷积和池化等操作提取车辆特征, 结合多尺度训练和难负样本挖掘策略降低复杂环境的影响, 利用KITTI数据集对深度神经网络模型进行训练, 并采集实际场景中的图像进行测试\KITTI
在公开的MSRA-1000数据测试集上与6种主流方法进行对比实验, 结果表明, 所提出的显著性目标检测方法对复杂边界信息具有更强的鲁棒性, 并能有效抑制背景噪声\MSRA-1000数据测试集
在KBP 2015评测语料上的实验结果显示, 该方法是有效的, 并且性能比baseline方法有显著提高\KBP 2015
通过在Replay-Attack和CASIAFASD数据库上与现有的人脸活体检测算法做比较, 验证了该算法能够取得优异的检测效果且十分简单、高效\CASIAFASD
通过在Replay-Attack和CASIAFASD数据库上与现有的人脸活体检测算法做比较, 验证了该算法能够取得优异的检测效果且十分简单、高效\Replay-Attack
实验使用You Tube视频人脸数据库、自建20人各1 min正位人脸视频数据库和实际检测项目在不同分辨率下进行, 实验结果表明运行速度在2.35帧/秒22.25帧/秒, 达到了一般人脸检测水平;人脸检测在10%误检率下召回率由Viola-Jones的65.93%提高到82.5%90.8%, 接近卷积神经网络检测精度, 满足了移动设备实时人脸检测的速度和精度要求\You Tube视频人脸数据库
实验结果表明, 该方法能够有效、实时地检测人群异常行为, 在UMN和PETS2009数据集的检测率均达到了97.9%以上\UMN
实验结果表明, 该方法能够有效、实时地检测人群异常行为, 在UMN和PETS2009数据集的检测率均达到了97.9%以上\PETS2009数据集
然后截取LFW数据库中人脸肤色部分并将色彩空间转换至L*a*b*色彩空间, 计算出人脸肤色的L, a, b分量的均值\LFW数据库
在LFW数据库上的实验表明, 该算法在检测非端正人脸时好于AdaBoost方法, 且算法简单、速度快、检测率高\LFW数据库
该方法在哥伦比亚大学彩色拼接检测库上达到了95.40%的准确率\哥伦比亚大学彩色拼接检测库
在RGBD1000数据集上的实验对比显示, 所提出的方法超越了当前流行的方法, 表明多个角度互补关系的融合能够有效提高显著检测的准确率\RGBD1000数据集
选取视觉跟踪基准数据集中的6组数据以及拍摄的视频序列仿真实验\视觉跟踪基准数据集
相比主流深度学习目标检测算法, 如YOLO、Faster RCNN, 该算法速度更快, 模型参数更少, 且保持相当的精度, 在PASCAL VOC2007权威目标检测库上的平均准确率 (m AP) 达到64.5\PASCAL VOC2007
分别在INRIA、NICTA和Daimler行人数据集上进行实验, 结果表明, 该模型在行人检测中准确率明显优于传统CNN、HOG+SVM、Haar+SVM、PCA+SVM, 在INRIA、NICTA和Daimler行人数据集上的准确率分别达到了96.14%、96.64%和99.78%\INRIA
分别在INRIA、NICTA和Daimler行人数据集上进行实验, 结果表明, 该模型在行人检测中准确率明显优于传统CNN、HOG+SVM、Haar+SVM、PCA+SVM, 在INRIA、NICTA和Daimler行人数据集上的准确率分别达到了96.14%、96.64%和99.78%\NICTA
分别在INRIA、NICTA和Daimler行人数据集上进行实验, 结果表明, 该模型在行人检测中准确率明显优于传统CNN、HOG+SVM、Haar+SVM、PCA+SVM, 在INRIA、NICTA和Daimler行人数据集上的准确率分别达到了96.14%、96.64%和99.78%\Daimler
分别在INRIA、NICTA和Daimler行人数据集上进行实验, 结果表明, 该模型在行人检测中准确率明显优于传统CNN、HOG+SVM、Haar+SVM、PCA+SVM, 在INRIA、NICTA和Daimler行人数据集上的准确率分别达到了96.14%、96.64%和99.78%\INRIA
分别在INRIA、NICTA和Daimler行人数据集上进行实验, 结果表明, 该模型在行人检测中准确率明显优于传统CNN、HOG+SVM、Haar+SVM、PCA+SVM, 在INRIA、NICTA和Daimler行人数据集上的准确率分别达到了96.14%、96.64%和99.78%\NICTA
分别在INRIA、NICTA和Daimler行人数据集上进行实验, 结果表明, 该模型在行人检测中准确率明显优于传统CNN、HOG+SVM、Haar+SVM、PCA+SVM, 在INRIA、NICTA和Daimler行人数据集上的准确率分别达到了96.14%、96.64%和99.78%\Daimler
在公开的多目标数据集SED2和HKUIS上进行实验验证, 结果表明:该方法能够有效检测出复杂背景下的多个显著目标\SED2
在公开的多目标数据集SED2和HKUIS上进行实验验证, 结果表明:该方法能够有效检测出复杂背景下的多个显著目标\HKUIS
在Caltech数据集的行人检测结果表明, 该方法的真正率和检测帧率高, 假正率极低\Caltech数据集
最后, 在UCI标准数据集上与主要离群点检测方法进行实验比较与分析, 结果表明所提方法的有效性\UCI标准数据集
在UCI标准数据集上与现有离群点检测算法——邻域离群点检测 (NED) 算法、基于距离的离群点检测 (DIS) 算法和K最近邻 (KNN) 算法进行了实验对比、分析\UCI标准数据集
KDD1999数据集仿真实验表明, SMOTE优化处理能够提高模型对少数类别样本的检测率, 在相同数据集上, SMOTE-DBN方法与DBN方法、支持向量机 (SVM) 方法相比, 检测率分别提高了3.31个百分点和7.34个百分点, 误报率分别降低了1.11个百分点和2.67个百分点\KDD1999
实验结果表明, 在ICDAR2011和ICDAR2013数据集上获得了良好的检测效果\ICDAR2011
实验结果表明, 在ICDAR2011和ICDAR2013数据集上获得了良好的检测效果\ICDAR2013
实验显示, 在FDDB人脸检测基准中, MS-KCF模型的召回率为93.60%;在WIDER FACE人脸检测基准的Easy、Medium和Hard数据集中, MS-KCF模型的召回率分别为93.11%、92.18%和82.97%, 平均速度为193帧/s\Easy
实验显示, 在FDDB人脸检测基准中, MS-KCF模型的召回率为93.60%;在WIDER FACE人脸检测基准的Easy、Medium和Hard数据集中, MS-KCF模型的召回率分别为93.11%、92.18%和82.97%, 平均速度为193帧/s\Medium
实验显示, 在FDDB人脸检测基准中, MS-KCF模型的召回率为93.60%;在WIDER FACE人脸检测基准的Easy、Medium和Hard数据集中, MS-KCF模型的召回率分别为93.11%、92.18%和82.97%, 平均速度为193帧/s\Hard
采用NSL-KDD数据集对所提出的入侵检测方法进行仿真实验, 实验结果表明, 与传统的BP神经网络、支持向量机与极限学习机算法相比, 该方法有效地提高了检测效果, 同时降低了误报率\NSL-KDD数据集
在i Coseg Sub和i Coseg数据集验证实验, 算法更好地抑制了显著非协同区域, 取得了较高的准确度\i Coseg Sub
在i Coseg Sub和i Coseg数据集验证实验, 算法更好地抑制了显著非协同区域, 取得了较高的准确度\i Coseg数据集
在NUAA数据库和CASIA数据库上对算法进行对比实验, 实验结果显示该算法能对人脸图像进行准确的分类, 并在样本数量和训练时间上有较大的提升\NUAA数据库
在NUAA数据库和CASIA数据库上对算法进行对比实验, 实验结果显示该算法能对人脸图像进行准确的分类, 并在样本数量和训练时间上有较大的提升\CASIA数据库
利用Helen数据集训练得到具有194个特征点的人脸主动形状模型, 结合haar级联检测得到精确的人脸和眼睛轮廓区域;通过光流法实现对人脸及上下眼睑特征点的有效跟踪, 获得每帧图像的头部姿态及眼睛睁开度, 实现对眼睛疲劳状态识别;结合正负图像训练得到的支持向量机判定驾驶员是否属于重度疲劳情况下的低头行为\Helen数据集
采用部分香港中文大学的公开数据集CompCars, 总计4 199张图像, 作为测试样本以测试车脸部件分割检测效果\CompCars
采用EuRoC数据集评价了算法的准确性、重定位能力以及运行时间\EuRoC数据集
在Wine-data数据集上, 通过Matlab仿真实验验证了“三分法”算法比传统方法获取隐含层节点数的效率提高了1.8倍, 是一种行之有效的方法\Wine-data数据集
采用人工标注的数据集进行了实验\人工标注的数据集
在通用Corel图像数据集上的实验表明, 融合多特征的深度学习图像自动标注方法, 考虑图像不同特征的影响, 提高了图像自动标注的精度\Corel图像数据集
实验结果表明, LPF-ICP方法成功地从Rensselaer数据组中的所有22对挑战性图对提取了可靠的LPF种子, 并顺利实现了全图配准, 而GDB-ICP方法则只完成了其中的19对, 从而证实了LPF-ICP方法的有效性\Rensselaer数据组
在Extended Yale B等数据库上的实验结果表明, 该算法与传统的人脸识别算法和标准的栈式自动编码器相比, 对光照变化有更强的鲁棒性, 具有更好的识别效果\Extended Yale B
文中使用MATLAB 2010a软件进行算法实现, 利用云南省滇池流域海口镇的2015年遥感影像数据进行了实验, 最后对结果进行了定性分析和定量评价\云南省滇池流域海口镇的2015年遥感影像数据
由于深度学习在图像分类上表现优异, 尤其是AlexNet在ImageNet大赛中的杰出表现, 因此采用基于AlexNet的深度神经网络对指静脉图像进行分类\ImageNet
在USC标准库上的实验结果表明, 所提算法在去噪效果方面有一定的优越性\USC标准库
算法在LIVE库和安防监控视频库上进行实验, 并进行相关性分析, 实验结果表明, 该方法得到的视频评估数据与主观评价具有良好的一致性, 满足安防监控的实际需求\LIVE库
算法在LIVE库和安防监控视频库上进行实验, 并进行相关性分析, 实验结果表明, 该方法得到的视频评估数据与主观评价具有良好的一致性, 满足安防监控的实际需求\安防监控视频库
Caltech101和Caltech256数据集上的实验结果表明, 相比直接使用原始深度特征进行编码检索, 所提方法的检索性能更好\Caltech101
Caltech101和Caltech256数据集上的实验结果表明, 相比直接使用原始深度特征进行编码检索, 所提方法的检索性能更好\Caltech256
在公开数据集上进行了大量实验, 验证了本文方法的有效性\公开数据集
为了验证本文提出的方法的有效性, 在两个常用的高光谱图像数据集进行分类实验, 结果显示提取的两种特征光谱-空间特征结合后能有效提高图像分类准确率\高光谱图像数据集
以南京、杭州、厦门三地的雷达数据为样本进行实验, 实验结果表明, 与传统的雷达回波外推方法相比, 所提方法能够获得更高的预测图像准确率, 并且有效延长外推时效\南京
以南京、杭州、厦门三地的雷达数据为样本进行实验, 实验结果表明, 与传统的雷达回波外推方法相比, 所提方法能够获得更高的预测图像准确率, 并且有效延长外推时效\杭州
以南京、杭州、厦门三地的雷达数据为样本进行实验, 实验结果表明, 与传统的雷达回波外推方法相比, 所提方法能够获得更高的预测图像准确率, 并且有效延长外推时效\厦门三地的雷达数据
为了验证该模型的有效性, 选用标准图像库中的多幅纹理图像进行实验, 对实验结果进行了定性和定量分析, 在定量分析中采用图像信息熵、平均梯度、清晰度和对比度四个评价指标衡量图像增强的效果, 并与二阶微分Laplacian算子、Tiansi算子进行比较\标准图像库
最后, 在Berkeley数据库上的实验结果显示, DMFD-Ncut算法和使用PSOS的DMFD-Ncut算法都能够显著地提高图像分割结果的精度\Berkeley数据库
实验结果表明, 小尺寸稀疏编码字典可以替代大字典, 提取的特征能在无参考的情况下更好地评价图像质量\小尺寸稀疏编码字典
实验结果表明, 小尺寸稀疏编码字典可以替代大字典, 提取的特征能在无参考的情况下更好地评价图像质量\大字典
为了验证本方法的有效性, 选择Corel图像库对算法性能进行实验分析, 从主观评价和客观评价标准分别进行评价, 并与传统方法进行了对比\Corel图像库
针对牛津大学Mikolajczyk标准图像数据集进行了实验, 结果表明:提出的改进D-Nets算法在尺度、视差和光照变化较大的情况下平均配准精度为92.2%, 平均时间开销为2.48 s\Mikolajczyk标准图像数据集
该方法引入组稀疏理论, 仅利用输入的低分辨率图像作为样本来构建组稀疏字典, 通过结合组稀疏性和几何对偶性来构建超分辨率图像算法的成本函数, 并使用提出的一种迭代的方法进行求解\组稀疏字典
其次, 针对FLAIR和T2图像, 分别应用其对应的卷积神经网络模型进行预测, 并将得到的预测概率通过非线性映射进行处理\FLAIR和T2图像
采用10组航空遥感海冰图像对算法进行测试, 结果表明, 相对于采用SIFT欧氏距离 (ED-SIFT) , 在匹配重复特征比较多、点集规模比较大的图像时, CEM-SIFT算法的匹配精度更高, 能够达到100%\10组航空遥感海冰图像
在UMBDB和AR库上的实验表明, 改进后的PCANet具有更好的冗余性、鲁棒性和识别性能\UMBDB
在UMBDB和AR库上的实验表明, 改进后的PCANet具有更好的冗余性、鲁棒性和识别性能\AR库
采用图像分割实例对改进布谷鸟搜索算法的有效性和优越性进行测试, 测试结果表明, 改进算法可以提高图像的分割精度, 对噪声不敏感, 获得了较其它方法更优的图像分割效果, 分割精度和速度均可以满足实际应用的要求\图像分割实例
利用改进的T-S-FNN对MMW图像进行处理, 实验结果表明, 该模型具有较好的非线性噪声抑制能力\MMW图像
为了验证算法的有效性, 本文在ASD1000数据集和LBE数据集上分别进行了仿真实验, 实验结果表明本文提出的算法是有效的, 并具有较高的鲁棒性和准确性\ASD1000数据集
为了验证算法的有效性, 本文在ASD1000数据集和LBE数据集上分别进行了仿真实验, 实验结果表明本文提出的算法是有效的, 并具有较高的鲁棒性和准确性\LBE数据集
首先提出了基于RGB颜色空间各通道模值的加权梯度定义, 并在此基础上建立了由彩色图像的亮度、加权梯度、颜色信息结合的一种过完备结构字典\过完备结构字典
在图像集Corel上进行的标注实验取得了较为理想的标注结果\图像集Corel
在3 075张蓝藻图像集上的训练和测试结果表明, DGAN在精确率、召回率及F1分数等指标上均大幅领先基于迭代的阈值分割算法;相比FCNNet (SHELHAMER E, LONG J, DARRELL T.Fully convolutional networks for semantic segmentation.IEEE Transactions on Pattern Analysis and Machine Intelligence, 2017, 39 (4) :640-651) 、Deeplab (CHEN L C, PAPANDREOU G, KOKKINOS I, et al.Semantic image segmentation with deep convolutional nets and fully connected CRFs.Computer Science, 2014 (4) :357-361) 等其他基于DNN的方法也提升了超过4个百分点, 取得了更精准的分割结果\3 075张蓝藻图像集
DGLBP方法在Confocal和Pollenmonitor数据集上的平均正确识别率分别为94.33%和92.02%, 与其他花粉识别方法相比平均提高了8.9个百分点和8.6个百分点, 与LBP改进方法相比平均提高了18个百分点和18.5个百分点\Confocal
DGLBP方法在Confocal和Pollenmonitor数据集上的平均正确识别率分别为94.33%和92.02%, 与其他花粉识别方法相比平均提高了8.9个百分点和8.6个百分点, 与LBP改进方法相比平均提高了18个百分点和18.5个百分点\Pollenmonitor数据集
采用OMP算法能提高VOC2012数据中图像的识别率\VOC2012数据
在公开数据集MSRA-1000上对算法进行验证, 结果表明, 所提算法与7种主流算法相比具有更好的查准率和查全率\公开数据集MSRA-1000
使用该方法在CUB-200-2011数据库上进行实验, 并与单一的特征表示方法进行了比较\CUB-200-2011数据库
在岩石薄片序列图像连续采集过程中, 由于相机成像环境条件、岩石薄片自身性能等因素的限制, 常常会出现序列图像间色彩亮度不一致的情况\岩石薄片序列图像
首先, 选择具有代表性且无失真的自然图像作为训练图像集合;然后, 对这些图像施以不同程度的高斯噪声构成样本训练图像库\样本训练图像库
在Berkeley图像库和Ground truth Database图像库上对SPCNN模型进行了验证\Berkeley图像库
在Berkeley图像库和Ground truth Database图像库上对SPCNN模型进行了验证\Ground truth Database图像库
实验在Scene-15图像场景数据集的基础上进行, 并将本文方法与基于尺度不变特征转换 (SIFT) 特征提取方法的几种常用经典方法进行对比实验, 实验结果表明本文方法在选取了合适的特征基元个数后, 提高了提取图像特征的速度和时间以及图像场景的分类准确率\Scene-15图像场景数据集
在JAFFE和CK人脸表情库的实验结果表明, 该方法在降低特征维度的同时, 能挖掘出表情的显著区域部分并能对表情进行有效的描述, 与其他近似的人脸表情识别方法对比, 识别率平均提高了2\JAFFE
在JAFFE和CK人脸表情库的实验结果表明, 该方法在降低特征维度的同时, 能挖掘出表情的显著区域部分并能对表情进行有效的描述, 与其他近似的人脸表情识别方法对比, 识别率平均提高了2\CK人脸表情库
首先结合辅助数据集提取输入的多目标服装图像的显著区域特征, 并对多目标服装图像进行初步分割\辅助数据集
在Ploy U图库及自建图库上进行实验, 结果表明, NSCT-NBP算法可获得最低的EER, 分别为0.72%和0.96%, 识别时间仅为0.053 0 s和0.087 1 s, 与当前最优的基于小波变换和Gabor滤波器的掌纹掌脉融合方法相比, 在两个图库上EER分别降低了4%和36.8%\Ploy U图库
首先, 根据单光谱和多光谱图像之间的差异性, 选择SVM、随机森林、卷积神经网络 (CNN) 、多粒度级联森林 (gc Forest) 在单光谱卫星图像上进行云雪识别;然后, 通过定量分析各算法在单光谱图像上的性能, 选择CNN和M-gc Forest进行多光谱云雪识别;最后, 利用改进的M-gc Forest对HJ-1A/1B多光谱卫星图像进行预测\HJ-1A/1B
在LIVE 3D PhaseⅠ立体图像质量评价库上的实验结果表明, 所提方法在JP2K、WN和FF失真类型上都优于文献报道的立体图像质量评价算法, 具有很好的主观感知一致性\LIVE 3D PhaseⅠ立体图像质量评价库
为了验证算法的有效性, 在伯克利大学标准数据集BSDS500上与人工标注的分割图像进行比较, 前期的超像素处理使算法在时间上有很好的提升, 对于一幅481×321像素的图像, 只需要1.5s就可以获得结果\伯克利大学标准数据集BSDS500
以50幅不同的人书写的维吾尔脱机手写文本图像为实验对象, 共有536行和4 002个单词, 正确切分率达到80.68%\50幅不同的人书写的维吾尔脱机手写文本图像
在香港理工大学近红外手掌数据库上进行了实验, 结果表明:所提出的算法识别率达到了99.63%, 与其他已有算法相比等误率平均降低了0.66%, 验证了所提出算法的有效性\香港理工大学近红外手掌数据库
在BSDS图像数据库中进行对比实验, 结果表明, 在直接视觉对比和量化分析上, 相比现有的分割算法, 所提方法表现出了更好的分割效果\BSDS图像数据库
实验结果表明, 该方法在Middlebury测试集上能获取更精确的视差\Middlebury测试集
实验测试采用了5个公开图像数据集和1个夜间图像数据集, 通过与11种目前主流的视觉显著性对象检测模型进行对比, 综合评价了所提出模型的性能\5个公开图像数据集
实验测试采用了5个公开图像数据集和1个夜间图像数据集, 通过与11种目前主流的视觉显著性对象检测模型进行对比, 综合评价了所提出模型的性能\1个夜间图像数据集
从LIDC数据库中选取20个CT序列图像进行实验, 平均分割精度为96%\LIDC数据库
实验结果表明:在Flickr25K、VOC2012数据集中, 与当前检索技术比较, 所提算法具有更高的检索精度\Flickr25K
实验结果表明:在Flickr25K、VOC2012数据集中, 与当前检索技术比较, 所提算法具有更高的检索精度\VOC2012数据集
在ORL、AR和YALE-B数据集上的人脸识别实验结果表明, 提出方法的识别率高, 对光照、姿态、表情和遮挡变化的鲁棒性强\ORL
在ORL、AR和YALE-B数据集上的人脸识别实验结果表明, 提出方法的识别率高, 对光照、姿态、表情和遮挡变化的鲁棒性强\AR
在ORL、AR和YALE-B数据集上的人脸识别实验结果表明, 提出方法的识别率高, 对光照、姿态、表情和遮挡变化的鲁棒性强\YALE-B数据集
在2003年北极黄河站越冬观测的4种日侧极光图像数据库上进行实验\2003年北极黄河站越冬观测的4种日侧极光图像数据库
首先, 通过考虑属性值的概率分布来定义缺失属性值之间的距离, 可以度量具有混合属性的不完备数据;其次, 定义了邻域混合熵来评价属性约简的质量, 分析证明了相关的性质定理, 并构造了一种基于邻域混合熵的不完备邻域粗糙集属性约简算法;最后从UCI数据集中选取了7组数据进行实验, 并分别与基于依赖度的属性约简 (ARD) 、基于邻域条件熵的属性约简 (ARCE) 、基于邻域组合测度的属性约简 (ARNCM) 算法进行了比较\UCI数据集
通过对UCI数据集的实验证明, 启发式约简方法和增量式约简方法有效, 在数据样本较多时, 增量式方法更优\UCI数据集
针对传统的属性约简算法不能很好的处理动态变化的数据集, 本文运用关系矩阵的形式去表示信息系统的知识粒度, 并研究了当数据集属性发生变化时, 通过矩阵的视角来展示知识粒度的变化机制, 根据这种机制可以快速地对知识粒度进行更新, 从而提出了一种基于知识粒度的增量式属性约简算法, 在UCI数据集的实验结果中, 所提出的算法能够对动态变化的数据集选择出小而优的属性子集, 并且有着较高的约简效率, 从而验证了该算法的优越性\UCI数据集
在8个UCI数据集上的实验结果表明, 局部约简不仅是提高各个类别精度的有效技术手段, 而且也解决了因全局约简所引起的局部分类精度下降问题\UCI
最后下载了4组UCI数据对所提出的增量属性约简算法的性能进行了测试, 实验结果验证了所提出的增量属性约简算法能够有效处理动态属性约简的问题\UCI数据
目前基于协同过滤 (collaborative filtering, CF) 的Web服务推荐算法, 使用的是Web服务的非功能性属性服务质量 (quality of services, QoS) , 但是这类方法直接使用所有用户的QoS数据进行预测, 并没有考虑用户的个性化偏好问题, 导致在相似邻居的选择阶段会得到不真实的相似度结果, 进而影响QoS预测准确率\所有用户的QoS数据
该算法从QoS数据中提取出用户偏好数据, 并将其作为近似邻居的选择标准, 然后使用top-k算法确定目标用户及服务的相似邻居集合, 最后联合相似邻居偏好比重, 使用调和的皮尔逊相关系数算法 (Pearson correlation coefficient, PCC) 预测目标用户及服务的QoS值\用户偏好数据
该算法从QoS数据中提取出用户偏好数据, 并将其作为近似邻居的选择标准, 然后使用top-k算法确定目标用户及服务的相似邻居集合, 最后联合相似邻居偏好比重, 使用调和的皮尔逊相关系数算法 (Pearson correlation coefficient, PCC) 预测目标用户及服务的QoS值\相似邻居集合
通过在Movie Lens数据集上的对比实验, 结果表明, 相比于传统的协同过滤推荐算法, 改进算法具有更高的推荐准确度\Movie Lens数据集
该算法首先利用基于“用户-项目-标签”的三部图物质扩散推荐算法来计算用户之间的相似度, 并引入“用户-用户兴趣标签图”二元关系, 通过用户的兴趣标签图来发掘用户的兴趣主题;然后根据用户主题分布, 利用KL距离来计算用户之间的相似度;最后将两组结果采用调和平均数方式融合得到用户间的综合相似度, 并进行好友的推荐\“用户-用户兴趣标签图”二元关系
通过在Delicious和Last.fm数据集上的实验证明, 该算法能有效提高Top-N推荐的准确率和召回率, 同时通过在学术社交网站——学者网数据集上进行的学者推荐实验表明, 该算法能有效提高核心用户的推荐度\Delicious
通过在Delicious和Last.fm数据集上的实验证明, 该算法能有效提高Top-N推荐的准确率和召回率, 同时通过在学术社交网站——学者网数据集上进行的学者推荐实验表明, 该算法能有效提高核心用户的推荐度\Last.fm
通过在Delicious和Last.fm数据集上的实验证明, 该算法能有效提高Top-N推荐的准确率和召回率, 同时通过在学术社交网站——学者网数据集上进行的学者推荐实验表明, 该算法能有效提高核心用户的推荐度\学者网数据集
在真实数据集上验证了该模型的合理性和有效性, 其推荐准确率达到78%\真实数据集
首先利用整体的社交网络结构信息和用户的评分信息推导特定领域社交网络结构, 然后利用PageRank算法计算用户在特定领域的社会地位, 最后提出了一种融合用户社会地位信息的矩阵分解推荐算法\社交网络结构信息
首先利用整体的社交网络结构信息和用户的评分信息推导特定领域社交网络结构, 然后利用PageRank算法计算用户在特定领域的社会地位, 最后提出了一种融合用户社会地位信息的矩阵分解推荐算法\用户的评分信息
在真实数据集上的实验结果表明:融合用户地位信息的矩阵分解推荐算法的性能优于传统的基于社交网络推荐算法\真实数据集
经过真实数据集的验证, DLCF算法能够很大程度上克服矩阵稀疏问题, 在性能上优于传统推荐算法\真实数据集
基于社交网络图, 提出一种基于上下文感知和用户影响力的好友推荐算法, 首先根据通信数据计算用户间的通信社交信任度, 之后利用用户之间的地理位置数据计算位置信任度, 根据两方面的数据得到用户间的综合社交信任度, 同时利用PageRank算法计算好友的影响力因子, 最后在优化的社交网络图上的进行好友的推荐评分计算, 得出用户的好友推荐列表\通信数据
基于社交网络图, 提出一种基于上下文感知和用户影响力的好友推荐算法, 首先根据通信数据计算用户间的通信社交信任度, 之后利用用户之间的地理位置数据计算位置信任度, 根据两方面的数据得到用户间的综合社交信任度, 同时利用PageRank算法计算好友的影响力因子, 最后在优化的社交网络图上的进行好友的推荐评分计算, 得出用户的好友推荐列表\用户之间的地理位置数据
搭建了实验环境, 利用MIT reality mining数据集进行算法的功能和性能测试\MIT reality mining
其次在分解过程中把用户、项目的偏置信息与传统非负矩阵分解算法相融合, 明确偏置信息与预测数据之间的关系\用户、项目的偏置信息
实验采用Ciao数据集, 其结果表明所提出的算法在平均绝对误差和均方根误差这两个推荐准确性指标上都有较大的提高\Ciao数据集
在Movielens数据集上利用按照时间戳排序后划分的测试集进行实验, 结果表明Simplified Slope One算法对评分预测的准确性与原Slope One算法接近, 但时间复杂度和空间复杂度均低于原Slope One算法, 更适合在数据规模增长迅速的大型推荐系统中应用\Movielens数据集
在真实的Movie Lens 1M数据集上进行的大量实验表明, 与当前具有代表性的推荐算法相比, 算法显著提高了推荐精度\Movie Lens 1M数据集
为了验证该算法的可靠性, 使用Epinions公开数据集对算法性能进行对比分析\Epinions公开数据集
采用稀疏评分矩阵建立用户评分项目集合, 对评分矩阵进行降维、构建近似评分矩阵, 采用该矩阵填充用户项目的评分集合, 得到用户间相似度, 采用信任度因子对填充误差进行合理调整, 得到最终的用户间相似度, 采用标准数据集Movielens和BookCrossing对模型性能进行测试\标准数据集Movielens
采用稀疏评分矩阵建立用户评分项目集合, 对评分矩阵进行降维、构建近似评分矩阵, 采用该矩阵填充用户项目的评分集合, 得到用户间相似度, 采用信任度因子对填充误差进行合理调整, 得到最终的用户间相似度, 采用标准数据集Movielens和BookCrossing对模型性能进行测试\BookCrossing
通过在UCI数据集上的对比实验, 证明了所提算法的有效性\UCI数据集
使用UCI数据库中的数据集对三种算法作对比验证, 通过识别重要特征、提高学习算法性能、特征选择效率三组实验, 结果表明, 该算法能够识别出重要特征, 并随着数据集特征维度升高, 特征选择的性能逐渐优于对比算法, 到了高维数据集, 特征选择效率明显优于对比算法\UCI数据库
使用UCI数据库中的数据集对三种算法作对比验证, 通过识别重要特征、提高学习算法性能、特征选择效率三组实验, 结果表明, 该算法能够识别出重要特征, 并随着数据集特征维度升高, 特征选择的性能逐渐优于对比算法, 到了高维数据集, 特征选择效率明显优于对比算法\UCI数据库中的数据集
在ORL和Yale人脸数据库上的实验结果证明了该方法的有效性\ORL和Yale人脸数据库
提出的人脸表示方法可以在局部识别方法的优势上整合全局信息, 使得在AR、Extended Yale B、CMU-PIE人脸库上的表现超过其他单样本识别相关的方法, 取得了较好的识别效果\AR
提出的人脸表示方法可以在局部识别方法的优势上整合全局信息, 使得在AR、Extended Yale B、CMU-PIE人脸库上的表现超过其他单样本识别相关的方法, 取得了较好的识别效果\Extended Yale B
提出的人脸表示方法可以在局部识别方法的优势上整合全局信息, 使得在AR、Extended Yale B、CMU-PIE人脸库上的表现超过其他单样本识别相关的方法, 取得了较好的识别效果\CMU-PIE
为了验证该方法的有效性, 利用ORL人脸数据库进行了两组分析对比实验\ORL人脸数据库
模型的两部分可以同时在大数据集下进行训练优化, 训练过程简单且有效\大数据集
该算法在广泛使用的年龄分类数据集Group上取得了不错的效果\年龄分类数据集
该方法首先通过人工选取越南语组合歧义词, 构建出越南语组合歧义字段库, 对越南语语料与越南语组合词词典进行匹配, 抽取出越南语组合歧义字段;其次, 采用三类分类器引入越南语词频特征和上下文信息, 构建三类分类器消解模型, 得到三类分类器消解结果;最后, 计算出各分类器权值, 通过阈值对越南语组合歧义进行最终分类\越南语组合歧义字段库
该方法首先通过人工选取越南语组合歧义词, 构建出越南语组合歧义字段库, 对越南语语料与越南语组合词词典进行匹配, 抽取出越南语组合歧义字段;其次, 采用三类分类器引入越南语词频特征和上下文信息, 构建三类分类器消解模型, 得到三类分类器消解结果;最后, 计算出各分类器权值, 通过阈值对越南语组合歧义进行最终分类\越南语语料
该方法首先通过人工选取越南语组合歧义词, 构建出越南语组合歧义字段库, 对越南语语料与越南语组合词词典进行匹配, 抽取出越南语组合歧义字段;其次, 采用三类分类器引入越南语词频特征和上下文信息, 构建三类分类器消解模型, 得到三类分类器消解结果;最后, 计算出各分类器权值, 通过阈值对越南语组合歧义进行最终分类\越南语组合词词典
在多个公开的数据集上进行仿真实验, 结果表明了该算法是有效的\公开的数据集
堆栈降噪自编码器具有良好的通用深层特征自主抽取能力, 能够发掘源领域与目标领域相似任务间的共有特征知识, 该知识能够辅助支持向量回归机在高维噪声小样本数据集上的预测\小样本数据集
医学影像数据由于样本珍贵, 并且特征维数往往远大于已有样本数目, 在实际应用中这是典型的小样本问题\医学影像数据
此外, 通过不同的成像手段可以得到不同模态的数据 (例如MRI和PET) \不同模态的数据
在ADNI数据集上对提出的方法进行验证, 并与传统方法进行对比, 实验结果说明了提出方法的有效性\ADNI数据集
在人脸数据集上的实验结果证明了上述结论\人脸数据集
实验结果表明, 该方法在小规模图像数据集的识别问题中具有较高的准确率和鲁棒性\图像数据集
在UCI数据集上的实验结果表明, 相较于其它特征选择算法, 该算法能有效地提高各数据集在libSVM、J48、Nave Bayes以及KNN分类器上的分类准确率\UCI数据集
所提算法在CASIA步态数据库上的实验结果验证了该算法在步态识别问题上的有效性和可行性\CASIA步态数据库
互联网上蕴含着大量带有情绪色彩的文本数据, 对其充分挖掘可以更好地理解网民的观点和立场\情绪色彩的文本数据
通过对语料库进行句子分类实验, 验证了所提出模型有较好的分类效果\语料库
标准测试集上的实验结果表明, 本文算法在处理尺度变化、运动模糊等问题时具有较好的跟踪精度和鲁棒性\标准测试集
首先对训练集进行归一化处理, 统一经食道超声心动图像 (TEE) 的尺度;然后建立基于多分辨率金字塔和B-SIFT特征的监督下降模型, 得到特征点趋近于真实值的梯度下降方向序列;最后将得到的方向序列作用于测试集中, 得到最终的左心室分割结果\训练集
通过对训练样本集进行系统抽样来扰乱输入分片, 并产生新的输入分片, 依靠新的输入分片以map任务的原权阵为基础进行迭代训练, 可加速MapReduce训练达到收敛的进程;为提高map训练任务的局部收敛速度, 在每轮次的训练完成后, 选取map任务产生的权阵中全局误差最小者, 作为下轮次各map训练任务的初始权阵\样本集
对该方法在KTH和UCF-YT数据集上进行了验证, 取得了很好的识别效果\KTH和UCF-YT数据集
在CK+和LFPW人脸库上验证了该算法对面部关键特征点的检测精度和效率, 而且与其他算法相比取得了较高的表情识别率, 最后在NAO机器人平台上验证了算法的实用性\CK+和LFPW人脸库
在实验阶段, FSSAC结合SVM, J48和KNN分类器, 通过UCI数据集完成验证, 并与FSFOA, HGAFS, PSO等算法进行了比较\UCI数据集
首先运用PAA对时间序列样本进行维数约简, 然后在低维空间对样本进行早期分类, 在43个时间序列数据集上的实验结果表明, 所提方法在准确率、早期性、可靠性等方面优于已有方法\43个时间序列数据集
通过设置不同的训练数据占比和迁移比例, 在SAR桥梁图像上做分类实验, 实验结果表明, 从源域迁移适当比例数据, 比直接用源域所有数据学习超完备字典, 能够获得更高的总体分类精度\SAR桥梁图像
分别在ORL和AR人脸库中进行实验检测, 实验结果表明, 与传统的特征提取方法以及单独的LBP特征提取方法相比, 该方案可以使人脸识别率得到显著的提高\ORL和AR人脸库
在9个标准基因表达数据集的对比实验结果表明, 该算法性能优于传统随机森林算法, 对基因表达数据中类不平衡导致正类样本准确率低的问题有一定改善\标准基因表达数据集
然后, 对人数统计及人群密度估计方法性能评估技术进行简介, 并提供了几个用于人数统计与人群密度估计的测试与评估数据集\测试与评估数据集
通过对人脸图像视频和对应脑电信号的采集和分析处理, 建立连续的面部图片对应脑电信息的样本库, 提出一种在脑电信息监督面部图片专注度的前提下, 使用人的面部信息分析其专注度的方法\连续的面部图片对应脑电信息的样本库
经过由香港中文大学多媒体实验室提供的多类别大型服装数据集 (DeepFashion) 和标准数据集CIFAR-10上的实验表明, 所提出的网络模型在处理图片的速度和分类精度方面都优于VGGNet和AlexNet, 且得到了目前为止已知的在DeepFashion数据集上最好的分类准确率\标准数据集CIFAR-10
经过由香港中文大学多媒体实验室提供的多类别大型服装数据集 (DeepFashion) 和标准数据集CIFAR-10上的实验表明, 所提出的网络模型在处理图片的速度和分类精度方面都优于VGGNet和AlexNet, 且得到了目前为止已知的在DeepFashion数据集上最好的分类准确率\多类别大型服装数据集 
经过由香港中文大学多媒体实验室提供的多类别大型服装数据集 (DeepFashion) 和标准数据集CIFAR-10上的实验表明, 所提出的网络模型在处理图片的速度和分类精度方面都优于VGGNet和AlexNet, 且得到了目前为止已知的在DeepFashion数据集上最好的分类准确率\DeepFashion
提出了一种新的思路, 利用测地距离初步构造不同流形样本点之间的关联性, 再利用样本点之间局部几何结构的相似性进行修正, 以更为准确地挖掘不同流形样本点之间的关联性\流形样本
最后通过在实际数据集上的实验验证了算法的有效性\实际数据集
现有的基于可比语料库的双语词典提取算法不够成熟, 抽取效果有待提高, 而且大多数研究都集中在特定领域的专业术语抽取\语料库
首先给出了该算法的基本假设以及相关的研究方法, 然后阐述了基于词向量利用词间关系矩阵从可比语料库中提取双语词典的具体步骤, 最后将该抽取方法与经典的向量空间模型做对比, 通过实验分析了上下文窗口大小、种子词典大小、词频等因素对两种模型抽取效果的影响\语料库
首先, 选择Q统计、相关系数、不一致度量、双误度量在UCI数据集上进行实验\UCI数据集
实验部分给出了特征选择后的频谱单一特征和频谱融合特征在23款主流型号的手机语音库上分类的结果\23款主流型号的手机语音库
实验结果表明, 该算法使用频谱融合特征有效提高了手机品牌类内的平均识别准确率, 在TIMIT翻录语音数据库和自建的CKC-SD语音数据库上分别达到99.96%和99.91%;另外, 与Hanilci基于梅尔倒谱系数特征的录音设备来源识别算法进行了对比, 平均识别准确率分别提高了6.58和5.14个百分点\CKC-SD语音数据库
仿真实验表明, 该方法在IOWA数据库上取得92.74%的正确率, 对打击乐器与同族乐器的错分率分别为3%与9.12%, 均优于上述特征\IOWA数据库
在数据集UCF101和HMDB51上, 进行视频人物动作识别实验\数据集UCF101
在数据集UCF101和HMDB51上, 进行视频人物动作识别实验\HMDB51
以实测车门电机数据为例验证了所提方法的有效性\实测车门电机数据
在普通话语料库上的对比实验证明, 简化双向长短期记忆神经网络计算量减少一半, 梅尔倒频率失真度由隐马尔科夫模型的3.466 1降低到1.945 9\普通话语料库
最后分别在CIFAR-10和Caltech-256数据集上与相关方法进行比较, 实验结果表明提出的方法提高了检索性能\CIFAR-10
最后分别在CIFAR-10和Caltech-256数据集上与相关方法进行比较, 实验结果表明提出的方法提高了检索性能\Caltech-256数据集
以MNIST数据库为数据来源, 在MATLAB平台上开展各种分类器的性能对比实验\MNIST数据库
在两类及三类远程帕金森数据集的仿真实验中, 基于性别划分得到的最好的F-measure值分别为80.19%和69.26%, 与随机划分相比, 分别提高了3.75%和5.19%, 与超平面划分相比, 分别提高了0.96%和4.15%\两类及三类远程帕金森数据集
基于模拟数据和标准人脸库数据的实验结果表明, 改进后的模型可有效提高稀疏表示的分类性能\模拟数据和标准人脸库数据
在ORL、YALE以及FERET人脸数据库上的实验结果, 表明了LRC的有效性和高效性\ORL
在ORL、YALE以及FERET人脸数据库上的实验结果, 表明了LRC的有效性和高效性\YALE
在ORL、YALE以及FERET人脸数据库上的实验结果, 表明了LRC的有效性和高效性\FERET人脸数据库
在MNIST、USPS、ETH-80以及人脸数据集上的识别结果表明, 重叠稀疏组深度信念网络具有更高的识别率\MNIST
在MNIST、USPS、ETH-80以及人脸数据集上的识别结果表明, 重叠稀疏组深度信念网络具有更高的识别率\USPS
在MNIST、USPS、ETH-80以及人脸数据集上的识别结果表明, 重叠稀疏组深度信念网络具有更高的识别率\ETH-80
在MNIST、USPS、ETH-80以及人脸数据集上的识别结果表明, 重叠稀疏组深度信念网络具有更高的识别率\人脸数据集
在跌倒检测公开数据集上的实验结果显示:当已有代表性方法的识别精度下滑至60%以下时, 所提方法仍能保持95%以上的精度, 同时模型更新的计算消耗仅为3 ms\跌倒检测公开数据集
该算法首先对不均衡的训练集进行非监督聚类;然后依靠其底层的局部关注支持向量机进行数据集局部划分, 以精确把控数据集间的局部特征;最后通过顶层支持向量机进行分类预测\不均衡的训练集
在UCI数据集上的评测结果显示, 该算法与当前流行的算法 (如基于采样的核化少数类过采样技术 (K-SMOTE) 、基于集成的梯度提升决策树 (GTB) 和代价敏感集成算法 (Ada Cost) 等) 相比, 分类效果有明显提升, 能在一定程度上解决数据集的不均衡问题\UCI数据集
KEEL数据集上的实验结果表明, 即使对采用随机划分策略划分的多数类数据集, 所提算法也能有效地提高k近邻方法在评价指标recall、g-mean、f-measure和AUC上的泛化性能;另外, 过抽样技术能进一步提高该算法在非平衡类问题上的性能, 并明显优于其他高级非平衡类处理方法\KEEL数据集
在Iris数据集上实验结果表明:新模型与单个NFS相比, 识别率增加了3.33个百分点;与线性支持向量机 (SVM) 相比, 识别率增加了1.11个百分点;与Softmax相比, 识别率增加了3.33个百分点\Iris数据集
在CASPEAL测试集上的结果显示, 该极深卷积神经网络的方法比基于双三次插值的人脸重建方法在峰值信噪比 (PSNR) 和结构相似度上有2.7 d B和2%的提升, 和SRCNN的方法比较也有较大的提升, 在精度和视觉改善方面都有较大提升\CASPEAL测试集
香精经水溶液稀释处理后再经离子迁移谱仪分析, 针对仪器波动性引起的谱图差异, 应用相似度分析的方法判别离群谱图, 筛选有效谱图, 建立了香精样品的离子迁移谱指纹图谱库\香精样品的离子迁移谱指纹图谱库
实验结果表明, 在ETZH图库测试的基础上, 该模型能够有效提高识别的效率\ETZH图库
在NLST以及Kaggle的数据集上对该方法进行了评估\NLST
在NLST以及Kaggle的数据集上对该方法进行了评估\Kaggle
在《人民日报》和中文宾州树库CTB5语料上的实验结果表明, 该模型能够有效地进行中文词性标注, 其准确率高于条件随机场等传统词性标注方法, 与当前较好的词性标注模型也十分接近\中文宾州树库CTB5语料
通过4组UCI数据集验证, 与其他分类算法对比, 证明了该方法在分类精度上有明显的提升;同时, 在处理缺失数据时, 仍有较高的分类能力\UCI数据集
使用UCI数据集从分类正确率、分类效率和稳定性三方面对提出的组合分类器进行验证, 实验结果表明了此分类器的有效性\UCI数据集
该算法在ORL、CAS-PEAL和扩展Yale-B人脸数据库中进行了不同光照、姿态、遮挡、表情和容貌特征变化条件下的仿真实验\ORL
该算法在ORL、CAS-PEAL和扩展Yale-B人脸数据库中进行了不同光照、姿态、遮挡、表情和容貌特征变化条件下的仿真实验\CAS-PEAL
该算法在ORL、CAS-PEAL和扩展Yale-B人脸数据库中进行了不同光照、姿态、遮挡、表情和容貌特征变化条件下的仿真实验\Yale-B人脸数据库
采用无监督学习的方法来训练模型, 因此不需要依赖有标签的数据集\有标签的数据集
在UCF101数据集上的实验结果证实了该方法的有效性, 错帧筛选的准确率高\UCF101数据集
在新浪微博数据集上通过实验评测该方法的性能, 结果表明该方法能够有效提高识别性能\新浪微博数据集
与传统的Faster RCNN训练方法相比, 五步法加强了对难样本的学习, 提高了网络泛化能力, 减少了误判;训练出的模型在Pascal VOC 2007数据集上测试的平均正确率均值 (mean Average Precision, mAP) 提高了2.4%, 在FDDB (Face Detection Data Set and Benchmark) 相同检出率下误检率降低了3.2%, 且边框拟合度更高\Pascal VOC 2007数据集
本研究收集了10个心血管疾病患者的IVUS图像, 共207块斑块样本\10个心血管疾病患者的IVUS图像
本研究收集了10个心血管疾病患者的IVUS图像, 共207块斑块样本\207块斑块样本
为验证该方法的有效性, 在多个UCI数据集中进行广泛的测试\UCI数据集
对图像用Retinex变换预处理, 减少光照影响, 通过非对称多任务学习方式联合学习不同场景的数据集, 得到相似性度量函数, 运用跨任务数据差异模型解决共享空间的数据塌陷问题, 引入正则化项, 缓解过拟合现象\不同场景的数据集
首先, 针对网页木马攻击中的着陆页上的攻击脚本获取行为, 监控动态执行函数执行, 包括动态生成函数执行、脚本插入、页面插入和URL跳转, 并根据一套规则提取这些行为, 此外, 提取与其相关的字符串操作记录作为特征;其次, 针对利用堆恶意操作注入shellcode的行为, 提出堆危险指标作为特征;最后, 从Alexa和Virus Share收集了500个网页样本作为数据集, 用机器学习方法训练分类模型\Alexa和Virus Share收集了500个网页样本作为数据集
最后在COAE2014数据集和微博语料数据上进行实验, 取得了比普通卷积神经网络、结合情感信息的卷积神经网络和传统分类器更好的性能\COAE2014数据集
最后在COAE2014数据集和微博语料数据上进行实验, 取得了比普通卷积神经网络、结合情感信息的卷积神经网络和传统分类器更好的性能\微博语料数据
在拟南芥的生物和非生物胁迫响应相关的微阵列数据集上的实验结果表明:在准确率方面, 提出的方法与现有的集成方法相比最多可以提高12%\拟南芥的生物和非生物胁迫响应相关的微阵列数据集
该方法在GTZAN数据集上进行了相关实验, 实验结果表明本文所提出的方法能够取得较好的分类准确率\GTZAN数据集
在复旦语料上的实验结果表明, 基于词向量的特征选择分类效果相对于传统的特征选择得到了改善\复旦语料
目前, 大多数文本特征抽取算法是针对特征词集进行抽取的, 由于文本数据量大, 且内容描述具有多义性和复杂性, 以词为单元的特征抽取结果通常存在歧义\特征词集
实验表明, 双效分类思想有效, 其在心脏肥大数据集上的诊断结果优于同类算法\心脏肥大数据集
所提方法在Kodak数据库上的平均标注准确率达到了35.81%, 与标准的支持向量机 (S-SVM) 领域适应支持向量机 (DASVM) 、异构直推式迁移学习 (HTTL) 、跨领域的结构化模型 (CDSM) 、领域选择机 (DSM) 、异构源域下的多领域适应 (MDA-HS) 和判别性相关分析 (DCA) 方法相比分别提高了58.03%、23.06%、45.04%、6.70%、15.52%、13.07%和6.74%;而在哥伦比亚用户视频 (CCV) 数据库上达到了20.73%, 分别相对提高了133.71%、37.28%、14.34%、24.88%、16.40%、20.73%和12.48%\Kodak数据库
所提方法在Kodak数据库上的平均标注准确率达到了35.81%, 与标准的支持向量机 (S-SVM) 领域适应支持向量机 (DASVM) 、异构直推式迁移学习 (HTTL) 、跨领域的结构化模型 (CDSM) 、领域选择机 (DSM) 、异构源域下的多领域适应 (MDA-HS) 和判别性相关分析 (DCA) 方法相比分别提高了58.03%、23.06%、45.04%、6.70%、15.52%、13.07%和6.74%;而在哥伦比亚用户视频 (CCV) 数据库上达到了20.73%, 分别相对提高了133.71%、37.28%、14.34%、24.88%、16.40%、20.73%和12.48%\哥伦比亚用户视频 
所提方法在Kodak数据库上的平均标注准确率达到了35.81%, 与标准的支持向量机 (S-SVM) 领域适应支持向量机 (DASVM) 、异构直推式迁移学习 (HTTL) 、跨领域的结构化模型 (CDSM) 、领域选择机 (DSM) 、异构源域下的多领域适应 (MDA-HS) 和判别性相关分析 (DCA) 方法相比分别提高了58.03%、23.06%、45.04%、6.70%、15.52%、13.07%和6.74%;而在哥伦比亚用户视频 (CCV) 数据库上达到了20.73%, 分别相对提高了133.71%、37.28%、14.34%、24.88%、16.40%、20.73%和12.48%\CCV
征集15名健康男青年进行sEMG信号采集实验, 建立sEMG信号库, 提取特征进行分类实验\sEMG信号库
实验结果表明, 该方法在真实条件下的人脸数据集Yale和经典的FERET数据集上的性能优于当前主流的无监督特征学习方法\人脸数据集
实验结果表明, 该方法在真实条件下的人脸数据集Yale和经典的FERET数据集上的性能优于当前主流的无监督特征学习方法\Yale
实验结果表明, 该方法在真实条件下的人脸数据集Yale和经典的FERET数据集上的性能优于当前主流的无监督特征学习方法\FERET数据集
在MSR Action3D数据集上进行了测试, 得到了96.3%的识别率, 不但超过了基于超法向量特征方法的识别率和基于深度运动图的梯度方向直方图特征方法的识别率, 而且也超过了其他方法的识别率\MSR Action3D数据集
实验结果表明, 该模型在特定的数据集上具有较高的准确率, 能够高效地识别视频人物语义\特定的数据集
在20news数据集上的实验结果表明, 所提方法具有更好的词向量嵌入式效果, 并且在文本分类中也具有更好的效果\20news数据集
在20组UCR时间序列数据集上的实验表明, 所提SAX＿SM方法在13个数据集中获得了最高的分类准确率 (包含并列最大的) , 而SAX只在6个数据集中获得了最高的分类准确率 (包含并列最大的) , 因此SAX＿SM具有比SAX更优的分类效果\20组UCR时间序列数据集
基于人工合成数据集和真实数据集的实验表明, 在同等标注代价下, 基于自适应稀疏邻域重构的主动学习算法在分类精度和鲁棒性上具有较高的性能\人工合成数据集
基于人工合成数据集和真实数据集的实验表明, 在同等标注代价下, 基于自适应稀疏邻域重构的主动学习算法在分类精度和鲁棒性上具有较高的性能\真实数据集
在Youtube2Text数据集上的实验结果表明, 无论是采用均值特征还是最大值特征, 其模型性能与基准模型相比均得到了改善, 尤其是使用Res Net-152和最大值方式, 其B@4和CIDEr分别达到了47.1%和34.1%\Youtube2Text数据集
在复旦大学中文文本分类语料库数据集上的测试结果表明, 改进后的权重计算方法优于传统的权重计算方法\复旦大学中文文本分类语料库
在真实数据集上进行实验, 实验结果表明, 该模型能够有效提高短文本关键词抽取的效果\真实数据集
首先, 根据姿态人脸分布规律, 将姿态人脸非线性流形空间划分为不同流形层和局部子空间, 针对局部子空间内姿态人脸定义人脸底层特征构建方法, 实现姿态变化人脸样本扩充\姿态变化人脸样本
在12个UCI数据集上的实验结果表明, 所提出的基于属性约简的集成邻域分类策略不仅能够有效地提升邻域分类器的分类精度, 而且亦能增强邻域分类结果的鲁棒性\12个UCI数据集
针对本文所提出的算法, 和几种经典学习算法, 在人工合成和真实数据集上进行了广泛的对比实验\人工合成和真实数据集
与其他2个算法在10个数据集上进行了实验比较, 实验结果及对实验结果的统计分析显示提出的算法在分类精度上优于这2种算法\10个数据集
弹幕文本数据的产生, 为短文本处理和实时数据处理提供了新的素材\弹幕文本数据
首先将弹幕文本数据进行收集和预处理, 然后计算这些文本的情感值\弹幕文本数据
针对弹幕文本口语化的特点, 建立了网络弹幕常用词词典\网络弹幕常用词词典
在SemEval 2010 Task 8公共数据集上的实验表明, 该模型获得了86.2%的得分, 优于其他方法\SemEval 2010 Task 8公共数据集
所提模型通过预学习大量无标注样本的语义空间分布可以明显提高在小规模标注样本环境下的语义匹配准确率\小规模标注样本
在深度学习框架Caffe上使用人像数据集FaceScrub进行实验\数据集FaceScrub
实验结果表明, 在15个UCR数据集上, UDTW度量方法与传统DTW度量方法相比具有更高的分类准确率, UDTW在其中3个数据集上能实现100%分类正确;与导数DTW (DDTW) 度量方法相比, UDTW分类准确率最多提高了71.8%, 而PLM-UDTW在不影响分类准确率的前提下执行时间减小了99%\15个UCR数据集
在5款开源软件中对近600多个克隆实例进行实验, 实验结果表明所提方法为每个目标系统推荐克隆重构实例时达到80%的精度\600多个克隆实例
方法验证采用两组Terra SAR-X单极化SAR数据, 与基于HIS的颜色编码方法对比, 该颜色特征编码方法生成的伪彩图信息熵得到了很大提升, 且两组数据每类地物的分类精度都大幅度提高, 因此证明了所提算法保留了更多的细节信息, 获取更多的颜色信息, 更利于可视化和地物分类, 从而表明提出的颜色特征编码方法是可行的\Terra SAR-X单极化SAR数据
实验结果表明, 与传统回归方法相比, 所提方法有更高的对齐精度, 特别是在AFW数据集 (68个特征点) 上提高了24个百分点;在10万级别的大数据集 (5个特征点) 上, 所提方法的鲁棒性比基于深度学习的方法高12个百分点\AFW数据集
通过对国际公共数据集MESSIDOR进行糖网分级评估实验, 所提方法获得平均准确率为90.2%, 与经典的半监督学习的Co-training方法相比提高了4.9个百分点\国际公共数据集MESSIDOR
实验在MSRAction3D和MSRGesture3D公开数据集上达到了93.80%和95.83%的识别率, 且训练速度较传统方法有明显提升, 证明了该方法的有效性和鲁棒性\MSRAction3D
实验在MSRAction3D和MSRGesture3D公开数据集上达到了93.80%和95.83%的识别率, 且训练速度较传统方法有明显提升, 证明了该方法的有效性和鲁棒性\MSRGesture3D公开数据集
在中文情感语音库的实验结果表明, 与传统基于SVM分类方法的语音情感识别进行对比, 该方法可将六种情感的平均识别率提高6.5%\中文情感语音库
在新闻数据库上对Db LDA及LDA进行了训练和测试, 实验结果验证了Db LDA拥有更好的模型效果\新闻数据库
实验结果表明:相比之前的研究方法, 提高了在同一篇文章中实体识别的一致性, 并在BioCreative IV评测中的CHEMDNER数据集上取得了更好的结果 (F值为90\CHEMDNER数据集
在Haxby数据集上的实验结果表明, 使用RNN提取fMRI数据时序特征可有效提升模型分类准确率, 并且加入休息态无标注数据后, 模型分类性能得到了进一步提升\Haxby数据集
使用了Per-Coordinate学习率, 对每个特征的学习率分别考虑, 与全局学习率相比更具优势;提出一个在线多任务学习的网络流量分类框架, 通过多个网络流之间的信息共享, 提取一组拥有良好判别能力的共同特征子集;在实验部分构造了一个基于真实的骨干网网络流量的MAWI数据集, 并通过对比实验对提出的算法及分类框架进行验证\MAWI数据集
由于人脸库中人脸样本的数目有限, 远远不能够满足实际生活中人脸识别的需要\人脸库
实验结果表明, 新算法能够在ORL和FERET人脸数据库上获得更好的人脸识别率, 具有较好的人脸描述能力\ORL和FERET人脸数据库
在扩展的Yale B和AR人脸数据库上的实验表明, 本文提出的算法在单样本的情况下也有较高的识别率\扩展的Yale B和AR人脸数据库
一方面, 该方法在整个短文本语料库中利用两个共现词之间距离计算它们的共现距离相关度\短文本语料库
首先, 在粗粒度图像数据集上进行深度模型预训练;然后, 使用细粒度图像数据集对预训练模型logits层进行不确切监督学习, 使其特征分布向新数据集特征分布方向迁移;最后, 将迁移模型导出, 在对应的测试集上进行测试\粗粒度图像数据集
实验结果表明, 在STANFORD DOGS、CUB-200-2011、OXFORD FLOWER-102细粒度图像数据集上, DMT分类方法的分类准确率分别达到72.23%、73.33%和96.27%, 验证了深度模型迁移方法在细粒度图像分类领域的有效性\STANFORD DOGS
实验结果表明, 在STANFORD DOGS、CUB-200-2011、OXFORD FLOWER-102细粒度图像数据集上, DMT分类方法的分类准确率分别达到72.23%、73.33%和96.27%, 验证了深度模型迁移方法在细粒度图像分类领域的有效性\CUB-200-2011
实验结果表明, 在STANFORD DOGS、CUB-200-2011、OXFORD FLOWER-102细粒度图像数据集上, DMT分类方法的分类准确率分别达到72.23%、73.33%和96.27%, 验证了深度模型迁移方法在细粒度图像分类领域的有效性\OXFORD FLOWER-102细粒度图像数据集
选用Deep Fashion数据库进行相关实验, 结果显示自适应池化模型的识别率达到83%左右, 与最大值池化模型相比提高约2.5%\Deep Fashion数据库
为了验证所提方法的有效性, 在三维人体骨架序列行为数据集MSR Action3D上进行了实验, 实验结果表明该方法的识别率为94.9%, 并且高于其他方法的识别率\数据集MSR Action3D
实验首先对原始的公开数据集Leaves和苹果表面病变数据集进行分类识别测试, 分别得到84%和78%的准确率\公开数据集Leaves
实验首先对原始的公开数据集Leaves和苹果表面病变数据集进行分类识别测试, 分别得到84%和78%的准确率\苹果表面病变数据集
然后对数据增强后的数据集再进行测试, 公开数据集leaves的准确率为86%, 准确率提高了2%, 苹果表面病变数据集的准确率为83%, 准确率提高了5%\数据集leaves
然后对数据增强后的数据集再进行测试, 公开数据集leaves的准确率为86%, 准确率提高了2%, 苹果表面病变数据集的准确率为83%, 准确率提高了5%\苹果表面病变数据集
测试结果表明, 通过数据增强处理后, 公开数据集Leaves和苹果表面病变数据集在该网络上的识别准确率都有了一定的提升\公开数据集Leaves
测试结果表明, 通过数据增强处理后, 公开数据集Leaves和苹果表面病变数据集在该网络上的识别准确率都有了一定的提升\苹果表面病变数据集
以中文酒店评论数据集作为语料进行实验, 结果表明该方法能让机器学习算法更加充分地利用规则特征, 相比单纯地使用规则方法或机器学习方法, 能够达到更好的分类性能, 进一步提高分类精度\中文酒店评论数据集作
最后在数据集LETOR4.0上进行实验, 结果表明新算法排序性能明显提高\数据集LETOR4.0
在UTKinect-Action3D, MSR-Action 3D和Florence 3DActions 3个数据库上对本研究所提特征和框架进行实验, 结果表明, 所提框架在3个行为数据库上的识别正确率分别达到了97.5%, 93.1%, 91.7%, 从而证明了该行为识别框架的有效性\UTKinect-Action3D
在UTKinect-Action3D, MSR-Action 3D和Florence 3DActions 3个数据库上对本研究所提特征和框架进行实验, 结果表明, 所提框架在3个行为数据库上的识别正确率分别达到了97.5%, 93.1%, 91.7%, 从而证明了该行为识别框架的有效性\MSR-Action 3D
在UTKinect-Action3D, MSR-Action 3D和Florence 3DActions 3个数据库上对本研究所提特征和框架进行实验, 结果表明, 所提框架在3个行为数据库上的识别正确率分别达到了97.5%, 93.1%, 91.7%, 从而证明了该行为识别框架的有效性\Florence 3DActions 3个数据库
首先, 通过分析人脸图像的多个区域特征随年龄变化的规律, 将面部分为前额区域、眼部区域、面中部区域及人脸整体区域, 并分别构建深度卷积神经网络特征提取模型, 实现每个区域年龄的特征提取;其次, 以Morph人脸库为样本集, 将其划分为1019岁、2029岁、3039岁、4049岁、5059岁、60岁以上6个年龄段, 完成多区域年龄特征提取网络模型的训练及测试;最后, 依据多区域网络年龄特征分类的准确率, 确定基于区域的动态权值年龄估计模型\Morph人脸库为样本集
实验表明:所提模型在Morph人脸库中的年龄估计准确率达到72.6%, 也将该人脸库的年龄分类类别由4个提升到6个\Morph人脸库
在新闻文本数据集上的实验表明, 该方法可以获得更高的准确率和稳定性\新闻文本数据集
但是人群样本的数据规模很小, 深层次的网络很难得到较优解\人群样本的数据
在标准数据集PETs2009上的实验结果表明, 相比于现有的手工特征, 卷积特征具有更好的效果\PETs2009
实验结果表明, 对于3种静脉样本数据库, 所提识别算法的错误接受率与错误拒绝率分别可以达到0.02与0.03;此外, 其2.89s的识别时间可以满足实时性要求\3种静脉样本数据库
在标准mnist数据集和cifar10数据集上, 能够剪除90%以上的全连接层单元, 而模型分类准确率没有明显下降\标准mnist数据集
在标准mnist数据集和cifar10数据集上, 能够剪除90%以上的全连接层单元, 而模型分类准确率没有明显下降\cifar10数据集
在中医临床采集的经络电阻数据上的实验结果显示, WML-GkNN算法提高了分类性能\经络电阻数据
最后, 通过在USTB-SV1K数据库对多方向文本的仿真测试, 验证了算法在计算效率和计算精度上的优势\USTB-SV1K数据库
在Eclipse等4个不同的开源项目数据集上的实验结果表明, DeepTriage较之同类工作在缺陷分派预测准确率上有显著提升\Eclipse
实验结果表明, 所提出的模型优于其他神经网络模型, 并在BioScope生物医学语料上取得了良好性能\BioScope生物医学语料
其中, 在Abstracts子语料上的不确定和否定作用范围识别精确率分别达到86\Abstracts子语料
针对现有蝴蝶识别研究中所用数据集蝴蝶种类偏少, 且只含有蝴蝶标本照片、不含生态环境中蝴蝶照片的问题, 发布了一个同时包含标本照片和生态照片的蝴蝶图像数据集, 其中标本照片包含全部中国蝶类志蝴蝶种类, 共计4 270张照片、1 176种, 蝴蝶生态环境下照片1 425张、111种\蝴蝶图像数据集
实验去除只含有单张生态照片的蝴蝶种类, 对剩余的蝴蝶生态照片进行5-5划分, 构造2种不同训练数据集:一半生态照片+全部模式照片、一半生态照片+对应种类模式照片;训练3种不同网络结构的蝴蝶自动识别系统, 以平均精度均值 (mean average precision, mAP) 为评价指标, 采用上下、左右翻转、不同角度旋转、加噪、不同程度模糊、对比度升降等9种方式扩充训练集\一半生态照片+全部模式照片
实验去除只含有单张生态照片的蝴蝶种类, 对剩余的蝴蝶生态照片进行5-5划分, 构造2种不同训练数据集:一半生态照片+全部模式照片、一半生态照片+对应种类模式照片;训练3种不同网络结构的蝴蝶自动识别系统, 以平均精度均值 (mean average precision, mAP) 为评价指标, 采用上下、左右翻转、不同角度旋转、加噪、不同程度模糊、对比度升降等9种方式扩充训练集\一半生态照片+对应种类模式照片
鉴于此, 提出了一种面向短文本分析的分布式表示模型——词对主题句向量模型 (biterm topic paragraph vector, BTPV) , 该模型通过将词对主题模型 (biterm topic model, BTM) 得出的主题信息融入Paragraph Vector中, 不仅使得模型训练过程中利用到了全局语料库的信息, 而且还利用BTM显性的主题表示完善了Paragraph Vector隐性的空间向量\全局语料库
实验采用爬取到的热门新闻评论作为数据集, 并选用K-Means聚类算法对各模型的短文本表示效果进行比较\热门新闻评论作为数据集
在4个标准多标签数据集上的实验结果表明, 提出的算法能够探究标签之间的依赖关系和处理标签缺失问题, 且其性能优于当前基于神经网络的多标签学习算法\标准多标签数据集
在AR, Extended Yale B, CMU PIE和FERET四个数据集上的人脸识别实验验证所提方法的优越性\AR
在AR, Extended Yale B, CMU PIE和FERET四个数据集上的人脸识别实验验证所提方法的优越性\Extended Yale B
在AR, Extended Yale B, CMU PIE和FERET四个数据集上的人脸识别实验验证所提方法的优越性\CMU PIE
在AR, Extended Yale B, CMU PIE和FERET四个数据集上的人脸识别实验验证所提方法的优越性\FERET
首先利用基于语义相似度的数据平衡方法来均衡数据集;然后采用否定扩散的手段, 协助模型对包含否定词的微博进行情感转移;最后模型利用大量无标注的微博语料进行无监督的词向量训练;同时对构建的微博的向量表示进行情感分类\来均衡数据集
本论文分别在CMU PIE和FERET人脸库上进行了实验, 实验结果证明了所提方法对姿态变化的有效性\CMU PIE
本论文分别在CMU PIE和FERET人脸库上进行了实验, 实验结果证明了所提方法对姿态变化的有效性\FERET人脸库
为分析某个基于脑电图的大脑编码的多媒体情感标签标注中音频信号的重要性, 情感计算公开数据库DEAP被用作测试基准\DEAP
基于DEAP数据库的多媒体刺激, 共提取了音频特征和三类视频特征\DEAP数据库
该模型通过设置虚拟的基核, 将正则化参数融入基核权重求解过程中;同时, 通过将特征空间类内散度集成到多核优化目标函数中, 在最小化训练误差的同时, 使得同一模式的故障样本更加集中, 有效提升了故障模式间的辨识力\故障样本
该模型分别从恶意域名所在语句的上下文单词、短语进行语义分析, 并利用自然语言处理技术自动生成描述恶意域名的语料\恶意域名的语料
通过该模型对公开的APT (Advanced Persistent Threat) 分析文档数据提取了大量恶意域名语料数据\APT
通过该模型对公开的APT (Advanced Persistent Threat) 分析文档数据提取了大量恶意域名语料数据\恶意域名语料数据
以ACE2005的语料作为实验数据, 将三支决策两阶段分类结果与传统SVM方法分类结果进行比较, 实验结果表明, 基于三支决策的两阶段实体关系抽取方法取得了很好的分类效果\ACE2005
该方法在LIVE和IVP视频数据库上的实验结果表明, 提出的方法相较当前文献报道方法, 有着更好的性能\LIVE
该方法在LIVE和IVP视频数据库上的实验结果表明, 提出的方法相较当前文献报道方法, 有着更好的性能\IVP视频数据库
针对这一问题, 提出一种特征处理方法:利用基于主成分分析 (PCA) 的特征重组方法扩展数据集, 然后在扩展后的数据集上进行排序算法隐含的特征选择\主成分分析 (PCA) 的特征重组方法扩展数据集
在LETOR4.0数据集 (MQ2007, MQ2008) 上基于排序评测函数对List Net排序算法进行验证\LETOR4.0数据集
在LETOR4.0数据集 (MQ2007, MQ2008) 上基于排序评测函数对List Net排序算法进行验证\MQ2007
在LETOR4.0数据集 (MQ2007, MQ2008) 上基于排序评测函数对List Net排序算法进行验证\MQ2008
该算法首先利用卡方检验样本间关联程度后自助采样, 并设计出一种特征对类代表强弱程度的计算方法;然后引入自适应稀疏约束机制Group LASSO优化特征的选择;最后在Spark分布式计算平台利用UCI数据集进行实验, 结果表明, 相比传统的RF算法, SARFFS算法在特征子集选择上具有更好的性能, 在F1上提升将近9%\UCI数据
在NLPCC-2016任务4的语料上进行实验, F1值达72.2%, 优于参赛团队的最佳成绩\NLPCC-2016任务4的语料
实验选取1500个音频文件作为数据集, 其中负向和非负向数据集均为750个\1500个音频文件作为数据集
在UCI数据集上的实验结果表明, NKSMOTE算法具有更好的分类性能\UCI数据集
实验结果表明, 提出的分类方法较其他几种方法可以取得更好的分类效果, 在天宫一号和KSC数据上的总体分类精度分别可达到95.74%和96.84%, Kappa系数分别可达到0.9476和0.9646\天宫一号和KSC数据
实验表明, 基于差异性随机子空间集成的模型在使用较少的基学习器时依然能获得较好的性能, 尤其在具有很高的特征-样本比的数据集上\特征-样本比的数据集
通过与多种集成方法在UCI数据库的8组数据集上的实验对比, 证明了所提方法的可行性\UCI数据库
该算法在数据集20-Newsgroups上分别与传统的KNN算法和改进的KNN算法做对比实验, 实验结果表明, 该算法能够明显提高KNN算法的分类性能和分类速度\数据集20-Newsgroups
实验阶段, IFSFOA使用SVM, J48和KNN分类器指导学习过程, 通过机器学习数据库UCI上的小维、中维、高维数据集进行测试\数据库UCI
实验阶段, IFSFOA使用SVM, J48和KNN分类器指导学习过程, 通过机器学习数据库UCI上的小维、中维、高维数据集进行测试\小维、中维、高维数据集
文中算法 (LSBC算法) 在300-W (68-pts) 和Helen (194-pts) 数据库下的误差 (瞳孔间距归一化误差) 分别为4\300-W (68-pts) 和Helen (194-pts) 数据库
通过对GTSRB交通标志数据集进行测试, 其识别的准确率达到了99.40%\GTSRB交通标志数据集
在ORL人脸数据库上的实验结果表明:与人脸识别经典算法和部分改进算法相比, SLDA算法获得了更高的识别率\ORL人脸数据库
首先, 基于真实的图数据产生若干顶点数和边数相同、但结构特征不同的仿真数据集, 通过实验计算真实图与仿真图之间的相似度, 证明该方法对描述真实大图结构特征的有效性\图数据
首先, 基于真实的图数据产生若干顶点数和边数相同、但结构特征不同的仿真数据集, 通过实验计算真实图与仿真图之间的相似度, 证明该方法对描述真实大图结构特征的有效性\仿真数据集
当点对交换划分算法执行到5万次时, 划分一个有6301个顶点和20777条边的真实图其交叉边数比Hash划分算法降低了54.32%, 划分仿真图数据集中结构特征差异明显的两个图时, 交叉边数分别为6 233和316\仿真图数据集
针对DP-DBSCAN差分隐私算法存在对数据参数输入敏感问题, 将基于密度聚类的OPTICS算法应用于差分隐私保护中, 并提出改进的DP-OPTICS差分隐私保护算法, 对稀疏型数据集进行压缩处理, 对比采用同方差噪声和异方差噪声两种添加噪声方式, 考虑攻击者能够攻破隐私信息的概率, 确定隐私参数ε的上界, 有效平衡了敏感信息的隐私性和数据的可用性之间的关系\稀疏型数据集
真实轨迹数据集上的对比实验结果表明, 提出的HMM-Cluster可有效地挖掘移动对象运动模式, 准确发现交通量过载情况, 具有一定实用价值\真实轨迹数据集
实验结果表明, 对于MC30和RG65测试集, 使用该方法计算的词语相似度值与人工判定值计算得到的Pearson相关系数均达到0.87;此外, 该方法在计算性能和效率上均保持较高水平\MC30
实验结果表明, 对于MC30和RG65测试集, 使用该方法计算的词语相似度值与人工判定值计算得到的Pearson相关系数均达到0.87;此外, 该方法在计算性能和效率上均保持较高水平\RG65测试集
油田产量与股票交易数据实验表明, 所提方法较精确匹配而言, 能够更有效地找到符合用户要求的模式\股票交易数据
然后利用ZBDD的隐式操作, 结合贪心算法的思想, 不断地覆盖更多的组合并缩小未覆盖组合集合, 生成24维覆盖强度的较小测试用例集\24维覆盖强度的较小测试用例集
最后, 通过在3个真实数据集上的实验结果, 验证了提出算法的高效性\真实数据集
以阿里巴巴天池大数据科研平台提供的样本数据对该方法进行验证, 验证结果表明, 该算法有效且可行, 为企业物流调度提供参考模型和求解算法\阿里巴巴天池大数据科研平台提供的样本数据
最后, 在公开真实的知识图谱数据集上分析和验证了所提方法的有效性\知识图谱数据集
随着移动通信技术的发展, 手机基站轨迹数据在分析人类移动规律方面的优势日趋显著\手机基站轨迹数据
基于水果蔬菜中的农药残留模拟数据集, 设计并实现了一个可视分析系统PestResiTGVis, 实验结果表明, 采用TransGraph能够突出重点监管对象、全面地展现关联信息, 从而有效地辅助相关监管部门及分析人员制定决策\农药残留模拟数据集,
处理器设计改变尤其是架构和指令集的变化会导致之前的处理器测试集合部分甚至全部失效, 验证维护成本巨大\处理器测试集
采用该方法在自主生成的数据集与事务处理性能理事会测试基准 (TPC-H) 的标准数据集上进行了多组实验\标准数据集
在“国际智能规划竞赛”的规划问题集上进行了实验, 结果表明了该方法的有效性\“国际智能规划竞赛”的规划问题集
濒危语言口语语料库建立的目的是系统地保存近乎消失的濒危语言, 留存濒危语言的生命力与地方文化, 并且能够对其进行学习与研究\濒危语言口语语料库
濒危语言口语语料库保存的内容主要包括原始声音文件、国际音标标注、汉语对译标注以及汉语翻译标注\濒危语言口语语料库
以濒危语言吕苏语为范例, 深入、全面、系统地研究与建立濒危语言口语语料库, 并对标注语料实现了自动分词与关键词提取的功能, 为后续建立通用濒危语言语料库提供了一个范例\濒危语言口语语料库
该方法首先根据文本库产生蛋白质交互的向量表示;接着根据蛋白质对实例的相似性对实例聚类, 产生提取模式;然后根据提取模式从文本库中找到新的满足条件的蛋白质对实例, 作为候选实例;最后对候选实例对应的蛋白质对进行评估, 并将满足条件的蛋白质对添加到种子集合中\文本库
但是当利用LDA模型对社科文献领域类的文档集进行主题建模时, 由于该建模方法忽略了文档集自身的主题特点, 提取的主题分布是偏向文档中高频词汇, 所以造成最后提取的主题偏离文档的本质意义上的主题、结果不够准确\文档集
随着比特币以及以太坊、超级账本等系统的兴起, 区块链技术受到越来越多的关注\区块链技术
最后, 通过在ORL及AR库上的实验验证了算法的有效性\ORL
最后, 通过在ORL及AR库上的实验验证了算法的有效性\AR库
研究表明, 新模型抓住了多层缺陷的关联效应, 很好地拟合了缺陷数据集, 且优于传统模型\缺陷数据集
为了同时挖掘评论数据中所谈论的方面以及评论者对这个方面的观点, 用于指导消费者的消费和生产厂家对商品的改进, 面向电影评论数据提出了一个标签方面情感联合模型\电影评论数据
通过将传统基于词典的方法和模型联合使用, 在COAE2016任务2的电影评论数据集上进行测试, 实验结果表明, 此方法取得了较好的结果\COAE2016任务2的电影评论数据集
真实出租车数据集上的实验结果表明, 本文方法能准确有效地聚类相似轨迹并获取典型的出租车行驶轨迹\出租车数据集
最后, 以西门子测试程序集为测试数据, 对比了不同方法对故障定位的效果和效率的影响, 其结果表明所提出的方法可以有效地提高故障定位的效果和效率\西门子测试程序集
实验结果表明, 该模型在服务自然语言文本测试集上, 时间信息抽取准确率高达97.58%, 时间信息映射准确率高于85%, 语义建模效果良好\服务自然语言文本测试集
首先, 根据用户对位置访问的频次设置频繁位置并为每个用户建立频繁位置集合;然后按照背景知识的不同, 将频繁位置的子集组成超边, 把不满足匿名参数k的超边以用户偏离和位置偏离最小值为优化目标进行超边重组;最后, 通过仿真实验表明, 与 (k, m) -anonymity算法相比, 在频繁位置为3的情况下, 该算法在Gowalla数据集上用户偏离度以及位置偏离度分别平均降低了约19.1%和8.3%, 在Brightkite数据集上分别平均降低了约22.2%和10.7%, 因此所提算法能够有效保护频繁位置的同时降低用户和位置偏离度\Gowalla数据集
首先, 根据用户对位置访问的频次设置频繁位置并为每个用户建立频繁位置集合;然后按照背景知识的不同, 将频繁位置的子集组成超边, 把不满足匿名参数k的超边以用户偏离和位置偏离最小值为优化目标进行超边重组;最后, 通过仿真实验表明, 与 (k, m) -anonymity算法相比, 在频繁位置为3的情况下, 该算法在Gowalla数据集上用户偏离度以及位置偏离度分别平均降低了约19.1%和8.3%, 在Brightkite数据集上分别平均降低了约22.2%和10.7%, 因此所提算法能够有效保护频繁位置的同时降低用户和位置偏离度\Brightkite数据集
实验选取200个JavaScript资源文件作为实验样本, 利用中间人攻击的方式污染其中100个样本, 在访问这些资源的同时启用防御脚本, 分析污染样本的检测率和正常样本的误判率\200个JavaScript资源文件
实验采用近11年上证180指数成份股的数据作为测试数据集, 对白三兵和黑三鸦这两个模式的盈利能力进行分析\测试数据集
使用来自于京东商城的真实评论数据集对所提方法进行了综合验证\京东商城的真实评论数据集
最后, 利用大众点评美食推荐实际问题和数据, 验证了所提出方法的有效性和可行性\大众点评美食推荐实际问题和数据
采用一家医疗中心的电子病历数据, 提取高血压患者服用的药物的时序关系作为药物序列数据集\药物序列数据集
对大规模数据集的测试结果验证了提出并发构图方法的性能\大规模数据集
在CDnet2014 (ChangeDetection.net 2014) 数据集上的测试结果表明, 改进后的方法相比PBAS分割精度更高, 能够很好地去除鬼影和阴影\CDnet2014 (ChangeDetection.net 2014) 数据集
最后, 基于PubChem数据集, 通过比较算法在求解查询结果的时间消耗, 验证所提出算法的高效性及可扩展性\PubChem数据集
最后, 实现了基于GPU的RDF类型同构算法, 并在基准数据集LUBM上对该算法进行性能测试, 实验结果表明:该算法显著优于基于CPU架构的算法\LUBM
利用真实用电数据, 构造了多组仿真实验对此方法进行评测\真实用电数据
本文方法在两个公开发布的人体动作数据集 (KARD数据集和CAD60数据集) 上进行实验, 实验结果表明所提出的使用3D骨架片段表示的方法适用于人体动作识别\人体动作数据集
基于在北京地区拍摄的20万张照片的时空信息, 使用提出的方法对游客游览北京的模式进行了分析, 验证了该方法的可行性与合理性\北京地区拍摄的20万张照片的时空信息
在公开数据库SUSIG的Visual数据集和Blind数据集对该方法进行了测试, 使用个性化阈值时分别可以得到3.56%和2.44%的等误率\Visual数据集
在公开数据库SUSIG的Visual数据集和Blind数据集对该方法进行了测试, 使用个性化阈值时分别可以得到3.56%和2.44%的等误率\Blind数据集
所提方法在Blind数据集上的等误率比传统的动态时间规划 (DTW) 方法降低了约14.4%\Blind数据集
最后, 采用China Vis2017挑战赛I的数据集进行实验和案例分析, 验证了该方法的可行性和有效性\China Vis2017挑战赛I的数据集
首先, 通过断点回归设计 (RDD) 的方法建立以分歧点和分歧效应为核心的评分系统评价标准;然后, 在一般计算电影线上评分的加权平均方法基础上, 提出加入评价参与率的评分改进方法;最后, 以2014—2016年中国市场上映的全部电影为样本进行实证研究\全部电影
使用在Programmable Web爬取的公共数据集进行相关实验, 用以比较SOAP服务和REST服务的性能表现\Programmable Web爬取的公共数据集
文中提出了一种基于HMM与RBF的混合模型, 创建人类情感语音库, 以还原人类最真实的情感感受, 并利用Flex技术进行情感语音库的动态更新;同时, 运用语料库标注体系, 以标注规范、纠错机制、补充学习作为语料库质量监控手段, 从而保证语料库的完备性\人类情感语音库
该模型首先对SQL代码进行了预处理, 分析语义结构进而提取出代码的特征, 同时进行分词处理;然后构建SQL代码的同义库, 根据同义库将分词后的代码片段进行同义转换;之后运用最长公共子串算法对代码片段进行相似度匹配, 进而赋予各个片段影响因子, 得到代码总的相似度;最后分析人工评分数据制定相应的自动评分策略, 从而评定出SQL代码的分数\SQL代码的同义库
该模型首次构建同义库, 有效地提高了SQL代码的评分效率, 可以达到比较准确的水平, 采用循环匹配也可以对SQL中的长代码进行评分\同义库
为应对控制系统与互联网技术深度融合引发的安全新挑战, 抵御震网病毒、火焰病毒、BlackEnergy等靶向攻击, 针对工业控制系统漏洞挖掘、修复与控制等技术滞后, 以及工业控制安全面临的“难发现、难监测、难防护”等问题, 通过对工业控制系统的理论模型、关键技术、装备研制及测试评估进行研究, 以漏洞挖掘与利用研究为主线, 以理论与体系架构研究和安全技术测试验证平台的建设为基础, 以动态监测防护和主动防御为目标, 以测试样例集的攻防验证与典型示范为应用, 提出了包含工业控制系统漏洞挖掘、深度检测、动态防护、主动防御等的整体安全技术解决方案, 设计并构建了集漏洞挖掘、验证评估、动态防护、主动防御于一体的工业控制系统安全技术体系\测试样例集
在人工数据集和UCI数据集上验证了LSTSVML1D的有效性\人工数据集
在人工数据集和UCI数据集上验证了LSTSVML1D的有效性\UCI数据集
在伪梯度提升决策树中, 所有决策树分别在原始数据集的Bootstrapping后的数据集上产生, 无须针对每次迭代来对数据集采样\原始数据集
在分布式集群上进行内网防御的实验, 结果表明在一定规模的训练集上, 伪梯度提升决策树具有更好的预测准确度\训练集
采集Stack Overflow网站上2010-2015年的问题帖数据集POST, 并对其进行实验, 同等主题数下采用文本建模中衡量模型性能的评价指标困惑度 (Perplexity) 来度量算法在不同数据集容量维度下的性能\问题帖数据集POST,
最后, 在真实蛋白质数据集上进行实验, 实验结果验证了MPDG算法的有效性\蛋白质数据集
实验验证了该优化方法的正确性和有效性, 在国产申威处理器平台上, 该方法使得标准测试集SPEC 2006获得平均9.34%的性能提升\标准测试集SPEC 2006
在LIVE视频数据上的测试结果表明, 所提模型与视频主观评价有较好的一致性, SROCC与PLCC指标优于VSSIM和VQM两种广泛使用的视频质量评价算法\LIVE视频数据
在新的兴趣度度量的基础上进行了算法设计, 并采用真实数据集进行算法验证\真实数据集
该算法通过对原始数据集的随机取样, 得出样本频繁项集的支持度集合来进行预判筛选, 从而对原始数据集候选项集进行二次剪枝, 并且引入阻尼因子和补偿因子对预判筛选产生的误差进行修正, 以保证算法的误判率和遗漏率\原始数据集
基于Zipf分布数据集和真实数据集, 将所提算法与现有的解决数据倾斜的方法进行对比, 结果证明, 所提策略解决了MapReduce聚类中的数据倾斜问题, 且在稳定性与执行时间上优于Hash和基于采样的动态分区法\Zipf分布数据集和真实数据集
首先分析了基于目的访问控制模型, 对隐私信息集、使用目的以及之间的层次关系进行了形式化定义\隐私信息集
其次给出了隐私信息集标注原则以及步骤, 同时对XACML (extensible access control markup language) 标准组件进行了扩展\隐私信息集
通过小鼠胚胎干细胞 (m ESC) 和红细胞、人类淋巴母细胞系的ChIP-Seq数据集以及ENCODE数据库的数据进行验证, 结果表明所提算法精度和计算速度均高于其他常见的模体发现算法, 并且能够发现超过80%的已知转录因子核心模体及其辅调控因子模体\ChIP-Seq数据集
该算法在保证高精度的同时可以应用到大规模测序数据集\测序数据集
在香港轻轨数据集以及公开的Nordland数据集中, 相对于局部场景特征, 基于提出的关键区域特征的场景匹配方法错误偏差下降31.43%, 同时节约了94.22%的匹配时间;与Seq SLAM场景跟踪算法相比, 在不显著增加运行时间的前提下, 基于关键区域二值化场景特征的场景跟踪正确率提高了9.84%\Nordland数据集
以中国新疆塔里木河流域基础信息为测试数据, 测试结果表明, 通过在地图上多方式查询流域基础信息不仅能满足专业与非专业人士对流域基础信息的获取, 而且能直观高效地展示空间信息, 是一种实用的流域信息获取方式, 基于开源平台的系统设计也降低了开发复杂度和成本\中国新疆塔里木河流域基础信息
分别在渔业数据集和公开数据集上, 对不同维度的语义向量的不同度量方法进行了比较, 结果表明在语义性没有明显变差的情况下, 所提方法的多样性指标较目前最优的度量方法有大幅提高\渔业数据集
基于真实数据集的实验结果表明, 该模型在可信群体预测的准确度、漏检率及Top排序范围方面比现有方法的效果更优\真实数据集
在Extended Yale B, UMBDB和AR 3个人脸数据库上的实验结果表明, 相对于基于K-SVD字典学习方法的GRRC, 基于SVD字典学习方法的GRRC在各种情形下都具有更好的时间性能和识别性能\Extended Yale B
在Extended Yale B, UMBDB和AR 3个人脸数据库上的实验结果表明, 相对于基于K-SVD字典学习方法的GRRC, 基于SVD字典学习方法的GRRC在各种情形下都具有更好的时间性能和识别性能\UMBDB
在Extended Yale B, UMBDB和AR 3个人脸数据库上的实验结果表明, 相对于基于K-SVD字典学习方法的GRRC, 基于SVD字典学习方法的GRRC在各种情形下都具有更好的时间性能和识别性能\AR
在FGNET数据库子集上提出的人脸年龄估计方法的平均绝对误差为4.1岁, 相对于已有的年龄估计方法, 性能得到提升\FGNET数据库子集
针对现有的启发式划分方法对不同特征的程序采用的策略划分, 导致部分程序划分效果较差的问题, 提出利用机器学习方法从TLS样本集中学习线程划分的知识, 并根据程序的特征预测其划分方案, 并利用此划分方案对其进行划分\TLS样本集
最后, 在一些人工数据与真实数据上, 如脑影像数据及股票交易数据, 验证了该模型的有效性\脑影像数据
最后, 在一些人工数据与真实数据上, 如脑影像数据及股票交易数据, 验证了该模型的有效性\股票交易数据
在TREC数据集上的实验显示, 将词向量模型进行扩展词选择的方法与传统的TF-IDF扩展词选择方法相融合, 可以有效提高查询扩展模型的性能, 对于理解用户的查询意图有着很好的促进作用\TREC数据集
利用多种高难度数据集进行仿真实验, 实验结果表明, 所提方法的性能优于其它较新算法\高难度数据集
STAG与UG (uniform grid) , AG (adaptive grid) , Kd-Stand (kd-tree-based standard method) , KdHybrid (kd-tree-based hybrid method) 在真实的大规模空间数据集上实验结果表明:其分割精度以及响应范围查询效果优于同类算法\大规模空间数据集
在TPC-H数据集上进行了大量实验, 实验结果表明, 与Min-Cut算法相比, DPResi算法极大地提高了resilience计算的效率, 并具有较好的扩展性\TPC-H数据集
在SHREC 2010模型配准数据集上对比分析了分层配准算法、推广的多维尺度变换算法 (GMDS) 和博弈论方法在等距变换、孔洞、小孔洞、尺度变换、局部尺度变换、重采样、噪声、散粒噪声以及拓扑变换等情况下的性能\SHREC 2010模型配准数据集
利用真实数据集对所设计算法和所实现平台进行了性能及可行性验证\真实数据集
在数据集ORCHSET上进行仿真实验, 结果表明所提出的改进算法比改进前提高了2.86%的音高估计精度和3.32%的总精度, 可有效解决音高估计问题\数据集ORCHSET
实验证明, 在ShanghaiTech PartA和PartB数据集上, 所提方法 的准确率比之前最好的MCNN方法分别提高了14.58%, 40.53%, 均方根误差分别降低了23.89%, 33.90%\ShanghaiTech PartA
实验证明, 在ShanghaiTech PartA和PartB数据集上, 所提方法 的准确率比之前最好的MCNN方法分别提高了14.58%, 40.53%, 均方根误差分别降低了23.89%, 33.90%\PartB
最后通过4个UCI数据集验证了该模型的性能\UCI数据集
在真实数据集上进行实验, 结果表明Inc＿CFLS算法比目前最好的增量匹配算法在执行效率上平均提升了12倍, 能更有效支持大规模动态图上的模式匹配\真实数据集
在国际通用漏洞披露数据库 (CVE) 和美国国家漏洞数据库 (NVD) 上对该方法进行了实验, 结果表明, 该方法在评估软件漏洞数量、漏洞类型以及漏洞严重程度等指标上十分有效\国际通用漏洞披露数据库
在国际通用漏洞披露数据库 (CVE) 和美国国家漏洞数据库 (NVD) 上对该方法进行了实验, 结果表明, 该方法在评估软件漏洞数量、漏洞类型以及漏洞严重程度等指标上十分有效\美国国家漏洞数据库
在国际通用漏洞披露数据库 (CVE) 和美国国家漏洞数据库 (NVD) 上对该方法进行了实验, 结果表明, 该方法在评估软件漏洞数量、漏洞类型以及漏洞严重程度等指标上十分有效\CVE
在国际通用漏洞披露数据库 (CVE) 和美国国家漏洞数据库 (NVD) 上对该方法进行了实验, 结果表明, 该方法在评估软件漏洞数量、漏洞类型以及漏洞严重程度等指标上十分有效\NVD
在微博数据集上的对比实验表明, 与已有的扩展搜索方法相比所提方法能捕捉更多的语义特征, 微博搜索的性能也得到了显著的提升\微博数据集
基于真实的智能电表数据集和基准测试实验结果表明:VEP能在较低应用观测误差的前提下, 实现物端数据的数量级压缩和多粒度信息存储查询\智能电表数据集
从理论上证明了新方法的可靠性, 从实验上展示了在不丢失学习结构质量的条件下, 新方法的搜索比其他搜索过程显著快而且易扩展到样本量小且稀疏的数据集上\样本量小且稀疏的数据集
大规模的稀疏图数据在现实中大量出现, 例如协同图、拉普拉斯矩阵等\稀疏图数据
大规模的稀疏图数据在现实中大量出现, 例如协同图、拉普拉斯矩阵等\协同图
大规模的稀疏图数据在现实中大量出现, 例如协同图、拉普拉斯矩阵等\拉普拉斯矩阵
该两阶段偏好聚类方法的优点是, 初始数据轮廓的近似获取以及凸的非负矩阵分解, 使得该方法具有较好的鲁棒性和抗噪性;另外, 子空间的数据来源于真实的矩阵行列数据, 使得偏好聚类结果具有良好的可解释性\矩阵行列数据
最后在含有100000条电影的数据集上进行偏好聚类, 结果表明了该聚类算法的有效性\含有100000条电影的数据集
在UCI数据集上的实验结果显示, 该方法在提高聚类结果的结构和F1值方面有较好的效果\UCI数据集
但是该算法由于时空复杂度较高, 不能很好地适应当今社会出现的大型数据集\大型数据集
首先, 把待分类的数据集转换成一个加权的完全图, 每个数据点为一个节点, 两个数据点之间的距离为相应两个节点之间边的权值\待分类的数据集
通过对MIT-BIH数据库的读取和分析, 其结果表明, 该算法比传统遗传K-means算法具有更高的聚类准确度, 与串行聚类算法和Map Reduce计算模型相比, 运行效率也有了较大提升\MIT-BIH数据库
该方法从文档集中运用FP-Growth算法挖掘出频繁词集, 运用频繁词集来表示每个文本从而大大降低了文本维度, 根据文本间相似度建立文本网络, 运用社区划分的算法对网络进行划分, 从而达到文本聚类的目的\频繁词集
实验中运用2个英文语料库Reuters-21578, 20NewsGroup和1个中文语料库——搜狗新闻数据集来测试算法精度\Reuters-21578
实验中运用2个英文语料库Reuters-21578, 20NewsGroup和1个中文语料库——搜狗新闻数据集来测试算法精度\20NewsGroup
实验中运用2个英文语料库Reuters-21578, 20NewsGroup和1个中文语料库——搜狗新闻数据集来测试算法精度\1个中文语料库
实验中运用2个英文语料库Reuters-21578, 20NewsGroup和1个中文语料库——搜狗新闻数据集来测试算法精度\搜狗新闻数据集
基于第3个假设和代表点分值, 构建了一种快速的自适应聚类算法, 该算法将所有样本按照其代表点分值从大到小排序, 形成代表点候选集;然后从代表点候选集中逐个选择代表点, 利用其邻域不断传递标签至整个压缩集;最后采用同样的方法将压缩集中样本的标签扩散至整个数据集, 在此过程中引入抽样, 提高标签传播速度\候选集
基于第3个假设和代表点分值, 构建了一种快速的自适应聚类算法, 该算法将所有样本按照其代表点分值从大到小排序, 形成代表点候选集;然后从代表点候选集中逐个选择代表点, 利用其邻域不断传递标签至整个压缩集;最后采用同样的方法将压缩集中样本的标签扩散至整个数据集, 在此过程中引入抽样, 提高标签传播速度\压缩集
在人工数据集和真实数据集上的实验表明:所提出的算法能够处理任意形状的数据集和大规模数据集, 且不需要指定类别数\人工数据集
在人工数据集和真实数据集上的实验表明:所提出的算法能够处理任意形状的数据集和大规模数据集, 且不需要指定类别数\真实数据集
在人工数据集和真实数据集上的实验表明:所提出的算法能够处理任意形状的数据集和大规模数据集, 且不需要指定类别数\任意形状的数据集
在人工数据集和真实数据集上的实验表明:所提出的算法能够处理任意形状的数据集和大规模数据集, 且不需要指定类别数\大规模数据集
在非簇型人工数据集和UCI标准数据集上的实验证明, 与传统及其他改进K-means算法相比, 本文提出的算法可得到更加合理的初始聚类中心, 能反映任意形状的复杂数据集分布规律, 算法更加稳定、准确\非簇型人工数据集
在非簇型人工数据集和UCI标准数据集上的实验证明, 与传统及其他改进K-means算法相比, 本文提出的算法可得到更加合理的初始聚类中心, 能反映任意形状的复杂数据集分布规律, 算法更加稳定、准确\UCI标准数据集
通过在人工数据集和真实数据集上的对比实验表明, 改进后的数据流聚类算法相较于Clu Stream算法能够得到更高质量的聚类结果\人工数据集
通过在人工数据集和真实数据集上的对比实验表明, 改进后的数据流聚类算法相较于Clu Stream算法能够得到更高质量的聚类结果\真实数据集
最后, 在UCI数据集上比较了CEIGA、PCEIGA和四个先进的聚类融合算法\UCI数据集
首先, 把CFSFDP (Clustering by Fast Search and Find of Density Peaks) 聚类算法扩展到混合型数据集, 定义混合型数据对象之间的距离后利用CFSFDP算法确定出簇中心, 这样也就自动确定了簇的个数, 然后其余的点按照密度从大到小的顺序进行分配\混合型数据集
其次, 研究了该算法中阈值 (截断距离) 及权值的选取问题:对于密度公式中的阈值, 通过计算数据场中的势熵来自动提取;对于距离公式中的权值, 利用度量数值型数据集和分类型数据集聚类趋势的统计量来定义\数值型数据集
其次, 研究了该算法中阈值 (截断距离) 及权值的选取问题:对于密度公式中的阈值, 通过计算数据场中的势熵来自动提取;对于距离公式中的权值, 利用度量数值型数据集和分类型数据集聚类趋势的统计量来定义\分类型数据集
最后通过在三个实际混合型数据集上的测试发现:与传统k-prototypes算法相比, 寻找密度峰值的聚类算法能有效提高聚类的精度\混合型数据集
在典型数据集上进行的实验发现, 相较于传统K-means算法, OICC K-means算法拥有更强的聚类能力, 在准确率、召回率和F-测量值方面均有明显提高\典型数据集
在3个混合属性数据集上对新算法进行了一系列的测试, 实验结果表明新算法的性能优于传统算法\混合属性数据集
基于加权K近邻的密度峰值发现算法 (FKNN-DPC) 是一种简单、高效的聚类算法, 能够自动发现簇中心, 并采用加权K近邻的思想快速、准确地完成对非簇中心样本的分配, 在各种规模、任意维度、任意形状的数据集上都能得到高质量的聚类结果, 但其样本分配策略中的权重仅考虑了样本间的欧氏距离\各种规模、任意维度、任意形状的数据集
在UCI真实数据集上进行实验, 并将所提算法与K-means, DBSCAN, AP, DPC, FKNN-DPC等算法进行对比, 验证了其有效性\UCI真实数据集
将该算法与K-means算法在UCI数据集上进行聚类对比, 其聚类稳定性高于传统K-means算法\UCI数据集
通过在模拟数据集和真实数据集上的仿真实验, 证明了该算法的有效性\模拟数据集
通过在模拟数据集和真实数据集上的仿真实验, 证明了该算法的有效性\真实数据集
最后, 在多个真实的大规模图数据集上进行实验测试, 实验结果验证了算法的准确性、有效性以及可扩展性\大规模图数据集
在研究社交对象间的多维社交关系图数据与传统图结构聚类算法的基础上, 提出了一种有效的子空间聚类算法SCA (subspace cluster algorithm) , 对多维度下子空间的图结构聚类进行研究, 目的是探索如何通过图数据挖掘发现对象间真实的社交关系\多维社交关系图数据
分别采用人工合成二维数据集、四维Iris真实数据集和景区轨迹停留点三种不同的数据进行了DBSCAN聚类分析及对比实验, 结果表明该方法可以自动产生合理的聚簇划分, 优于传统DBSCAN和k-means等算法\人工合成二维数据集
分别采用人工合成二维数据集、四维Iris真实数据集和景区轨迹停留点三种不同的数据进行了DBSCAN聚类分析及对比实验, 结果表明该方法可以自动产生合理的聚簇划分, 优于传统DBSCAN和k-means等算法\四维Iris真实数据集
分别采用人工合成二维数据集、四维Iris真实数据集和景区轨迹停留点三种不同的数据进行了DBSCAN聚类分析及对比实验, 结果表明该方法可以自动产生合理的聚簇划分, 优于传统DBSCAN和k-means等算法\景区轨迹停留点
值得注意的是, 该算法可以使得单个机器在数分钟内对具有数百万样本的数据集进行聚类\数百万样本的数据集
通过模拟数据集和真实数据集的实验, 验证了该算法的上述优点\模拟数据集
通过模拟数据集和真实数据集的实验, 验证了该算法的上述优点\真实数据集
为区分不同的犹豫模糊集, 定义了犹豫模糊元的交叉熵, 通过与其他距离公式得出的结果进行对比, 验证了它的有效性与合理性;由犹豫模糊交叉熵公式, 按照离差最大化算法得出属性权重公式;然后提出犹豫模糊集协相关度的概念, 证明了它与传统相关系数类似的性质, 并将协相关度公式加权;最后把加权的协相关度公式用于犹豫模糊信息下的聚类分析中, 通过比较分析不同文献的聚类结果, 验证了所提聚类算法的可行性与有效性\犹豫模糊集
基于该模型可对字符图像的局部结构进行学习, 实现文本字符的超分辨率重建, 超分辨率重建方法通过对大量无关样本进行局部结构聚类, 使重建过程可以利用局部邻域的结构信息, 并学习大量聚类子样本集里包含的非局部邻域结构信息, 保障重建的鲁棒性\大量聚类子样本集
以密度峰值聚类中心为依据对接收信号强度 (receive signal strength, RSS) 数据进行指纹样本选取, 通过指纹数据库训练随机森林模型, 结合网格搜索和交叉验证技术寻求最优RF定位模型\信号强度
以密度峰值聚类中心为依据对接收信号强度 (receive signal strength, RSS) 数据进行指纹样本选取, 通过指纹数据库训练随机森林模型, 结合网格搜索和交叉验证技术寻求最优RF定位模型\指纹数据库
实验结果表明, DPC算法建立的指纹数据库可靠性高, 优化选择得到的RF模型与单分类回归模型相比, 定位精度得到了提升\指纹数据库
首先给出了固定聚类个数的在线k均值聚类公式;然后, 根据在线k均值聚类量化后数据簇的表示点来划定超平面, 并根据动态超平面推出该哈希算法的哈希函数以及对应的投影向量;最后根据投影向量划分的数据集求得各投影向量的信息熵值, 根据其大小选出最合适的投影向量, 并通过投影向量对数据集进行映射来获取对应的哈希编码\投影向量划分的数据集
实验结果表明, 在UCI数据集和模拟数据集上, 该算法与原始的密度峰聚类算法相比, 准确率、标准化互信息 (NMI) 和F-Measure指标分别平均提高约22.3%、35.7%和16.6%\UCI数据集
实验结果表明, 在UCI数据集和模拟数据集上, 该算法与原始的密度峰聚类算法相比, 准确率、标准化互信息 (NMI) 和F-Measure指标分别平均提高约22.3%、35.7%和16.6%\模拟数据集
在人工数据集和真实数据集上进行了实验, 实验结果表明, 该方法可以有效地改善数据点在低维子空间中的可分性, 为用户提供更好的可视化聚类效果\人工数据集
在人工数据集和真实数据集上进行了实验, 实验结果表明, 该方法可以有效地改善数据点在低维子空间中的可分性, 为用户提供更好的可视化聚类效果\真实数据集
在爬取的5个腾讯新闻评论数据集进行实验, 并与传统的文本表示模型和聚类算法进行对比分析, 结果表明, 所提算法可以有效地提高聚类质量\腾讯新闻评论数据集
大规模有符号图的出现越来越频繁, 虽然之前有很多关联聚类算法被提出, 但是很少算法能够处理规模很大的有符号图\大规模有符号图
大规模有符号图的出现越来越频繁, 虽然之前有很多关联聚类算法被提出, 但是很少算法能够处理规模很大的有符号图\有符号图
在人工数据集和真实数据集上的实验表明, 新算法不仅可以自动确定聚类数目, 而且具有更优的聚类结果\人工数据集
在人工数据集和真实数据集上的实验表明, 新算法不仅可以自动确定聚类数目, 而且具有更优的聚类结果\真实数据集
通过在桂林市2015年的微博签到数据集上进行实验, 相比其他聚类算法, 本文提出的算法在准确率、覆盖率等指标上均有提高\微博签到数据集
本文通过10个UCI数据集和ORL人脸数据库来做对比实验, 然后从准确率、算法时间、聚类个数三个维度去分析, 最终实验结果证明本文所提出的GKAAP聚类准确性更好, 算法时间复杂度更低\UCI数据集
本文通过10个UCI数据集和ORL人脸数据库来做对比实验, 然后从准确率、算法时间、聚类个数三个维度去分析, 最终实验结果证明本文所提出的GKAAP聚类准确性更好, 算法时间复杂度更低\ORL人脸数据库
实验结果表明, 该算法能有效地去除高频噪声, 避免周期划分偏差对步态特征准确性的影响, 经自采和公开数据集实验, 最短响应时间为0\自采和公开数据集
在测试数据集上的实验结果表明, 本文算法的平均聚类精度较传统FJP算法有20%以上的提升, 显著改善了传递闭包的失真问题;另外, 在大型数据集上的计算效率亦优于传统FJP算法的, 说明本文改进FJP算法的思路是有效的、可行的\测试数据集
在测试数据集上的实验结果表明, 本文算法的平均聚类精度较传统FJP算法有20%以上的提升, 显著改善了传递闭包的失真问题;另外, 在大型数据集上的计算效率亦优于传统FJP算法的, 说明本文改进FJP算法的思路是有效的、可行的\大型数据集
实验结果表明, IDPCA算法在21个典型的测试数据集上均有良好的适用性, 而在与DPC算法及另外3种典型聚类算法的性能指标对比上, 其优势更为明显\测试数据集
人工数据集和UCI数据集上的实验结果表明, 在数据集的可视化和聚类效果方面, D-ISOMAP算法较经典的无监督降维算法具有一定的优势\人工数据集
人工数据集和UCI数据集上的实验结果表明, 在数据集的可视化和聚类效果方面, D-ISOMAP算法较经典的无监督降维算法具有一定的优势\UCI数据集
在真实的微博数据集上进行了相关实验, 结果表明WKNMF算法比K均值、隐含狄利克雷分布 (LDA) 、NMF和自组织神经网络 (SOM) 具有更好的聚类质量, 准确度和归一化互信息分别达到了66.38%和66.91%\微博数据集
在同一机型和航段、不同大小的数据集上进行对比实验, 根据起飞重量、巡航高度、实飞距离以及飞行环境等特征对飞机油耗进行精准分类\同一机型和航段、不同大小的数据集
在Letter数据集进行实验, 证明所选取初始簇中心进行K-means聚类具有更好的稳定性、更高的准确率\Letter数据集
最后, 理论分析以及基于真实轨迹数据集的实验结果验证了OCluDTS算法处理大规模分布式轨迹流数据时的有效性和高效性\真实轨迹数据集
通过对人工数据集及真实数据集添加不同噪声强度的高斯白噪声进行系统性实验, 充分表明了所提出模型对于含有噪声和边界点的数据场景具有显著的逼近性能和良好的抗噪能力\人工数据集
通过对人工数据集及真实数据集添加不同噪声强度的高斯白噪声进行系统性实验, 充分表明了所提出模型对于含有噪声和边界点的数据场景具有显著的逼近性能和良好的抗噪能力\真实数据集
基因数据小样本、高维数、高冗余的特点常导致特征基因选择出现“维数灾难”和“过拟合”, 针对这一问题, 提出一种特征基因提取算法——互信息最值过滤原则-惯性权重粒子群优化 (MIMVFC-IWPSO) 算法\基因数据
采用3个公开的肿瘤基因表达谱数据进行实验, MIMVFC正确分类率优于信噪比 (SNR) 、t-检验和信息增益 (IG) 方法, 与卡方统计值 (Chi-Square) 方法接近, 而MIMVFC还能利用IWPSO进一步优化结果\肿瘤基因表达谱数据
通过对调整的Solomon算例测试, 考虑等待时间将造成总费用平均增加约3%, 且更倾向于分批配送\Solomon算例
分批配送能有效降低总费用 (2%) 和减少使用的车辆数 (0.6) ;在部分算例, 特别是R2类算例中, 分批配送能有效降低等待时间, 平均降低0.78%\R2类算例
对于六组benchmark测试用例的实验结果表明, 算法的整体表现优于当前文献中的先进算法\benchmark测试用例
针对矩形块方向固定的情形, 算法对zdf6和zdf7两个问题实例得到了比已有文献记录更优的布局\zdf6
针对矩形块方向固定的情形, 算法对zdf6和zdf7两个问题实例得到了比已有文献记录更优的布局\zdf7
基于炼钢连铸实际生产数据, 随机产生20个算例, 与最新的两种多目标优化算法进行对比分析, 验证了所提算法的优越性\炼钢连铸实际生产数据
通过对Minneapolis的地图基础数据进行路径搜索实验, 结果表明, 改进的A*算法有助于降低最短路径的总行程时间成本, 并且与传统的A*算法搜索消耗的时间效率相似\Minneapolis的地图基础数据
该算法首先从初始种群创建Spark的弹性分布式数据集;然后, 将该数据集划分为多个子种群分布到集群的多个节点中;接着, 各个子种群在各自的节点上计算适应度函数值和独立进化, 并每隔一定的进化代数选择一些个体在各个子种群间迁移, 提高了种群的多样性以及搜索最优解的有效性和性能;最后, 算法返回满足覆盖准则的最优测试用例集\Spark的弹性分布式数据集
基于该方法构建了网络入侵检测系统, 利用KDD CUP 99数据集构造训练集和测试集, 并采用具有混合属性的相异性度量函数, 仿真实验表明该系统性能理想, 并能有效检测出未知攻击\KDD CUP 99数据集
最后, 使用CEC2013的大规模全局优化算法的测试集对新算法进行测试, 通过和其他算法的对比, 验证算法的有效性\CEC2013的大规模全局优化算法的测试集
最后, 算法对cec2014中的单目标优化问题进行了测试, 并将实验结果与已有较好的差分进化算法进行了比较, 实验结果表明了该算法的有效性\cec2014中的单目标优化问题
通过CEC2013的测试集与其他七种PSO算法的比较表明, PSO-SMS算法在解决不同类型的函数优化问题上有着突出的性能表现\CEC2013的测试集
实验中采用标准测试函数对CQPSO算法进行仿真对比, 验证了CQPSO算法性能优于量子PSO算法;采用UCI标准数据库的典型例子进行属性约简测试, 结果表明提出的属性约简方法优于现有约简方法, 其计算速度快、识别精度高\UCI标准数据库
对TSPLIB标准库中若干经典实例进行测试并与粒子群和遗传算法进行对比分析, 结果表明设计的离散蝙蝠算法无论在求解质量还是求解效率上都有明显优势, 是一种高效的优化算法\TSPLIB标准库
在人工数据集与UCI数据集上对新的K-mediods算法与其他算法聚类效果进行比较, 结果表明新的K-mediods算法在聚类准确率和效率上均有所提高, 同时适用于高维数据的聚类\UCI数据集
在人工数据集与UCI数据集上对新的K-mediods算法与其他算法聚类效果进行比较, 结果表明新的K-mediods算法在聚类准确率和效率上均有所提高, 同时适用于高维数据的聚类\人工数据集
在数据集Geo Life上的实验结果表明, 该方法相对于传统马尔可夫模型和高斯混合模型的预测准确率分别提升了约10%和12%\数据集Geo Life
在10 702对酿酒酵母蛋白质对数据集上, 得到97.28%的预测精度, 优于目前现有方法的平均水平, 在独立测试集上同样具有优秀的表现, 实验结果表明, 该方法有效提高了蛋白质相互作用预测的准确率\10 702对酿酒酵母蛋白质对数据集
从SPEC2006等测试集中提取近1000个循环并提取特征构成训练集, 训练循环展开因子预测模型\SPEC2006等测试集
基于郑州市出租车轨迹数据集, 对组合模型与非齐次泊松模型 (NHPM) 、加权非齐次泊松模型 (WNHPM) 、支持向量机 (SVM) 等三种模型进行对比, 实验结果显示PKCPM的误差比WNHPM、SVM分别降低了8.85个百分点、14.9个百分点\郑州市出租车轨迹数据集
在三个现实的合著者网络数据集上的实验结果表明, 该方法的性能要高于静态链接预测方法和一个相关的动态链接预测方法\合著者网络数据集
在NASA软件缺陷预测标准数据集上的实验结果证明了该方法能提高召回率与F-measure值, 改善分类性能\NASA软件缺陷预测标准数据集
分别采用k近邻法和softmax回归建立统计模型, 实验结果表明, 新方法在NPB测试集和大型科学计算程序上实现了较好的预测性能\NPB测试集
在AEEEM数据集上的实验结果表明, 该算法提高了跨项目软件缺陷预测效率\AEEEM数据集
在实证研究中, 以NASA的11个数据集为实验对象, 采用逻辑回归算法构建预测模型, 并采用AUC指标度量不同预测模型的分类性能\NASA的11个数据集
在WSDream真实数据集进行的实验研究表明, 基于时间感知排序的云服务QoS预测方法有更好的预测精度\WSDream真实数据集
针对上述问题, 基于采样方法利用决策树建立软件可维护性预测模型, 并通过UIMS和QUES数据集对模型进行实验验证\UIMS
针对上述问题, 基于采样方法利用决策树建立软件可维护性预测模型, 并通过UIMS和QUES数据集对模型进行实验验证\QUES数据集
结果表明, 与基线方法和现有的可维护性预测方法相比, 文中方法在UIMS数据集和QUES数据集的平均误差率 (MMRE) 分别提高了84%和61%, 且Pred (0.25) 都达到了该评价标准的最优值1, 表明该方法具有更优的综合性能\UIMS数据集
结果表明, 与基线方法和现有的可维护性预测方法相比, 文中方法在UIMS数据集和QUES数据集的平均误差率 (MMRE) 分别提高了84%和61%, 且Pred (0.25) 都达到了该评价标准的最优值1, 表明该方法具有更优的综合性能\QUES数据集
为了验证MOFES方法的有效性, 选择了来自实际开源项目的数据集PROMISE和RELINK, 并且将MOFES方法与一些基准方法 (例如GFS、GBS和SOFS) 进行了比较\PROMISE
为了验证MOFES方法的有效性, 选择了来自实际开源项目的数据集PROMISE和RELINK, 并且将MOFES方法与一些基准方法 (例如GFS、GBS和SOFS) 进行了比较\RELINK
在NASA数据集上进行交叉验证的结果表明, 和几种常见的算法相比, 该方法能够提高有缺陷样本的F-measure值\NASA数据集
在真实的数据集WS-Dream上进行了大量实验, 结果表明, 与经典的CF算法和K-means算法相比, 该方法在较大程度上提高了QoS的预测精度\WS-Dream
